Data from sienaBrucWhite_Reflection__3__57.txt Node;
"Date: Thu Sep 11 17:17:03 CEST 2025 User: sycur";
186,01;-2757,79
186,281;2121,13
186,552;338,1
186,822;351,34
187,093;0
187,364;-509,22
187,635;-143,94
187,905;100,17
188,176;37,48
188,447;32,24
188,717;28,83
188,988;28,63
189,258;31,24
189,529;36,51
189,8;37,73
190,07;37
190,341;34,08
190,611;29,41
190,882;27,65
191,152;27,46
191,423;25,33
191,693;25,44
191,964;24,34
192,234;23,05
192,505;21,24
192,775;20,72
193,045;19,93
193,316;20,12
193,586;19,44
193,856;19,8
194,127;20,15
194,397;19,93
194,667;20,22
194,938;19,24
195,208;18,63
195,478;17,37
195,748;17,02
196,019;17,32
196,289;17,28
196,559;17,03
196,829;16,82
197,099;17,07
197,37;16,35
197,64;15,69
197,91;15,82
198,18;16,01
198,45;15,72
198,72;15,55
198,99;15,11
199,26;14,96
199,53;14,91
199,8;14,2
200,07;13,87
200,34;13,45
200,61;13,55
200,88;13,56
201,15;13,62
201,42;13,54
201,69;13,02
201,96;13,08
202,23;12,67
202,499;12,28
202,769;12,43
203,039;12,33
203,309;12,59
203,579;12,11
203,849;11,97
204,118;11,67
204,388;11,47
204,658;11,19
204,927;11,03
205,197;10,74
205,467;10,48
205,736;10,43
206,006;10,26
206,276;9,99
206,545;9,88
206,815;9,81
207,085;9,51
207,354;9,58
207,624;9,36
207,893;9,14
208,163;9,15
208,432;8,75
208,702;8,64
208,971;8,43
209,241;8,36
209,51;8,2
209,78;8,1
210,049;7,99
210,318;7,93
210,588;7,86
210,857;7,88
211,127;7,89
211,396;7,76
211,665;7,79
211,935;7,81
212,204;7,75
212,473;7,59
212,742;7,61
213,012;7,45
213,281;7,34
213,55;7,4
213,819;7,18
214,088;7,16
214,358;7,09
214,627;6,95
214,896;6,85
215,165;6,8
215,434;6,76
215,703;6,75
215,972;6,61
216,241;6,47
216,51;6,43
216,779;6,39
217,048;6,37
217,317;6,24
217,586;6,15
217,855;6,05
218,124;6,07
218,393;6,04
218,662;6,01
218,931;6,02
219,2;6,07
219,469;6,09
219,738;6,03
220,006;5,95
220,275;5,94
220,544;5,98
220,813;5,91
221,082;5,89
221,35;5,83
221,619;5,79
221,888;5,76
222,157;5,76
222,425;5,69
222,694;5,61
222,963;5,61
223,231;5,58
223,5;5,55
223,769;5,53
224,037;5,47
224,306;5,44
224,574;5,42
224,843;5,32
225,111;5,32
225,38;5,29
225,648;5,27
225,917;5,26
226,185;5,24
226,454;5,25
226,722;5,22
226,991;5,21
227,259;5,22
227,528;5,22
227,796;5,15
228,064;5,15
228,333;5,15
228,601;5,14
228,869;5,1
229,138;5,06
229,406;5,02
229,674;5,04
229,942;5,04
230,211;5,04
230,479;5,04
230,747;5,02
231,015;5,01
231,283;5,02
231,552;5,01
231,82;4,97
232,088;4,93
232,356;4,93
232,624;4,89
232,892;4,88
233,16;4,86
233,428;4,84
233,696;4,82
233,964;4,81
234,232;4,77
234,5;4,77
234,768;4,77
235,036;4,78
235,304;4,74
235,572;4,71
235,84;4,67
236,108;4,66
236,376;4,66
236,644;4,67
236,912;4,62
237,179;4,6
237,447;4,59
237,715;4,59
237,983;4,59
238,251;4,58
238,518;4,57
238,786;4,57
239,054;4,56
239,322;4,55
239,589;4,53
239,857;4,52
240,125;4,51
240,392;4,49
240,66;4,48
240,927;4,48
241,195;4,48
241,463;4,47
241,73;4,47
241,998;4,44
242,265;4,41
242,533;4,41
242,8;4,42
243,068;4,41
243,335;4,39
243,603;4,38
243,87;4,38
244,138;4,36
244,405;4,36
244,672;4,35
244,94;4,36
245,207;4,35
245,474;4,35
245,742;4,34
246,009;4,35
246,276;4,34
246,544;4,33
246,811;4,33
247,078;4,33
247,345;4,31
247,613;4,32
247,88;4,32
248,147;4,32
248,414;4,31
248,681;4,3
248,948;4,31
249,215;4,3
249,483;4,28
249,75;4,29
250,017;4,28
250,284;4,29
250,551;4,27
250,818;4,28
251,085;4,27
251,352;4,26
251,619;4,26
251,886;4,25
252,153;4,25
252,42;4,25
252,687;4,24
252,953;4,25
253,22;4,24
253,487;4,25
253,754;4,24
254,021;4,22
254,288;4,21
254,555;4,21
254,821;4,22
255,088;4,23
255,355;4,21
255,622;4,2
255,888;4,2
256,155;4,21
256,422;4,19
256,688;4,19
256,955;4,2
257,222;4,19
257,488;4,18
257,755;4,18
258,022;4,17
258,288;4,17
258,555;4,15
258,821;4,16
259,088;4,15
259,354;4,15
259,621;4,15
259,887;4,15
260,154;4,14
260,42;4,14
260,687;4,13
260,953;4,13
261,219;4,14
261,486;4,12
261,752;4,12
262,019;4,11
262,285;4,11
262,551;4,11
262,818;4,11
263,084;4,1
263,35;4,09
263,616;4,09
263,883;4,09
264,149;4,11
264,415;4,1
264,681;4,1
264,947;4,1
265,214;4,09
265,48;4,08
265,746;4,08
266,012;4,09
266,278;4,08
266,544;4,07
266,81;4,07
267,076;4,07
267,342;4,06
267,608;4,07
267,874;4,08
268,14;4,08
268,406;4,07
268,672;4,07
268,938;4,08
269,204;4,07
269,47;4,06
269,736;4,04
270,002;4,04
270,268;4,03
270,533;4,04
270,799;4,03
271,065;4,03
271,331;4,03
271,597;4,01
271,862;4,01
272,128;4,01
272,394;4,01
272,66;4,01
272,925;4,01
273,191;4
273,457;3,99
273,722;3,98
273,988;3,99
274,254;3,98
274,519;3,99
274,785;3,99
275,05;4
275,316;4,01
275,582;4
275,847;3,99
276,113;3,99
276,378;3,99
276,644;3,98
276,909;3,98
277,174;3,98
277,44;3,98
277,705;3,99
277,971;3,98
278,236;3,98
278,501;3,98
278,767;3,98
279,032;3,97
279,297;3,97
279,563;3,97
279,828;3,97
280,093;3,96
280,358;3,95
280,624;3,95
280,889;3,94
281,154;3,95
281,419;3,95
281,684;3,93
281,95;3,94
282,215;3,94
282,48;3,95
282,745;3,95
283,01;3,94
283,275;3,93
283,54;3,93
283,805;3,93
284,07;3,92
284,335;3,91
284,6;3,9
284,865;3,91
285,13;3,9
285,395;3,89
285,66;3,89
285,925;3,89
286,19;3,88
286,455;3,87
286,72;3,86
286,985;3,86
287,249;3,87
287,514;3,86
287,779;3,86
288,044;3,87
288,309;3,85
288,573;3,85
288,838;3,85
289,103;3,85
289,367;3,84
289,632;3,84
289,897;3,84
290,161;3,84
290,426;3,84
290,691;3,83
290,955;3,82
291,22;3,83
291,484;3,82
291,749;3,82
292,014;3,82
292,278;3,82
292,543;3,8
292,807;3,81
293,072;3,82
293,336;3,81
293,6;3,79
293,865;3,8
294,129;3,8
294,394;3,8
294,658;3,8
294,922;3,8
295,187;3,8
295,451;3,8
295,715;3,79
295,98;3,8
296,244;3,8
296,508;3,8
296,773;3,79
297,037;3,8
297,301;3,79
297,565;3,79
297,829;3,78
298,094;3,8
298,358;3,79
298,622;3,78
298,886;3,78
299,15;3,78
299,414;3,78
299,678;3,78
299,942;3,77
300,206;3,76
300,47;3,76
300,734;3,76
300,998;3,76
301,262;3,75
301,526;3,73
301,79;3,73
302,054;3,73
302,318;3,73
302,582;3,72
302,846;3,73
303,11;3,73
303,374;3,74
303,637;3,73
303,901;3,72
304,165;3,72
304,429;3,71
304,693;3,71
304,956;3,7
305,22;3,68
305,484;3,68
305,747;3,68
306,011;3,68
306,275;3,66
306,538;3,66
306,802;3,66
307,066;3,66
307,329;3,65
307,593;3,65
307,856;3,64
308,12;3,64
308,384;3,62
308,647;3,61
308,911;3,61
309,174;3,59
309,438;3,59
309,701;3,6
309,964;3,59
310,228;3,59
310,491;3,59
310,755;3,59
311,018;3,59
311,281;3,57
311,545;3,57
311,808;3,57
312,071;3,56
312,335;3,56
312,598;3,56
312,861;3,55
313,124;3,55
313,388;3,54
313,651;3,54
313,914;3,54
314,177;3,54
314,44;3,53
314,704;3,53
314,967;3,52
315,23;3,51
315,493;3,52
315,756;3,51
316,019;3,51
316,282;3,52
316,545;3,52
316,808;3,52
317,071;3,53
317,334;3,53
317,597;3,53
317,86;3,53
318,123;3,52
318,386;3,53
318,649;3,52
318,912;3,53
319,175;3,53
319,437;3,53
319,7;3,53
319,963;3,52
320,226;3,52
320,489;3,52
320,751;3,52
321,014;3,5
321,277;3,51
321,54;3,5
321,802;3,49
322,065;3,47
322,328;3,46
322,59;3,45
322,853;3,44
323,116;3,44
323,378;3,43
323,641;3,42
323,903;3,41
324,166;3,4
324,428;3,39
324,691;3,37
324,953;3,38
325,216;3,37
325,478;3,37
325,741;3,36
326,003;3,36
326,266;3,36
326,528;3,36
326,791;3,36
327,053;3,34
327,315;3,33
327,578;3,34
327,84;3,33
328,102;3,32
328,365;3,32
328,627;3,32
328,889;3,32
329,151;3,33
329,414;3,32
329,676;3,32
329,938;3,3
330,2;3,31
330,462;3,3
330,725;3,29
330,987;3,29
331,249;3,3
331,511;3,29
331,773;3,27
332,035;3,26
332,297;3,25
332,559;3,27
332,821;3,27
333,083;3,27
333,345;3,28
333,607;3,28
333,869;3,28
334,131;3,26
334,393;3,25
334,655;3,24
334,917;3,25
335,179;3,25
335,44;3,25
335,702;3,25
335,964;3,24
336,226;3,24
336,488;3,23
336,749;3,24
337,011;3,25
337,273;3,26
337,535;3,26
337,796;3,26
338,058;3,26
338,32;3,26
338,581;3,25
338,843;3,24
339,105;3,24
339,366;3,25
339,628;3,27
339,889;3,26
340,151;3,26
340,412;3,25
340,674;3,25
340,935;3,26
341,197;3,27
341,458;3,26
341,72;3,26
341,981;3,27
342,243;3,26
342,504;3,25
342,766;3,26
343,027;3,25
343,288;3,25
343,55;3,25
343,811;3,25
344,072;3,25
344,334;3,26
344,595;3,25
344,856;3,24
345,117;3,24
345,379;3,24
345,64;3,25
345,901;3,25
346,162;3,25
346,423;3,23
346,684;3,21
346,946;3,22
347,207;3,22
347,468;3,22
347,729;3,21
347,99;3,2
348,251;3,19
348,512;3,19
348,773;3,19
349,034;3,16
349,295;3,16
349,556;3,16
349,817;3,15
350,078;3,15
350,339;3,16
350,6;3,16
350,86;3,14
351,121;3,13
351,382;3,12
351,643;3,11
351,904;3,12
352,165;3,13
352,425;3,14
352,686;3,15
352,947;3,14
353,208;3,12
353,468;3,12
353,729;3,11
353,99;3,1
354,25;3,09
354,511;3,1
354,772;3,1
355,032;3,09
355,293;3,1
355,553;3,09
355,814;3,07
356,074;3,06
356,335;3,07
356,596;3,08
356,856;3,08
357,116;3,08
357,377;3,09
357,637;3,09
357,898;3,07
358,158;3,06
358,419;3,07
358,679;3,07
358,939;3,06
359,2;3,06
359,46;3,07
359,72;3,08
359,981;3,07
360,241;3,07
360,501;3,07
360,761;3,06
361,022;3,06
361,282;3,07
361,542;3,07
361,802;3,08
362,062;3,07
362,323;3,07
362,583;3,08
362,843;3,06
363,103;3,06
363,363;3,05
363,623;3,04
363,883;3,03
364,143;3,04
364,403;3,06
364,663;3,07
364,923;3,05
365,183;3,05
365,443;3,05
365,703;3,05
365,963;3,06
366,223;3,04
366,483;3,05
366,743;3,04
367,002;3,04
367,262;3,05
367,522;3,05
367,782;3,05
368,042;3,04
368,301;3,04
368,561;3,05
368,821;3,05
369,081;3,05
369,34;3,05
369,6;3,04
369,86;3,03
370,119;3,02
370,379;3,01
370,638;3,02
370,898;3,01
371,158;3,02
371,417;3,01
371,677;3,03
371,936;3,03
372,196;3,05
372,455;3,04
372,715;3,02
372,974;3,03
373,234;3,03
373,493;3,02
373,753;3,02
374,012;3,02
374,271;3,03
374,531;3,03
374,79;3,03
375,049;3,04
375,309;3,05
375,568;3,05
375,827;3,06
376,086;3,06
376,346;3,07
376,605;3,06
376,864;3,05
377,123;3,06
377,383;3,05
377,642;3,04
377,901;3,04
378,16;3,05
378,419;3,04
378,678;3,04
378,937;3,05
379,196;3,06
379,455;3,04
379,714;3,04
379,973;3,04
380,232;3,05
380,491;3,05
380,75;3,05
381,009;3,05
381,268;3,05
381,527;3,06
381,786;3,05
382,045;3,04
382,304;3,04
382,563;3,03
382,821;3,04
383,08;3,03
383,339;3,03
383,598;3,04
383,857;3,03
384,115;3,03
384,374;3,02
384,633;3
384,891;3
385,15;3
385,409;3
385,667;2,99
385,926;3
386,185;2,99
386,443;2,99
386,702;2,99
386,96;2,98
387,219;2,98
387,477;2,97
387,736;2,97
387,994;2,97
388,253;2,95
388,511;2,98
388,77;2,97
389,028;2,96
389,287;2,97
389,545;2,98
389,803;2,99
390,062;3
390,32;3,01
390,578;3,01
390,837;3,02
391,095;3,02
391,353;3
391,612;3,01
391,87;3
392,128;2,99
392,386;3
392,644;3,02
392,903;3,03
393,161;3,03
393,419;3,02
393,677;3,01
393,935;2,99
394,193;2,99
394,451;3,02
394,709;2,99
394,967;2,97
395,225;2,98
395,483;2,98
395,741;2,97
395,999;2,97
396,257;2,98
396,515;2,98
396,773;2,98
397,031;2,98
397,289;2,98
397,547;2,99
397,805;2,98
398,062;2,98
398,32;2,99
398,578;3,01
398,836;3,02
399,094;3,03
399,351;3,05
399,609;3,06
399,867;3,04
400,124;3,06
400,382;3,09
400,64;3,09
400,897;3,1
401,155;3,1
401,413;3,13
401,67;3,13
401,928;3,12
402,185;3,14
402,443;3,14
402,701;3,14
402,958;3,14
403,216;3,16
403,473;3,16
403,73;3,15
403,988;3,15
404,245;3,14
404,503;3,15
404,76;3,14
405,018;3,13
405,275;3,13
405,532;3,12
405,79;3,12
406,047;3,11
406,304;3,09
406,561;3,1
406,819;3,07
407,076;3,07
407,333;3,06
407,59;3,05
407,848;3,06
408,105;3,06
408,362;3,06
408,619;3,04
408,876;3,04
409,133;3,03
409,39;3,04
409,647;3,04
409,904;3,02
410,161;3,02
410,418;3,04
410,675;3,04
410,932;3,05
411,189;3,05
411,446;3,05
411,703;3,07
411,96;3,07
412,217;3,09
412,474;3,09
412,731;3,11
412,988;3,11
413,245;3,1
413,501;3,09
413,758;3,08
414,015;3,1
414,272;3,1
414,529;3,1
414,785;3,09
415,042;3,08
415,299;3,1
415,555;3,1
415,812;3,09
416,069;3,1
416,325;3,09
416,582;3,09
416,838;3,1
417,095;3,09
417,352;3,07
417,608;3,07
417,865;3,07
418,121;3,08
418,378;3,08
418,634;3,09
418,891;3,1
419,147;3,09
419,403;3,09
419,66;3,1
419,916;3,1
420,173;3,11
420,429;3,13
420,685;3,12
420,942;3,13
421,198;3,13
421,454;3,14
421,711;3,15
421,967;3,16
422,223;3,16
422,479;3,16
422,735;3,18
422,992;3,18
423,248;3,18
423,504;3,18
423,76;3,18
424,016;3,17
424,272;3,18
424,528;3,19
424,784;3,2
425,041;3,19
425,297;3,2
425,553;3,2
425,809;3,21
426,065;3,22
426,32;3,22
426,576;3,24
426,832;3,23
427,088;3,21
427,344;3,21
427,6;3,22
427,856;3,22
428,112;3,21
428,368;3,21
428,623;3,22
428,879;3,22
429,135;3,2
429,391;3,21
429,646;3,21
429,902;3,2
430,158;3,2
430,414;3,2
430,669;3,2
430,925;3,21
431,181;3,21
431,436;3,2
431,692;3,2
431,947;3,18
432,203;3,18
432,458;3,19
432,714;3,18
432,97;3,18
433,225;3,17
433,481;3,17
433,736;3,17
433,991;3,18
434,247;3,18
434,502;3,21
434,758;3,22
435,013;3,22
435,268;3,24
435,524;3,25
435,779;3,26
436,034;3,26
436,29;3,26
436,545;3,27
436,8;3,28
437,056;3,28
437,311;3,28
437,566;3,3
437,821;3,3
438,076;3,3
438,331;3,31
438,587;3,3
438,842;3,3
439,097;3,31
439,352;3,33
439,607;3,33
439,862;3,33
440,117;3,33
440,372;3,32
440,627;3,31
440,882;3,31
441,137;3,31
441,392;3,32
441,647;3,31
441,902;3,31
442,157;3,31
442,412;3,32
442,667;3,32
442,921;3,32
443,176;3,32
443,431;3,33
443,686;3,34
443,941;3,35
444,195;3,38
444,45;3,38
444,705;3,38
444,96;3,38
445,214;3,39
445,469;3,39
445,724;3,39
445,978;3,39
446,233;3,4
446,487;3,39
446,742;3,39
446,997;3,4
447,251;3,41
447,506;3,4
447,76;3,41
448,015;3,42
448,269;3,43
448,524;3,43
448,778;3,42
449,033;3,42
449,287;3,43
449,541;3,42
449,796;3,43
450,05;3,41
450,305;3,42
450,559;3,41
450,813;3,41
451,067;3,42
451,322;3,44
451,576;3,45
451,83;3,46
452,084;3,46
452,339;3,47
452,593;3,46
452,847;3,46
453,101;3,47
453,355;3,47
453,609;3,46
453,864;3,47
454,118;3,47
454,372;3,47
454,626;3,47
454,88;3,48
455,134;3,47
455,388;3,48
455,642;3,47
455,896;3,48
456,15;3,48
456,404;3,49
456,658;3,5
456,912;3,5
457,165;3,5
457,419;3,49
457,673;3,48
457,927;3,48
458,181;3,5
458,435;3,51
458,688;3,51
458,942;3,51
459,196;3,5
459,45;3,51
459,703;3,51
459,957;3,52
460,211;3,52
460,464;3,52
460,718;3,52
460,972;3,54
461,225;3,53
461,479;3,52
461,732;3,51
461,986;3,51
462,239;3,51
462,493;3,52
462,746;3,52
463;3,53
463,253;3,55
463,507;3,55
463,76;3,53
464,014;3,53
464,267;3,53
464,52;3,56
464,774;3,57
465,027;3,56
465,28;3,57
465,534;3,56
465,787;3,55
466,04;3,56
466,294;3,54
466,547;3,56
466,8;3,57
467,053;3,57
467,306;3,55
467,56;3,56
467,813;3,56
468,066;3,58
468,319;3,58
468,572;3,58
468,825;3,58
469,078;3,59
469,331;3,61
469,584;3,61
469,837;3,62
470,09;3,62
470,343;3,62
470,596;3,63
470,849;3,64
471,102;3,66
471,355;3,66
471,608;3,69
471,861;3,69
472,114;3,7
472,367;3,69
472,619;3,71
472,872;3,73
473,125;3,74
473,378;3,73
473,631;3,73
473,883;3,75
474,136;3,76
474,389;3,77
474,641;3,76
474,894;3,77
475,147;3,77
475,399;3,77
475,652;3,78
475,905;3,79
476,157;3,79
476,41;3,79
476,662;3,79
476,915;3,79
477,167;3,79
477,42;3,8
477,672;3,82
477,925;3,83
478,177;3,83
478,43;3,83
478,682;3,84
478,934;3,84
479,187;3,84
479,439;3,84
479,691;3,85
479,944;3,86
480,196;3,86
480,448;3,86
480,701;3,87
480,953;3,88
481,205;3,88
481,457;3,89
481,709;3,92
481,962;3,93
482,214;3,95
482,466;3,98
482,718;4,01
482,97;4,05
483,222;4,09
483,474;4,13
483,726;4,16
483,978;4,19
484,23;4,22
484,482;4,23
484,734;4,24
484,986;4,25
485,238;4,26
485,49;4,26
485,742;4,27
485,994;4,28
486,246;4,29
486,498;4,3
486,75;4,3
487,001;4,31
487,253;4,31
487,505;4,31
487,757;4,3
488,009;4,29
488,26;4,27
488,512;4,25
488,764;4,23
489,015;4,21
489,267;4,19
489,519;4,17
489,77;4,16
490,022;4,17
490,274;4,17
490,525;4,18
490,777;4,17
491,028;4,18
491,28;4,19
491,531;4,2
491,783;4,2
492,034;4,21
492,286;4,2
492,537;4,21
492,789;4,22
493,04;4,23
493,291;4,24
493,543;4,25
493,794;4,26
494,045;4,27
494,297;4,27
494,548;4,28
494,799;4,3
495,051;4,31
495,302;4,3
495,553;4,32
495,804;4,32
496,056;4,33
496,307;4,34
496,558;4,35
496,809;4,35
497,06;4,35
497,311;4,36
497,562;4,37
497,813;4,38
498,064;4,38
498,316;4,39
498,567;4,39
498,818;4,39
499,069;4,4
499,319;4,4
499,57;4,41
499,821;4,41
500,072;4,42
500,323;4,42
500,574;4,44
500,825;4,44
501,076;4,46
501,327;4,46
501,577;4,47
501,828;4,47
502,079;4,49
502,33;4,49
502,58;4,5
502,831;4,5
503,082;4,52
503,333;4,53
503,583;4,54
503,834;4,55
504,084;4,55
504,335;4,56
504,586;4,57
504,836;4,57
505,087;4,58
505,337;4,59
505,588;4,59
505,838;4,6
506,089;4,61
506,339;4,62
506,59;4,63
506,84;4,62
507,091;4,64
507,341;4,64
507,591;4,65
507,842;4,65
508,092;4,66
508,343;4,65
508,593;4,66
508,843;4,66
509,093;4,67
509,344;4,67
509,594;4,67
509,844;4,67
510,094;4,68
510,345;4,68
510,595;4,68
510,845;4,69
511,095;4,69
511,345;4,7
511,595;4,7
511,845;4,7
512,095;4,71
512,345;4,7
512,595;4,72
512,845;4,73
513,095;4,73
513,345;4,73
513,595;4,74
513,845;4,74
514,095;4,76
514,345;4,76
514,595;4,78
514,845;4,8
515,095;4,81
515,345;4,82
515,594;4,83
515,844;4,84
516,094;4,85
516,344;4,86
516,593;4,86
516,843;4,85
517,093;4,87
517,343;4,89
517,592;4,9
517,842;4,9
518,092;4,91
518,341;4,92
518,591;4,94
518,84;4,95
519,09;4,96
519,34;4,97
519,589;4,98
519,839;4,97
520,088;4,98
520,338;4,99
520,587;4,99
520,836;4,99
521,086;5
521,335;5,01
521,585;5,03
521,834;5,04
522,083;5,05
522,333;5,05
522,582;5,06
522,831;5,07
523,081;5,08
523,33;5,1
523,579;5,1
523,828;5,11
524,078;5,12
524,327;5,12
524,576;5,14
524,825;5,15
525,074;5,17
525,323;5,18
525,573;5,19
525,822;5,2
526,071;5,21
526,32;5,23
526,569;5,24
526,818;5,25
527,067;5,26
527,316;5,28
527,565;5,29
527,814;5,3
528,063;5,32
528,312;5,33
528,56;5,34
528,809;5,35
529,058;5,37
529,307;5,38
529,556;5,4
529,805;5,4
530,053;5,41
530,302;5,42
530,551;5,44
530,8;5,44
531,048;5,46
531,297;5,47
531,546;5,49
531,794;5,5
532,043;5,51
532,292;5,53
532,54;5,54
532,789;5,56
533,037;5,58
533,286;5,6
533,535;5,61
533,783;5,62
534,032;5,64
534,28;5,65
534,528;5,67
534,777;5,68
535,025;5,7
535,274;5,72
535,522;5,73
535,771;5,75
536,019;5,77
536,267;5,79
536,516;5,81
536,764;5,83
537,012;5,85
537,26;5,87
537,509;5,89
537,757;5,9
538,005;5,92
538,253;5,94
538,501;5,95
538,75;5,98
538,998;6
539,246;6,04
539,494;6,05
539,742;6,08
539,99;6,1
540,238;6,11
540,486;6,13
540,734;6,15
540,982;6,17
541,23;6,2
541,478;6,21
541,726;6,23
541,974;6,26
542,222;6,27
542,47;6,29
542,718;6,32
542,966;6,35
543,213;6,36
543,461;6,38
543,709;6,4
543,957;6,42
544,205;6,44
544,452;6,46
544,7;6,48
544,948;6,49
545,196;6,52
545,443;6,56
545,691;6,58
545,939;6,61
546,186;6,63
546,434;6,66
546,681;6,69
546,929;6,72
547,176;6,75
547,424;6,78
547,671;6,81
547,919;6,84
548,166;6,86
548,414;6,89
548,661;6,93
548,909;6,96
549,156;7
549,404;7,03
549,651;7,06
549,898;7,1
550,146;7,14
550,393;7,18
550,64;7,21
550,888;7,26
551,135;7,3
551,382;7,33
551,629;7,37
551,876;7,4
552,124;7,43
552,371;7,47
552,618;7,5
552,865;7,55
553,112;7,58
553,359;7,63
553,606;7,66
553,854;7,7
554,101;7,73
554,348;7,77
554,595;7,8
554,842;7,83
555,089;7,87
555,336;7,91
555,582;7,94
555,829;7,97
556,076;8
556,323;8,04
556,57;8,08
556,817;8,12
557,064;8,15
557,311;8,2
557,557;8,23
557,804;8,28
558,051;8,31
558,298;8,36
558,544;8,4
558,791;8,45
559,038;8,49
559,284;8,54
559,531;8,58
559,778;8,63
560,024;8,68
560,271;8,72
560,517;8,76
560,764;8,81
561,011;8,86
561,257;8,91
561,504;8,95
561,75;9,01
561,997;9,06
562,243;9,12
562,489;9,17
562,736;9,22
562,982;9,26
563,229;9,31
563,475;9,35
563,721;9,41
563,968;9,46
564,214;9,52
564,46;9,57
564,707;9,64
564,953;9,69
565,199;9,76
565,445;9,83
565,691;9,91
565,938;9,97
566,184;10,04
566,43;10,11
566,676;10,19
566,922;10,26
567,168;10,34
567,414;10,42
567,66;10,51
567,906;10,58
568,152;10,66
568,398;10,75
568,644;10,84
568,89;10,91
569,136;11
569,382;11,08
569,628;11,17
569,874;11,24
570,12;11,33
570,366;11,41
570,612;11,5
570,857;11,57
571,103;11,65
571,349;11,73
571,595;11,81
571,84;11,89
572,086;11,97
572,332;12,06
572,578;12,14
572,823;12,21
573,069;12,29
573,315;12,36
573,56;12,44
573,806;12,5
574,051;12,59
574,297;12,66
574,542;12,74
574,788;12,81
575,034;12,89
575,279;12,96
575,524;13,04
575,77;13,11
576,015;13,19
576,261;13,26
576,506;13,33
576,752;13,39
576,997;13,47
577,242;13,53
577,488;13,6
577,733;13,66
577,978;13,73
578,223;13,81
578,469;13,89
578,714;13,98
578,959;14,07
579,204;14,14
579,45;14,23
579,695;14,31
579,94;14,39
580,185;14,46
580,43;14,53
580,675;14,59
580,92;14,66
581,165;14,73
581,41;14,8
581,655;14,86
581,9;14,94
582,145;15
582,39;15,08
582,635;15,15
582,88;15,23
583,125;15,31
583,37;15,39
583,615;15,45
583,86;15,52
584,105;15,59
584,349;15,66
584,594;15,72
584,839;15,79
585,084;15,85
585,328;15,92
585,573;15,99
585,818;16,06
586,063;16,13
586,307;16,2
586,552;16,26
586,797;16,33
587,041;16,39
587,286;16,46
587,53;16,53
587,775;16,59
588,019;16,65
588,264;16,72
588,508;16,79
588,753;16,85
588,997;16,92
589,242;16,98
589,486;17,06
589,731;17,14
589,975;17,21
590,22;17,3
590,464;17,38
590,708;17,46
590,953;17,54
591,197;17,62
591,441;17,7
591,685;17,79
591,93;17,87
592,174;17,95
592,418;18,03
592,662;18,1
592,907;18,18
593,151;18,26
593,395;18,32
593,639;18,4
593,883;18,47
594,127;18,53
594,371;18,61
594,615;18,68
594,859;18,74
595,103;18,82
595,347;18,9
595,591;18,97
595,835;19,03
596,079;19,11
596,323;19,19
596,567;19,27
596,811;19,34
597,055;19,42
597,299;19,49
597,542;19,58
597,786;19,65
598,03;19,74
598,274;19,81
598,518;19,89
598,761;19,97
599,005;20,04
599,249;20,13
599,492;20,21
599,736;20,28
599,98;20,36
600,223;20,42
600,467;20,5
600,711;20,58
600,954;20,67
601,198;20,73
601,441;20,8
601,685;20,87
601,928;20,94
602,172;21,01
602,415;21,08
602,659;21,14
602,902;21,22
603,145;21,28
603,389;21,35
603,632;21,42
603,876;21,5
604,119;21,57
604,362;21,63
604,606;21,69
604,849;21,77
605,092;21,83
605,335;21,91
605,579;21,97
605,822;22,04
606,065;22,1
606,308;22,17
606,551;22,25
606,794;22,31
607,037;22,39
607,281;22,46
607,524;22,53
607,767;22,6
608,01;22,66
608,253;22,73
608,496;22,8
608,739;22,86
608,982;22,92
609,225;22,99
609,468;23,06
609,711;23,13
609,953;23,19
610,196;23,24
610,439;23,31
610,682;23,38
610,925;23,45
611,168;23,51
611,41;23,56
611,653;23,63
611,896;23,69
612,139;23,75
612,381;23,81
612,624;23,88
612,867;23,93
613,109;24
613,352;24,06
613,595;24,12
613,837;24,17
614,08;24,24
614,322;24,29
614,565;24,36
614,807;24,41
615,05;24,48
615,292;24,55
615,535;24,61
615,777;24,67
616,02;24,73
616,262;24,79
616,505;24,85
616,747;24,91
616,989;24,99
617,232;25,05
617,474;25,12
617,716;25,17
617,959;25,24
618,201;25,31
618,443;25,37
618,685;25,42
618,927;25,5
619,17;25,54
619,412;25,61
619,654;25,66
619,896;25,73
620,138;25,79
620,38;25,84
620,622;25,9
620,864;25,97
621,107;26,02
621,349;26,08
621,591;26,14
621,833;26,2
622,075;26,25
622,316;26,31
622,558;26,36
622,8;26,42
623,042;26,48
623,284;26,53
623,526;26,6
623,768;26,67
624,01;26,71
624,251;26,78
624,493;26,83
624,735;26,9
624,977;26,96
625,218;27,01
625,46;27,07
625,702;27,12
625,943;27,16
626,185;27,21
626,427;27,27
626,668;27,32
626,91;27,37
627,152;27,43
627,393;27,47
627,635;27,52
627,876;27,57
628,118;27,62
628,359;27,67
628,601;27,7
628,842;27,74
629,084;27,79
629,325;27,83
629,566;27,88
629,808;27,92
630,049;27,97
630,29;28,01
630,532;28,05
630,773;28,1
631,014;28,15
631,256;28,19
631,497;28,23
631,738;28,28
631,979;28,32
632,22;28,36
632,462;28,4
632,703;28,44
632,944;28,49
633,185;28,53
633,426;28,59
633,667;28,64
633,908;28,68
634,149;28,73
634,39;28,78
634,631;28,82
634,872;28,87
635,113;28,91
635,354;28,97
635,595;29,01
635,836;29,06
636,077;29,1
636,318;29,16
636,559;29,2
636,8;29,24
637,04;29,28
637,281;29,33
637,522;29,38
637,763;29,43
638,003;29,47
638,244;29,53
638,485;29,57
638,726;29,62
638,966;29,68
639,207;29,72
639,448;29,77
639,688;29,81
639,929;29,85
640,169;29,9
640,41;29,93
640,65;29,98
640,891;30,01
641,131;30,07
641,372;30,12
641,612;30,17
641,853;30,21
642,093;30,26
642,334;30,31
642,574;30,36
642,814;30,4
643,055;30,45
643,295;30,48
643,535;30,52
643,776;30,56
644,016;30,61
644,256;30,65
644,496;30,7
644,737;30,76
644,977;30,82
645,217;30,87
645,457;30,91
645,697;30,96
645,938;31
646,178;31,04
646,418;31,08
646,658;31,13
646,898;31,19
647,138;31,23
647,378;31,27
647,618;31,31
647,858;31,35
648,098;31,4
648,338;31,44
648,578;31,5
648,818;31,55
649,057;31,6
649,297;31,65
649,537;31,7
649,777;31,73
650,017;31,76
650,257;31,8
650,496;31,85
650,736;31,89
650,976;31,93
661,028;33,46
661,267;33,5
661,506;33,56
661,744;33,59
661,983;33,63
662,222;33,69
662,461;33,74
662,7;33,79
662,939;33,83
663,177;33,89
663,416;33,93
663,655;33,98
663,894;34,04
664,132;34,09
664,371;34,13
664,61;34,18
664,848;34,23
665,087;34,29
665,326;34,34
665,564;34,4
665,803;34,44
666,041;34,5
666,28;34,54
666,518;34,59
666,757;34,63
666,995;34,69
667,234;34,74
667,472;34,79
667,711;34,83
667,949;34,87
668,187;34,91
668,426;34,96
668,664;35,01
668,902;35,04
669,141;35,07
669,379;35,11
669,617;35,15
669,856;35,2
670,094;35,24
670,332;35,28
670,57;35,32
670,808;35,36
671,046;35,4
671,285;35,46
671,523;35,51
671,761;35,55
671,999;35,59
672,237;35,64
672,475;35,69
672,713;35,73
672,951;35,78
673,189;35,83
673,427;35,88
673,665;35,92
673,903;35,98
674,141;36,03
674,379;36,09
674,617;36,14
674,854;36,19
675,092;36,23
675,33;36,28
675,568;36,33
675,806;36,39
676,043;36,43
676,281;36,48
676,519;36,52
676,756;36,57
676,994;36,62
677,232;36,67
677,469;36,71
677,707;36,76
677,945;36,81
678,182;36,85
678,42;36,91
678,657;36,96
678,895;37,01
679,132;37,05
679,37;37,09
679,607;37,13
679,845;37,17
680,082;37,22
680,32;37,26
680,557;37,31
680,794;37,36
681,032;37,4
681,269;37,44
681,507;37,5
681,744;37,55
681,981;37,6
682,218;37,65
682,456;37,7
682,693;37,73
682,93;37,77
683,167;37,81
683,404;37,85
683,642;37,88
683,879;37,93
684,116;37,98
684,353;38,03
684,59;38,07
684,827;38,12
685,064;38,17
685,301;38,22
685,538;38,24
685,775;38,29
686,012;38,34
686,249;38,37
686,486;38,41
686,723;38,45
686,96;38,49
687,197;38,53
687,433;38,57
687,67;38,62
687,907;38,68
688,144;38,73
688,381;38,77
688,617;38,82
688,854;38,87
689,091;38,91
689,327;38,96
689,564;39,02
689,801;39,06
690,037;39,1
690,274;39,13
690,511;39,19
690,747;39,23
690,984;39,28
691,22;39,35
691,457;39,4
691,693;39,45
691,93;39,5
692,166;39,55
692,403;39,59
692,639;39,64
692,876;39,68
693,112;39,73
693,348;39,78
693,585;39,83
693,821;39,88
694,057;39,95
694,294;39,99
694,53;40,03
694,766;40,08
695,002;40,13
695,239;40,2
695,475;40,25
695,711;40,31
695,947;40,34
696,183;40,38
696,419;40,42
696,656;40,46
696,892;40,49
697,128;40,54
697,364;40,58
697,6;40,64
697,836;40,68
698,072;40,72
698,308;40,77
698,544;40,8
698,78;40,85
699,016;40,88
699,251;40,92
699,487;40,98
699,723;41,03
699,959;41,08
700,195;41,12
700,431;41,16
700,666;41,2
700,902;41,27
701,138;41,32
701,374;41,37
701,609;41,42
701,845;41,48
702,081;41,52
702,316;41,58
702,552;41,61
702,788;41,67
703,023;41,72
703,259;41,77
703,494;41,82
703,73;41,86
703,965;41,91
704,201;41,95
704,436;41,98
704,672;42,01
704,907;42,06
705,143;42,1
705,378;42,13
705,613;42,15
705,849;42,19
706,084;42,23
706,319;42,29
706,555;42,33
706,79;42,38
707,025;42,43
707,26;42,46
707,496;42,51
707,731;42,54
707,966;42,58
708,201;42,63
708,436;42,66
708,671;42,69
708,907;42,72
709,142;42,77
709,377;42,82
709,612;42,89
709,847;42,92
710,082;42,98
710,317;43,03
710,552;43,09
710,787;43,14
711,022;43,18
711,257;43,22
711,492;43,26
711,726;43,29
711,961;43,32
712,196;43,37
712,431;43,41
712,666;43,45
712,901;43,49
713,135;43,52
713,37;43,56
713,605;43,61
713,839;43,66
714,074;43,69
714,309;43,73
714,543;43,75
714,778;43,79
715,013;43,82
715,247;43,85
715,482;43,88
715,716;43,91
715,951;43,95
716,185;43,99
716,42;44,02
716,654;44,05
716,889;44,1
717,123;44,13
717,358;44,16
717,592;44,21
717,827;44,25
718,061;44,28
718,295;44,32
718,53;44,36
718,764;44,41
718,998;44,44
719,232;44,47
719,467;44,53
719,701;44,55
719,935;44,58
720,169;44,62
720,403;44,66
720,638;44,71
720,872;44,74
721,106;44,76
721,34;44,81
721,574;44,85
721,808;44,88
722,042;44,91
722,276;44,96
722,51;44,97
722,744;45,01
722,978;45,05
723,212;45,09
723,446;45,1
723,68;45,13
723,914;45,16
724,147;45,21
724,381;45,23
724,615;45,27
724,849;45,32
725,083;45,34
725,316;45,38
725,55;45,41
725,784;45,46
726,018;45,5
726,251;45,51
726,485;45,54
726,719;45,58
726,952;45,62
727,186;45,67
727,419;45,72
727,653;45,76
727,887;45,8
728,12;45,83
728,354;45,86
728,587;45,88
728,821;45,92
729,054;45,95
729,287;45,98
729,521;46,02
729,754;46,04
729,988;46,07
730,221;46,11
730,454;46,13
730,688;46,15
730,921;46,17
731,154;46,21
731,387;46,25
731,621;46,28
731,854;46,32
732,087;46,34
732,32;46,36
732,553;46,38
732,787;46,39
733,02;46,42
733,253;46,47
733,486;46,5
733,719;46,51
733,952;46,54
734,185;46,57
734,418;46,58
734,651;46,61
734,884;46,63
735,117;46,65
735,35;46,67
735,583;46,7
735,816;46,72
736,049;46,74
736,281;46,77
736,514;46,77
736,747;46,78
736,98;46,8
737,213;46,81
737,445;46,85
737,678;46,87
737,911;46,89
738,144;46,91
738,376;46,93
738,609;46,97
738,842;46,99
739,074;46,99
739,307;47,01
739,539;47,03
739,772;47,05
740,004;47,08
740,237;47,11
740,469;47,14
740,702;47,17
740,934;47,2
741,167;47,21
741,399;47,23
741,632;47,26
741,864;47,27
742,096;47,3
742,329;47,29
742,561;47,3
742,793;47,34
743,026;47,34
743,258;47,34
743,49;47,38
743,723;47,38
743,955;47,42
744,187;47,43
744,419;47,45
744,651;47,45
744,883;47,45
745,115;47,45
745,348;47,46
745,58;47,46
745,812;47,46
746,044;47,46
746,276;47,48
746,508;47,49
746,74;47,5
746,972;47,51
747,204;47,55
747,436;47,55
747,667;47,54
747,899;47,54
748,131;47,55
748,363;47,54
748,595;47,54
748,827;47,54
749,058;47,56
749,29;47,55
749,522;47,55
749,754;47,55
749,985;47,56
750,217;47,57
750,449;47,56
750,68;47,57
750,912;47,59
751,144;47,58
751,375;47,58
751,607;47,58
751,838;47,6
752,07;47,57
752,301;47,59
752,533;47,6
752,764;47,62
752,996;47,61
753,227;47,63
753,459;47,63
753,69;47,64
753,921;47,65
754,153;47,66
754,384;47,68
754,615;47,71
754,847;47,72
755,078;47,74
755,309;47,76
755,54;47,74
755,772;47,75
756,003;47,75
756,234;47,77
756,465;47,78
756,696;47,77
756,927;47,78
757,159;47,77
757,39;47,77
757,621;47,76
757,852;47,77
758,083;47,76
758,314;47,77
758,545;47,77
758,776;47,78
759,007;47,79
759,238;47,79
759,469;47,77
759,699;47,75
759,93;47,73
760,161;47,72
760,392;47,74
760,623;47,73
760,854;47,73
761,084;47,75
761,315;47,74
761,546;47,74
761,776;47,75
762,007;47,77
762,238;47,75
762,468;47,75
762,699;47,76
762,93;47,74
763,16;47,73
763,391;47,73
763,621;47,72
763,852;47,7
764,083;47,69
764,313;47,68
764,543;47,69
764,774;47,68
765,004;47,67
765,235;47,68
765,465;47,69
765,696;47,66
765,926;47,65
766,156;47,62
766,387;47,63
766,617;47,62
766,847;47,61
767,077;47,62
767,308;47,63
767,538;47,63
767,768;47,64
767,998;47,65
768,228;47,66
768,459;47,64
768,689;47,63
768,919;47,64
769,149;47,65
769,379;47,64
769,609;47,64
769,839;47,63
770,069;47,61
770,299;47,59
770,529;47,6
770,759;47,6
770,989;47,6
771,219;47,57
771,449;47,56
771,678;47,56
771,908;47,56
772,138;47,55
772,368;47,51
772,598;47,5
772,827;47,48
773,057;47,45
773,287;47,44
773,517;47,44
773,746;47,41
773,976;47,39
774,206;47,36
774,435;47,35
774,665;47,34
774,894;47,34
775,124;47,32
775,354;47,29
775,583;47,27
775,813;47,25
776,042;47,25
776,272;47,24
776,501;47,22
776,73;47,21
776,96;47,19
777,189;47,17
777,419;47,14
777,648;47,12
777,877;47,12
778,107;47,1
778,336;47,08
778,565;47,07
778,794;47,05
779,024;47,05
779,253;47,03
779,482;46,99
779,711;46,98
779,94;46,96
780,17;46,96
780,399;46,94
780,628;46,95
780,857;46,93
781,086;46,92
781,315;46,91
781,544;46,89
781,773;46,88
782,002;46,88
782,231;46,89
782,46;46,88
782,689;46,85
782,918;46,85
783,147;46,86
783,375;46,84
783,604;46,84
783,833;46,83
784,062;46,83
784,291;46,83
784,519;46,81
784,748;46,79
784,977;46,79
785,206;46,76
785,434;46,73
785,663;46,7
785,892;46,67
786,12;46,65
786,349;46,63
786,577;46,61
786,806;46,57
787,034;46,55
787,263;46,5
787,492;46,49
787,72;46,45
787,948;46,43
788,177;46,41
788,405;46,37
788,634;46,34
788,862;46,33
789,09;46,31
789,319;46,28
789,547;46,28
789,775;46,26
790,004;46,25
790,232;46,24
790,46;46,23
790,688;46,22
790,917;46,21
791,145;46,21
791,373;46,19
791,601;46,2
791,829;46,18
792,057;46,18
792,286;46,17
792,514;46,17
792,742;46,14
792,97;46,12
793,198;46,11
793,426;46,1
793,654;46,08
793,882;46,07
794,109;46,04
794,337;46,01
794,565;45,99
794,793;45,94
795,021;45,89
795,249;45,87
795,477;45,82
795,704;45,81
795,932;45,76
796,16;45,73
796,388;45,71
796,615;45,68
796,843;45,66
797,071;45,61
797,298;45,57
797,526;45,54
797,754;45,5
797,981;45,47
798,209;45,43
798,436;45,41
798,664;45,38
798,891;45,36
799,119;45,33
799,346;45,3
799,574;45,29
799,801;45,27
800,029;45,24
800,256;45,21
800,483;45,17
800,711;45,15
800,938;45,13
801,165;45,08
801,393;45,08
801,62;45,05
801,847;45,02
802,074;44,98
802,302;44,96
802,529;44,94
802,756;44,92
802,983;44,92
803,21;44,88
803,437;44,85
803,665;44,87
803,892;44,85
804,119;44,83
804,346;44,82
804,573;44,81
804,8;44,79
805,027;44,81
805,254;44,79
805,481;44,78
805,708;44,78
805,934;44,76
806,161;44,75
806,388;44,71
806,615;44,69
806,842;44,68
807,069;44,67
807,295;44,66
807,522;44,63
807,749;44,58
807,976;44,55
808,202;44,53
808,429;44,48
808,656;44,47
808,882;44,45
809,109;44,42
809,335;44,39
809,562;44,38
809,789;44,35
810,015;44,32
810,242;44,29
810,468;44,29
810,695;44,27
810,921;44,24
811,147;44,25
811,374;44,25
811,6;44,23
811,827;44,22
812,053;44,18
812,279;44,19
812,506;44,2
812,732;44,2
812,958;44,19
813,185;44,16
813,411;44,14
813,637;44,11
813,863;44,07
814,089;44,05
814,315;44,02
814,542;43,99
814,768;43,97
814,994;43,94
815,22;43,91
815,446;43,89
815,672;43,86
815,898;43,84
816,124;43,8
816,35;43,76
816,576;43,75
816,802;43,75
817,028;43,71
817,254;43,67
817,48;43,65
817,705;43,61
817,931;43,59
818,157;43,56
818,383;43,53
818,609;43,51
818,834;43,49
819,06;43,48
819,286;43,46
819,512;43,44
819,737;43,43
819,963;43,43
820,189;43,4
820,414;43,38
820,64;43,34
820,865;43,31
821,091;43,3
821,316;43,23
821,542;43,18
821,767;43,16
821,993;43,14
822,218;43,11
822,444;43,1
822,669;43,08
822,895;43,07
823,12;43,05
823,345;43,04
823,571;43,03
823,796;43
824,021;42,98
824,247;42,95
824,472;42,91
824,697;42,88
824,922;42,84
825,147;42,82
825,373;42,8
825,598;42,78
825,823;42,75
826,048;42,77
826,273;42,75
826,498;42,71
826,723;42,69
826,948;42,68
827,173;42,66
827,398;42,64
827,623;42,61
827,848;42,59
828,073;42,55
828,298;42,52
828,523;42,49
828,748;42,47
828,973;42,45
829,197;42,42
829,422;42,4
829,647;42,39
829,872;42,36
830,097;42,36
830,321;42,35
830,546;42,34
830,771;42,3
830,995;42,28
831,22;42,25
831,445;42,23
831,669;42,2
831,894;42,19
832,118;42,17
832,343;42,14
832,567;42,12
832,792;42,13
833,016;42,13
833,241;42,1
833,465;42,1
833,69;42,08
833,914;42,06
834,139;42,06
834,363;42,02
834,587;42,01
834,812;41,98
835,036;41,97
835,26;41,92
835,485;41,89
835,709;41,89
835,933;41,86
836,157;41,83
836,381;41,81
836,606;41,78
836,83;41,78
837,054;41,79
837,278;41,77
837,502;41,74
837,726;41,72
837,95;41,7
838,174;41,65
838,398;41,64
838,622;41,62
838,846;41,59
839,07;41,59
839,294;41,57
839,518;41,55
839,742;41,54
839,966;41,53
840,189;41,52
840,413;41,51
840,637;41,5
840,861;41,51
841,085;41,49
841,308;41,47
841,532;41,45
841,756;41,38
841,979;41,38
842,203;41,36
842,427;41,33
842,65;41,3
842,874;41,3
843,098;41,28
843,321;41,26
843,545;41,21
843,768;41,17
843,992;41,15
844,215;41,13
844,439;41,12
844,662;41,12
844,886;41,09
845,109;41,06
845,332;41,05
845,556;41,03
845,779;41,01
846,002;40,99
846,226;40,95
846,449;40,95
846,672;40,9
846,895;40,9
847,119;40,87
847,342;40,86
847,565;40,86
847,788;40,84
848,011;40,84
848,234;40,82
848,457;40,81
848,681;40,77
848,904;40,73
849,127;40,7
849,35;40,69
849,573;40,7
849,796;40,69
850,019;40,69
850,241;40,67
850,464;40,68
850,687;40,65
850,91;40,66
851,133;40,68
851,356;40,71
851,579;40,68
851,801;40,7
852,024;40,69
852,247;40,67
852,47;40,65
852,692;40,63
852,915;40,65
853,138;40,64
853,36;40,65
853,583;40,66
853,806;40,66
854,028;40,65
854,251;40,62
854,473;40,62
854,696;40,6
854,918;40,59
855,141;40,56
855,363;40,56
855,586;40,52
855,808;40,46
856,031;40,42
856,253;40,39
856,475;40,37
856,698;40,37
856,92;40,35
857,142;40,31
857,365;40,28
857,587;40,23
857,809;40,22
858,031;40,24
858,253;40,22
858,476;40,16
858,698;40,14
858,92;40,13
859,142;40,09
859,364;40,06
859,586;40,03
859,808;40,02
860,03;40,02
860,252;40,02
860,474;40,02
860,696;40,03
860,918;40,05
861,14;40,04
861,362;40
861,584;39,97
861,806;39,98
862,028;39,97
862,25;39,98
862,471;39,94
862,693;39,91
862,915;39,88
863,137;39,91
863,358;39,92
863,58;39,89
863,802;39,88
864,024;39,89
864,245;39,88
864,467;39,86
864,688;39,84
864,91;39,8
865,132;39,76
865,353;39,7
865,575;39,69
865,796;39,64
866,018;39,63
866,239;39,64
866,461;39,64
866,682;39,67
866,903;39,62
867,125;39,61
867,346;39,59
867,567;39,61
867,789;39,58
868,01;39,55
868,231;39,55
868,453;39,54
868,674;39,54
868,895;39,56
869,116;39,51
869,337;39,49
869,559;39,51
869,78;39,5
870,001;39,52
870,222;39,48
870,443;39,5
870,664;39,45
870,885;39,43
871,106;39,38
871,327;39,35
871,548;39,39
871,769;39,38
871,99;39,39
872,211;39,37
872,432;39,34
872,653;39,31
872,874;39,3
873,094;39,27
873,315;39,26
873,536;39,19
873,757;39,2
873,978;39,19
874,198;39,16
874,419;39,16
874,64;39,12
874,86;39,13
875,081;39,14
875,302;39,19
875,522;39,19
875,743;39,16
875,963;39,15
876,184;39,14
876,404;39,13
876,625;39,11
876,845;39,1
877,066;39,11
877,286;39,09
877,507;39,07
877,727;39,08
877,947;39,07
878,168;39,12
878,388;39,11
878,609;39,14
878,829;39,15
879,049;39,15
879,269;39,13
879,49;39,13
879,71;39,1
879,93;39,06
880,15;39,05
880,37;39,06
880,59;39,06
880,811;39,04
881,031;39,02
881,251;39,04
881,471;39
881,691;39
881,911;39,01
882,131;39,01
882,351;39,01
882,571;38,98
882,791;38,96
883,011;38,96
883,23;38,93
883,45;38,93
883,67;38,95
883,89;38,98
884,11;39,01
884,33;39,02
884,549;39,02
884,769;39
884,989;39,01
885,209;39,01
885,428;39,02
885,648;39,03
885,868;39,01
886,087;39
886,307;39,01
886,526;39
886,746;39
886,965;39
887,185;38,97
887,404;38,98
887,624;38,96
887,843;38,93
888,063;38,91
888,282;38,88
888,502;38,89
888,721;38,86
888,94;38,82
889,16;38,84
889,379;38,85
889,598;38,89
889,818;38,93
890,037;38,94
890,256;38,97
890,475;38,98
890,694;39,02
890,914;39,01
891,133;39,04
891,352;39,09
891,571;39,08
891,79;39,09
892,009;39,07
892,228;39,11
892,447;39,13
892,666;39,13
892,885;39,13
893,104;39,14
893,323;39,17
893,542;39,21
893,761;39,17
893,98;39,19
894,199;39,18
894,417;39,15
894,636;39,16
894,855;39,21
895,074;39,2
895,293;39,19
895,511;39,19
895,73;39,18
895,949;39,12
896,167;39,16
896,386;39,18
896,605;39,25
896,823;39,23
897,042;39,25
897,26;39,29
897,479;39,29
897,697;39,26
897,916;39,27
898,134;39,26
898,353;39,28
898,571;39,24
898,79;39,23
899,008;39,23
899,227;39,2
899,445;39,11
899,663;39,09
899,882;39,13
900,1;39,12
900,318;39,08
900,536;39,13
900,755;39,11
900,973;39,11
901,191;39,08
901,409;39,11
901,627;39,12
901,846;39,07
902,064;39,07
902,282;39,08
902,5;39,03
902,718;39,04
902,936;39,04
903,154;39,07
903,372;39,08
903,59;39,11
903,808;39,14
904,026;39,17
904,244;39,17
904,462;39,14
904,679;39,14
904,897;39,22
905,115;39,2
905,333;39,17
905,551;39,18
905,768;39,2
905,986;39,17
906,204;39,13
906,422;39,18
906,639;39,2
906,857;39,23
907,074;39,24
907,292;39,25
907,51;39,25
907,727;39,26
907,945;39,28
908,162;39,25
908,38;39,23
908,597;39,28
908,815;39,35
909,032;39,41
909,25;39,42
909,467;39,41
909,684;39,43
909,902;39,47
910,119;39,47
910,337;39,41
910,554;39,41
910,771;39,41
910,988;39,43
911,206;39,48
911,423;39,49
911,64;39,51
911,857;39,51
912,074;39,53
912,291;39,52
912,509;39,54
912,726;39,56
912,943;39,57
913,16;39,54
913,377;39,47
913,594;39,49
913,811;39,49
914,028;39,47
914,245;39,47
914,462;39,51
914,679;39,52
914,896;39,58
915,112;39,6
915,329;39,67
915,546;39,62
915,763;39,58
915,98;39,54
916,196;39,56
916,413;39,59
916,63;39,58
916,847;39,61
917,063;39,53
917,28;39,54
917,497;39,54
917,713;39,55
917,93;39,61
918,146;39,55
918,363;39,57
918,579;39,63
918,796;39,57
919,012;39,53
919,229;39,56
919,445;39,61
919,662;39,63
919,878;39,61
920,095;39,6
920,311;39,62
920,527;39,63
920,744;39,59
920,96;39,59
921,176;39,63
921,392;39,61
921,609;39,68
921,825;39,65
922,041;39,65
922,257;39,61
922,473;39,6
922,69;39,67
922,906;39,69
923,122;39,64
923,338;39,7
923,554;39,69
923,77;39,67
923,986;39,66
924,202;39,7
924,418;39,76
924,634;39,8
924,85;39,87
925,066;39,91
925,282;39,95
925,497;40,03
925,713;40,09
925,929;40,17
926,145;40,21
926,361;40,26
926,576;40,35
926,792;40,43
927,008;40,5
927,224;40,46
927,439;40,48
927,655;40,57
927,871;40,61
928,086;40,71
928,302;40,73
928,517;40,78
928,733;40,79
928,948;40,81
929,164;40,89
929,379;40,85
929,595;40,9
929,81;40,97
930,026;40,93
930,241;40,92
930,456;40,93
930,672;40,92
930,887;40,95
931,102;40,92
931,318;40,94
931,533;40,91
931,748;40,91
931,964;40,93
932,179;40,89
932,394;40,85
932,609;40,84
932,824;40,87
933,039;40,82
933,255;40,79
933,47;40,76
933,685;40,7
933,9;40,74
934,115;40,72
934,33;40,67
934,545;40,69
934,76;40,65
934,975;40,59
935,19;40,6
935,404;40,65
935,619;40,66
935,834;40,62
936,049;40,63
936,264;40,72
936,479;40,66
936,693;40,67
936,908;40,85
937,123;40,83
937,338;40,82
937,552;40,89
937,767;40,92
937,982;41,09
938,196;41,18
938,411;41,2
938,625;41,24
938,84;41,24
939,055;41,26
939,269;41,33
939,484;41,53
939,698;41,68
939,912;41,64
940,127;41,79
940,341;42,02
940,556;42,07
940,77;42,24
940,984;42,42
941,199;42,55
941,413;42,49
941,627;42,56
941,842;42,81
942,056;42,96
942,27;43,19
942,484;43,06
942,699;43,05
942,913;43,25
943,127;43,2
943,341;43,46
943,555;43,68
943,769;43,91
943,983;43,95
944,197;43,8
944,411;43,84
944,625;43,89
944,839;43,76
945,053;44,17
945,267;44,04
945,481;44,16
945,695;44,16
945,909;44,16
946,123;44,28
946,336;44,18
946,55;44,31
946,764;44,28
946,978;44,34
947,192;44,5
947,405;44,44
947,619;44,59
947,833;44,55
948,046;44,65
948,26;44,7
948,474;44,85
948,687;44,93
948,901;45,17
949,114;45,19
949,328;45,2
949,541;44,95
949,755;45,07
949,968;45,05
950,182;45,11
950,395;45,09
950,609;45,14
950,822;45,28
951,035;45,13
951,249;45,33
951,462;45,37
951,675;45,35
951,889;45,33
952,102;45,33
952,315;45,39
952,528;45,28
952,741;45,07
952,955;44,96
953,168;45
953,381;44,84
953,594;44,82
953,807;44,8
954,02;44,87
954,233;44,78
954,446;44,77
954,659;44,76
954,872;44,9
955,085;44,81
955,298;44,77
955,511;44,89
955,724;44,71
955,937;44,75
956,15;44,69
956,362;44,68
956,575;44,72
956,788;44,67
957,001;44,74
957,214;45
957,426;44,95
957,639;44,9
957,852;44,85
958,064;44,92
958,277;44,91
958,49;44,88
958,702;44,95
958,915;44,92
959,127;44,96
959,34;44,92
959,552;44,91
959,765;44,94
959,977;44,88
960,19;44,89
960,402;44,87
960,615;44,94
960,827;44,92
961,039;44,87
961,252;44,94
961,464;44,9
961,676;44,79
961,889;44,93
962,101;45,05
962,313;45,16
962,525;45,08
962,738;45,11
962,95;45,11
963,162;45,08
963,374;45,21
963,586;45,2
963,798;45,21
964,01;45,35
964,222;45,28
964,434;45,21
964,646;45,34
964,858;45,36
965,07;45,32
965,282;45,45
965,494;45,49
965,706;45,4
965,918;45,49
966,13;45,6
966,342;45,36
966,553;45,35
966,765;45,27
966,977;45,26
967,189;45,4
967,401;45,44
967,612;45,51
967,824;45,57
968,036;45,6
968,247;45,75
968,459;45,77
968,67;45,93
968,882;46,17
969,094;46,16
969,305;46,22
969,517;46,22
969,728;46,22
969,94;46,35
970,151;46,54
970,362;46,55
970,574;46,58
970,785;46,88
970,997;46,95
971,208;46,94
971,419;47,12
971,631;47
971,842;47,18
972,053;47,2
972,264;47,12
972,476;47,08
972,687;47,07
972,898;47,01
973,109;46,95
973,32;46,8
973,531;46,91
973,742;46,86
973,954;46,94
974,165;47,05
974,376;46,9
974,587;46,95
974,798;46,99
975,009;46,87
975,22;46,8
975,43;46,73
975,641;46,78
975,852;46,82
976,063;46,96
976,274;46,97
976,485;46,89
976,695;46,92
976,906;47,02
977,117;46,96
977,328;47,1
977,538;47,2
977,749;47,25
977,96;47,19
978,17;47,33
978,381;47,34
978,592;47,39
978,802;47,64
979,013;47,64
979,223;47,74
979,434;47,84
979,644;47,83
979,855;47,93
980,065;48,11
980,276;48,18
980,486;48,28
980,696;48,19
980,907;48,47
981,117;48,6
981,327;48,71
981,538;48,78
981,748;48,81
981,958;48,78
982,169;48,96
982,379;49,08
982,589;49,14
982,799;49,21
983,009;49,3
983,219;49,21
983,43;49,42
983,64;49,41
983,85;49,52
984,06;49,55
984,27;49,64
984,48;49,52
984,69;49,47
984,9;49,44
985,11;49,51
985,32;49,35
985,529;49,37
985,739;49,33
985,949;49,34
986,159;49,42
986,369;49,4
986,579;49,42
986,788;49,49
986,998;49,64
987,208;49,64
987,417;49,49
987,627;49,55
987,837;49,21
988,046;49,22
988,256;49,24
988,466;49,54
988,675;49,82
988,885;50,01
989,094;50,19
989,304;50,25
989,513;50,3
989,723;50,46
989,932;50,44
990,142;50,6
990,351;50,69
990,56;50,73
990,77;50,98
990,979;50,96
991,188;50,96
991,398;50,82
991,607;51,03
991,816;51,45
992,025;51,71
992,235;51,96
992,444;52,04
992,653;52,04
992,862;51,78
993,071;51,5
993,28;51,55
993,489;51,56
993,698;51,69
993,908;51,74
994,117;51,95
994,326;52,06
994,534;52,08
994,743;52,16
994,952;52,05
995,161;51,96
995,37;52,31
995,579;52,36
995,788;52,36
995,997;52,19
996,205;51,87
996,414;51,69
996,623;51,77
996,832;51,73
997,04;51,95
997,249;52,23
997,458;52,31
997,666;52,47
997,875;52,45
998,084;52,43
998,292;52,6
998,501;52,6
998,709;52,67
998,918;52,77
999,126;52,74
999,335;52,92
999,543;53,12
999,752;53,05
999,96;53,19
1000,169;53,46
1000,377;53,72
1000,585;54,04
1000,794;54,03
1001,002;54,1
1001,21;54,28
1001,418;54,26
1001,627;54,19
1001,835;54,43
1002,043;54,45
1002,251;54,65
1002,459;54,57
1002,668;54,43
1002,876;54,53
1003,084;54,53
1003,292;54,35
1003,5;54,42
1003,708;54,62
1003,916;54,57
1004,124;54,47
1004,332;54,53
1004,54;54,51
1004,748;54,46
1004,956;54,35
1005,163;54,61
1005,371;54,81
1005,579;54,59
1005,787;54,51
1005,995;54,93
1006,202;54,93
1006,41;54,85
1006,618;54,77
1006,826;54,96
1007,033;55,24
1007,241;55,3
1007,449;55,22
1007,656;55,66
1007,864;55,93
1008,071;55,69
1008,279;55,84
1008,486;55,98
1008,694;55,9
1008,901;55,61
1009,109;55,87
1009,316;56,04
1009,524;55,83
1009,731;55,61
1009,938;55,6
1010,146;55,57
1010,353;55,39
1010,56;55,39
1010,768;55,23
1010,975;55,12
1011,182;55,07
1011,389;55,07
1011,597;54,86
1011,804;55,23
1012,011;54,98
1012,218;55,13
1012,425;55,36
1012,632;55,25
1012,839;55,31
1013,046;55,31
1013,253;55,58
1013,46;55,79
1013,667;55,48
1013,874;55,66
1014,081;55,66
1014,288;56,25
1014,495;56,78
1014,702;56,73
1014,909;56,71
1015,116;56,75
1015,323;57,23
1015,529;57,55
1015,736;57,66
1015,943;57,77
1016,15;57,99
1016,356;57,84
1016,563;57,62
1016,77;57,99
1016,976;57,83
1017,183;58,04
1017,389;58,22
1017,596;58,33
1017,803;58,33
1018,009;58,6
1018,216;58,79
1018,422;59,24
1018,629;59,18
1018,835;58,91
1019,041;58,83
1019,248;58,96
1019,454;59,58
1019,661;59,23
1019,867;59,06
1020,073;59,25
1020,279;59,07
1020,486;59,12
1020,692;59,46
1020,898;59,24
1021,104;58,61
1021,311;59,21
1021,517;58,65
1021,723;58,71
1021,929;58,78
1022,135;58,54
1022,341;58,71
1022,547;58,75
1022,753;58,66
1022,959;58,45
1023,165;58,49
1023,371;59,11
1023,577;59,36
1023,783;59,42
1023,989;59,16
1024,195;59,37
1024,401;59,65
1024,607;59,9
1024,812;59,56
1025,018;59,61
1025,224;59,57
1025,43;60,19
1025,635;60,23
1025,841;60,56
1026,047;60,92
1026,252;61,26
1026,458;61,54
1026,664;61,56
1026,869;61,5
1027,075;61,19
1027,28;61,56
1027,486;61,7
1027,691;61,52
1027,897;61,22
1028,102;61,08
1028,308;61,42
1028,513;61,36
1028,719;61,1
1028,924;61,16
1029,129;61,34
1029,335;61,07
1029,54;61,23
1029,745;61,36
1029,95;60,85
1030,156;61,34
1030,361;60,68
1030,566;61,16
1030,771;61,29
1030,976;61,2
1031,182;61,24
1031,387;61,55
1031,592;61,46
1031,797;61,76
1032,002;61,35
1032,207;61,31
1032,412;61,47
1032,617;61,6
1032,822;61,41
1033,027;61,95
1033,232;62,38
1033,437;62,99
1033,642;63,22
1033,846;63,87
1034,051;63,06
1034,256;63,73
1034,461;63,6
1034,666;64,34
1034,87;63,65
1035,075;63,54
1035,28;63,46
1035,484;64,2
1035,689;64,44
1035,894;64,33
1036,098;63,73
1036,303;63,97
1036,507;63,67
1036,712;64,16
1036,917;64,34
1037,121;63,83
1037,325;62,67
1037,53;62,27
1037,734;61,88
1037,939;61,89
1038,143;61,95
1038,348;62,74
1038,552;62,51
1038,756;62,22
1038,961;62,45
1039,165;62,47
1039,369;62,13
1039,573;62,44
1039,778;62,42
1039,982;62,06
1040,186;62
1040,39;62,77
1040,594;62,39
1040,798;62,37
1041,002;62,61
1041,206;63,21
1041,41;65,06
1041,614;65,02
1041,818;65,87
1042,022;65,53
1042,226;67,1
1042,43;66,95
1042,634;67,06
1042,838;67,63
1043,042;67,64
1043,246;66,54
1043,45;67,72
1043,653;67,69
1043,857;67,8
1044,061;67,01
1044,265;67,03
1044,468;67,82
1044,672;67,34
1044,876;69,31
1045,079;69,85
1045,283;69,22
1045,487;68,29
1045,69;67,83
1045,894;69,33
1046,097;68,92
1046,301;69,17
1046,504;67,45
1046,708;66,68
1046,911;66,43
1047,115;65,79
1047,318;65,88
1047,522;66,76
1047,725;65,86
1047,928;66,75
1048,132;67,85
1048,335;68,67
1048,538;69,23
1048,741;69,38
1048,945;69,17
1049,148;67,92
1049,351;68,85
1049,554;69,08
1049,757;70,11
1049,96;69,64
1050,163;69,77
1050,367;70,5
1050,57;71,47
1050,773;71,71
1050,976;73,35
1051,179;73,77
1051,382;74,34
1051,585;72,42
1051,787;71,52
1051,99;71,94
1052,193;71,57
1052,396;70,18
1052,599;69,05
1052,802;69,46
1053,005;67,9
1053,207;69,32
1053,41;69,16
1053,613;68,24
1053,815;66,91
1054,018;67,04
1054,221;69,21
1054,423;68,21
1054,626;67,01
1054,829;66,21
1055,031;66,68
1055,234;65,94
1055,436;65,14
1055,639;64,57
1055,841;67,65
1056,044;68,78
1056,246;67,92
