Data from bitumeWhite_Reflection__1__05.txt Node;
"Date: Fri Sep 12 10:25:39 CEST 2025 User: sycur";
186,01;-6378,46
186,281;-24489,71
186,552;466,18
186,822;204,61
187,093;9,09
187,364;-388,96
187,635;54862,77
187,905;362,26
188,176;143,29
188,447;109,41
188,717;92,36
188,988;114,37
189,258;119,57
189,529;132,55
189,8;128,87
190,07;113,38
190,341;107,86
190,611;94,62
190,882;89,11
191,152;83,42
191,423;78,27
191,693;75,26
191,964;75,63
192,234;71,4
192,505;64,59
192,775;65,06
193,045;60,86
193,316;57,78
193,586;56,52
193,856;57,64
194,127;56,72
194,397;55,35
194,667;52,89
194,938;52,97
195,208;50,21
195,478;49,85
195,748;48,13
196,019;47,94
196,289;47,64
196,559;46,45
196,829;45,86
197,099;45,44
197,37;44,35
197,64;42,82
197,91;41,8
198,18;41,7
198,45;39,98
198,72;39,3
198,99;38,13
199,26;37,87
199,53;37,57
199,8;37,72
200,07;37,46
200,34;37,35
200,61;36,52
200,88;36,65
201,15;35,91
201,42;35,98
201,69;35,17
201,96;35,11
202,23;34,69
202,499;33,7
202,769;33,51
203,039;32,94
203,309;31,94
203,579;31,85
203,849;31,81
204,118;31,43
204,388;30,85
204,658;30,62
204,927;30,18
205,197;29,59
205,467;28,59
205,736;28,26
206,006;27,72
206,276;27,17
206,545;26,2
206,815;26,09
207,085;25,87
207,354;25,46
207,624;25,08
207,893;24,35
208,163;24,1
208,432;23,69
208,702;23,54
208,971;23,42
209,241;23,02
209,51;22,63
209,78;22,45
210,049;22,32
210,318;22,2
210,588;22,1
210,857;21,85
211,127;21,95
211,396;21,72
211,665;21,58
211,935;21,63
212,204;21,79
212,473;21,36
212,742;21,08
213,012;21,11
213,281;20,76
213,55;20,77
213,819;20,61
214,088;20,42
214,358;20,16
214,627;19,94
214,896;19,8
215,165;19,49
215,434;19,14
215,703;18,98
215,972;18,97
216,241;18,57
216,51;18,35
216,779;18,04
217,048;17,99
217,317;17,84
217,586;17,61
217,855;17,4
218,124;17,51
218,393;17,43
218,662;17,14
218,931;17,07
219,2;16,87
219,469;16,78
219,738;16,72
220,006;16,71
220,275;16,77
220,544;16,69
220,813;16,71
221,082;16,69
221,35;16,63
221,619;16,52
221,888;16,56
222,157;16,58
222,425;16,59
222,694;16,46
222,963;16,44
223,231;16,37
223,5;16,36
223,769;16,24
224,037;16,23
224,306;16,24
224,574;16,21
224,843;16,22
225,111;16,26
225,38;16,2
225,648;16,17
225,917;16,04
226,185;16,31
226,454;16,3
226,722;16,3
226,991;16,32
227,259;16,27
227,528;16,24
227,796;16,27
228,064;16,24
228,333;16,31
228,601;16,33
228,869;16,32
229,138;16,3
229,406;16,33
229,674;16,28
229,942;16,3
230,211;16,35
230,479;16,41
230,747;16,36
231,015;16,38
231,283;16,43
231,552;16,49
231,82;16,31
232,088;16,31
232,356;16,33
232,624;16,34
232,892;16,38
233,16;16,39
233,428;16,33
233,696;16,35
233,964;16,32
234,232;16,34
234,5;16,36
234,768;16,4
235,036;16,36
235,304;16,41
235,572;16,37
235,84;16,36
236,108;16,35
236,376;16,44
236,644;16,48
236,912;16,45
237,179;16,44
237,447;16,44
237,715;16,47
237,983;16,49
238,251;16,44
238,518;16,45
238,786;16,42
239,054;16,44
239,322;16,42
239,589;16,45
239,857;16,44
240,125;16,48
240,392;16,43
240,66;16,46
240,927;16,42
241,195;16,44
241,463;16,44
241,73;16,45
241,998;16,4
242,265;16,36
242,533;16,35
242,8;16,38
243,068;16,37
243,335;16,36
243,603;16,31
243,87;16,35
244,138;16,34
244,405;16,36
244,672;16,34
244,94;16,36
245,207;16,34
245,474;16,32
245,742;16,27
246,009;16,28
246,276;16,27
246,544;16,26
246,811;16,29
247,078;16,3
247,345;16,27
247,613;16,26
247,88;16,22
248,147;16,21
248,414;16,15
248,681;16,15
248,948;16,15
249,215;16,15
249,483;16,09
249,75;16,05
250,017;16,02
250,284;16,02
250,551;15,98
250,818;15,95
251,085;15,91
251,352;15,92
251,619;15,9
251,886;15,89
252,153;15,88
252,42;15,83
252,687;15,8
252,953;15,78
253,22;15,76
253,487;15,79
253,754;15,77
254,021;15,74
254,288;15,7
254,555;15,69
254,821;15,69
255,088;15,71
255,355;15,71
255,622;15,7
255,888;15,66
256,155;15,68
256,422;15,66
256,688;15,66
256,955;15,61
257,222;15,6
257,488;15,57
257,755;15,57
258,022;15,55
258,288;15,52
258,555;15,48
258,821;15,47
259,088;15,45
259,354;15,43
259,621;15,44
259,887;15,44
260,154;15,38
260,42;15,34
260,687;15,31
260,953;15,28
261,219;15,27
261,486;15,26
261,752;15,22
262,019;15,23
262,285;15,2
262,551;15,18
262,818;15,17
263,084;15,16
263,35;15,12
263,616;15,11
263,883;15,11
264,149;15,11
264,415;15,09
264,681;15,1
264,947;15,09
265,214;15,07
265,48;15,07
265,746;15,08
266,012;15,08
266,278;15,05
266,544;15,05
266,81;15,07
267,076;15,04
267,342;15,03
267,608;15
267,874;15,01
268,14;15,01
268,406;14,98
268,672;14,99
268,938;14,98
269,204;14,94
269,47;14,95
269,736;14,92
270,002;14,91
270,268;14,88
270,533;14,87
270,799;14,86
271,065;14,85
271,331;14,82
271,597;14,8
271,862;14,79
272,128;14,8
272,394;14,76
272,66;14,76
272,925;14,76
273,191;14,75
273,457;14,74
273,722;14,73
273,988;14,73
274,254;14,71
274,519;14,71
274,785;14,73
275,05;14,7
275,316;14,72
275,582;14,74
275,847;14,71
276,113;14,68
276,378;14,67
276,644;14,66
276,909;14,67
277,174;14,66
277,44;14,68
277,705;14,65
277,971;14,67
278,236;14,68
278,501;14,68
278,767;14,66
279,032;14,65
279,297;14,63
279,563;14,62
279,828;14,65
280,093;14,63
280,358;14,61
280,624;14,62
280,889;14,58
281,154;14,57
281,419;14,55
281,684;14,54
281,95;14,57
282,215;14,57
282,48;14,56
282,745;14,55
283,01;14,51
283,275;14,51
283,54;14,47
283,805;14,44
284,07;14,42
284,335;14,42
284,6;14,39
284,865;14,4
285,13;14,4
285,395;14,36
285,66;14,36
285,925;14,37
286,19;14,37
286,455;14,37
286,72;14,38
286,985;14,4
287,249;14,41
287,514;14,38
287,779;14,37
288,044;14,35
288,309;14,36
288,573;14,35
288,838;14,33
289,103;14,34
289,367;14,33
289,632;14,32
289,897;14,32
290,161;14,33
290,426;14,31
290,691;14,31
290,955;14,28
291,22;14,27
291,484;14,25
291,749;14,23
292,014;14,22
292,278;14,19
292,543;14,16
292,807;14,15
293,072;14,15
293,336;14,14
293,6;14,13
293,865;14,11
294,129;14,09
294,394;14,11
294,658;14,11
294,922;14,09
295,187;14,09
295,451;14,08
295,715;14,08
295,98;14,08
296,244;14,06
296,508;14,08
296,773;14,06
297,037;14,06
297,301;14,06
297,565;14,07
297,829;14,04
298,094;14,05
298,358;14,04
298,622;14,02
298,886;13,97
299,15;13,97
299,414;13,95
299,678;13,98
299,942;13,95
300,206;13,91
300,47;13,91
300,734;13,89
300,998;13,88
301,262;13,86
301,526;13,83
301,79;13,81
302,054;13,78
302,318;13,77
302,582;13,75
302,846;13,72
303,11;13,7
303,374;13,71
303,637;13,68
303,901;13,68
304,165;13,66
304,429;13,68
304,693;13,65
304,956;13,65
305,22;13,62
305,484;13,61
305,747;13,6
306,011;13,58
306,275;13,55
306,538;13,53
306,802;13,52
307,066;13,52
307,329;13,51
307,593;13,5
307,856;13,49
308,12;13,47
308,384;13,47
308,647;13,44
308,911;13,42
309,174;13,39
309,438;13,36
309,701;13,34
309,964;13,33
310,228;13,32
310,491;13,29
310,755;13,29
311,018;13,31
311,281;13,32
311,545;13,29
311,808;13,29
312,071;13,26
312,335;13,22
312,598;13,22
312,861;13,2
313,124;13,16
313,388;13,15
313,651;13,16
313,914;13,12
314,177;13,1
314,44;13,09
314,704;13,09
314,967;13,08
315,23;13,07
315,493;13,04
315,756;13,03
316,019;13,01
316,282;13,01
316,545;12,95
316,808;12,95
317,071;12,98
317,334;12,97
317,597;12,96
317,86;12,95
318,123;12,91
318,386;12,94
318,649;12,94
318,912;12,91
319,175;12,85
319,437;12,84
319,7;12,86
319,963;12,83
320,226;12,79
320,489;12,76
320,751;12,74
321,014;12,72
321,277;12,7
321,54;12,69
321,802;12,66
322,065;12,65
322,328;12,58
322,59;12,53
322,853;12,51
323,116;12,5
323,378;12,51
323,641;12,51
323,903;12,47
324,166;12,45
324,428;12,42
324,691;12,41
324,953;12,4
325,216;12,36
325,478;12,35
325,741;12,35
326,003;12,32
326,266;12,28
326,528;12,27
326,791;12,27
327,053;12,25
327,315;12,22
327,578;12,21
327,84;12,19
328,102;12,18
328,365;12,16
328,627;12,17
328,889;12,12
329,151;12,11
329,414;12,09
329,676;12,07
329,938;12,04
330,2;12,02
330,462;12
330,725;11,98
330,987;11,95
331,249;11,91
331,511;11,9
331,773;11,9
332,035;11,91
332,297;11,89
332,559;11,86
332,821;11,82
333,083;11,77
333,345;11,76
333,607;11,74
333,869;11,72
334,131;11,66
334,393;11,68
334,655;11,64
334,917;11,62
335,179;11,6
335,44;11,6
335,702;11,59
335,964;11,6
336,226;11,58
336,488;11,61
336,749;11,62
337,011;11,62
337,273;11,62
337,535;11,6
337,796;11,56
338,058;11,58
338,32;11,59
338,581;11,57
338,843;11,58
339,105;11,58
339,366;11,57
339,628;11,58
339,889;11,59
340,151;11,6
340,412;11,58
340,674;11,59
340,935;11,59
341,197;11,61
341,458;11,58
341,72;11,59
341,981;11,6
342,243;11,6
342,504;11,59
342,766;11,62
343,027;11,61
343,288;11,62
343,55;11,58
343,811;11,57
344,072;11,58
344,334;11,57
344,595;11,55
344,856;11,51
345,117;11,48
345,379;11,48
345,64;11,44
345,901;11,41
346,162;11,38
346,423;11,35
346,684;11,28
346,946;11,26
347,207;11,23
347,468;11,18
347,729;11,1
347,99;11,07
348,251;11
348,512;10,97
348,773;10,96
349,034;10,96
349,295;10,95
349,556;10,93
349,817;10,89
350,078;10,88
350,339;10,91
350,6;10,91
350,86;10,87
351,121;10,87
351,382;10,85
351,643;10,84
351,904;10,83
352,165;10,86
352,425;10,85
352,686;10,84
352,947;10,82
353,208;10,86
353,468;10,91
353,729;10,92
353,99;10,9
354,25;10,89
354,511;10,86
354,772;10,84
355,032;10,87
355,293;10,86
355,553;10,87
355,814;10,81
356,074;10,81
356,335;10,76
356,596;10,74
356,856;10,78
357,116;10,78
357,377;10,82
357,637;10,79
357,898;10,81
358,158;10,8
358,419;10,79
358,679;10,76
358,939;10,71
359,2;10,68
359,46;10,72
359,72;10,69
359,981;10,71
360,241;10,69
360,501;10,66
360,761;10,71
361,022;10,68
361,282;10,71
361,542;10,71
361,802;10,72
362,062;10,72
362,323;10,66
362,583;10,68
362,843;10,64
363,103;10,64
363,363;10,58
363,623;10,58
363,883;10,59
364,143;10,6
364,403;10,58
364,663;10,61
364,923;10,56
365,183;10,55
365,443;10,57
365,703;10,57
365,963;10,54
366,223;10,49
366,483;10,48
366,743;10,45
367,002;10,45
367,262;10,5
367,522;10,46
367,782;10,47
368,042;10,43
368,301;10,44
368,561;10,43
368,821;10,44
369,081;10,4
369,34;10,37
369,6;10,33
369,86;10,39
370,119;10,32
370,379;10,32
370,638;10,31
370,898;10,25
371,158;10,25
371,417;10,24
371,677;10,25
371,936;10,24
372,196;10,27
372,455;10,23
372,715;10,21
372,974;10,22
373,234;10,19
373,493;10,23
373,753;10,19
374,012;10,21
374,271;10,22
374,531;10,26
374,79;10,27
375,049;10,28
375,309;10,26
375,568;10,26
375,827;10,25
376,086;10,25
376,346;10,28
376,605;10,33
376,864;10,33
377,123;10,31
377,383;10,3
377,642;10,29
377,901;10,31
378,16;10,3
378,419;10,26
378,678;10,26
378,937;10,23
379,196;10,2
379,455;10,19
379,714;10,17
379,973;10,12
380,232;10,12
380,491;10,14
380,75;10,13
381,009;10,14
381,268;10,16
381,527;10,14
381,786;10,12
382,045;10,06
382,304;10,08
382,563;10,07
382,821;10,09
383,08;10,08
383,339;10,1
383,598;10,08
383,857;10,1
384,115;10,11
384,374;10,11
384,633;10,14
384,891;10,17
385,15;10,17
385,409;10,19
385,667;10,2
385,926;10,14
386,185;10,08
386,443;10,08
386,702;10,05
386,96;10,07
387,219;10,06
387,477;10,08
387,736;10,05
387,994;10,07
388,253;10,04
388,511;10,04
388,77;10,01
389,028;10,01
389,287;10,02
389,545;10,01
389,803;9,96
390,062;9,95
390,32;9,93
390,578;9,9
390,837;9,91
391,095;9,88
391,353;9,93
391,612;9,91
391,87;9,93
392,128;9,95
392,386;9,92
392,644;9,94
392,903;9,95
393,161;9,91
393,419;9,88
393,677;9,9
393,935;9,86
394,193;9,85
394,451;9,88
394,709;9,85
394,967;9,89
395,225;9,89
395,483;9,88
395,741;9,88
395,999;9,93
396,257;9,93
396,515;9,93
396,773;9,95
397,031;9,98
397,289;9,99
397,547;9,96
397,805;9,95
398,062;9,94
398,32;9,93
398,578;9,96
398,836;9,95
399,094;9,91
399,351;9,93
399,609;9,92
399,867;9,87
400,124;9,89
400,382;9,89
400,64;9,92
400,897;9,97
401,155;9,91
401,413;9,93
401,67;9,91
401,928;9,93
402,185;9,87
402,443;9,86
402,701;9,83
402,958;9,84
403,216;9,87
403,473;9,85
403,73;9,84
403,988;9,84
404,245;9,91
404,503;9,96
404,76;9,99
405,018;9,99
405,275;10,01
405,532;9,98
405,79;9,93
406,047;9,89
406,304;9,86
406,561;9,89
406,819;9,86
407,076;9,89
407,333;9,85
407,59;9,88
407,848;9,86
408,105;9,89
408,362;9,89
408,619;9,88
408,876;9,9
409,133;9,91
409,39;9,91
409,647;9,85
409,904;9,82
410,161;9,79
410,418;9,82
410,675;9,81
410,932;9,83
411,189;9,83
411,446;9,89
411,703;9,87
411,96;9,88
412,217;9,87
412,474;9,87
412,731;9,87
412,988;9,86
413,245;9,9
413,501;9,85
413,758;9,86
414,015;9,83
414,272;9,81
414,529;9,81
414,785;9,81
415,042;9,82
415,299;9,77
415,555;9,74
415,812;9,72
416,069;9,76
416,325;9,75
416,582;9,76
416,838;9,73
417,095;9,71
417,352;9,63
417,608;9,66
417,865;9,61
418,121;9,64
418,378;9,64
418,634;9,65
418,891;9,7
419,147;9,73
419,403;9,75
419,66;9,78
419,916;9,8
420,173;9,79
420,429;9,8
420,685;9,84
420,942;9,92
421,198;9,91
421,454;9,92
421,711;9,95
421,967;9,95
422,223;9,91
422,479;9,99
422,735;10,04
422,992;9,98
423,248;9,99
423,504;9,98
423,76;10
424,016;10
424,272;9,98
424,528;9,98
424,784;9,98
425,041;9,95
425,297;9,94
425,553;9,95
425,809;9,97
426,065;9,95
426,32;9,91
426,576;9,91
426,832;9,88
427,088;9,83
427,344;9,85
427,6;9,89
427,856;9,83
428,112;9,86
428,368;9,91
428,623;9,92
428,879;9,9
429,135;9,87
429,391;9,83
429,646;9,81
429,902;9,77
430,158;9,76
430,414;9,78
430,669;9,79
430,925;9,78
431,181;9,77
431,436;9,8
431,692;9,8
431,947;9,78
432,203;9,8
432,458;9,83
432,714;9,79
432,97;9,78
433,225;9,77
433,481;9,75
433,736;9,73
433,991;9,71
434,247;9,69
434,502;9,67
434,758;9,7
435,013;9,74
435,268;9,77
435,524;9,77
435,779;9,77
436,034;9,79
436,29;9,79
436,545;9,78
436,8;9,78
437,056;9,73
437,311;9,73
437,566;9,71
437,821;9,73
438,076;9,72
438,331;9,75
438,587;9,76
438,842;9,74
439,097;9,75
439,352;9,78
439,607;9,81
439,862;9,85
440,117;9,86
440,372;9,83
440,627;9,86
440,882;9,89
441,137;9,87
441,392;9,87
441,647;9,87
441,902;9,88
442,157;9,86
442,412;9,92
442,667;9,92
442,921;9,96
443,176;9,97
443,431;10,02
443,686;10
443,941;9,99
444,195;10,01
444,45;10,03
444,705;10,05
444,96;10,02
445,214;10
445,469;10,01
445,724;9,98
445,978;9,92
446,233;9,89
446,487;9,9
446,742;9,87
446,997;9,87
447,251;9,84
447,506;9,9
447,76;9,88
448,015;9,89
448,269;9,87
448,524;9,83
448,778;9,83
449,033;9,82
449,287;9,83
449,541;9,85
449,796;9,82
450,05;9,76
450,305;9,75
450,559;9,75
450,813;9,73
451,067;9,73
451,322;9,73
451,576;9,76
451,83;9,77
452,084;9,79
452,339;9,77
452,593;9,74
452,847;9,66
453,101;9,66
453,355;9,68
453,609;9,68
453,864;9,67
454,118;9,63
454,372;9,64
454,626;9,67
454,88;9,65
455,134;9,67
455,388;9,71
455,642;9,72
455,896;9,7
456,15;9,69
456,404;9,75
456,658;9,77
456,912;9,76
457,165;9,75
457,419;9,73
457,673;9,75
457,927;9,8
458,181;9,83
458,435;9,86
458,688;9,84
458,942;9,85
459,196;9,84
459,45;9,87
459,703;9,84
459,957;9,8
460,211;9,79
460,464;9,8
460,718;9,79
460,972;9,84
461,225;9,84
461,479;9,87
461,732;9,85
461,986;9,89
462,239;9,86
462,493;9,88
462,746;9,95
463;9,94
463,253;9,93
463,507;9,91
463,76;9,87
464,014;9,9
464,267;9,89
464,52;9,93
464,774;9,95
465,027;9,99
465,28;10,03
465,534;10,03
465,787;10,03
466,04;10,06
466,294;10,03
466,547;10,04
466,8;10,07
467,053;10,04
467,306;10,01
467,56;10,02
467,813;10,01
468,066;9,97
468,319;9,99
468,572;9,99
468,825;10,04
469,078;10,05
469,331;10,08
469,584;10,07
469,837;10,07
470,09;10,08
470,343;10,07
470,596;10,08
470,849;10,09
471,102;10,12
471,355;10,1
471,608;10,12
471,861;10,18
472,114;10,15
472,367;10,17
472,619;10,17
472,872;10,2
473,125;10,2
473,378;10,21
473,631;10,22
473,883;10,24
474,136;10,26
474,389;10,27
474,641;10,24
474,894;10,25
475,147;10,27
475,399;10,28
475,652;10,31
475,905;10,32
476,157;10,33
476,41;10,32
476,662;10,37
476,915;10,37
477,167;10,35
477,42;10,4
477,672;10,43
477,925;10,45
478,177;10,48
478,43;10,54
478,682;10,55
478,934;10,58
479,187;10,61
479,439;10,62
479,691;10,65
479,944;10,74
480,196;10,79
480,448;10,81
480,701;10,83
480,953;10,86
481,205;10,89
481,457;10,93
481,709;10,97
481,962;11
482,214;11,09
482,466;11,17
482,718;11,25
482,97;11,36
483,222;11,46
483,474;11,58
483,726;11,65
483,978;11,7
484,23;11,76
484,482;11,78
484,734;11,82
484,986;11,83
485,238;11,8
485,49;11,82
485,742;11,83
485,994;11,85
486,246;11,85
486,498;11,86
486,75;11,85
487,001;11,86
487,253;11,85
487,505;11,84
487,757;11,83
488,009;11,79
488,26;11,72
488,512;11,66
488,764;11,56
489,015;11,5
489,267;11,45
489,519;11,39
489,77;11,35
490,022;11,34
490,274;11,31
490,525;11,31
490,777;11,29
491,028;11,3
491,28;11,27
491,531;11,25
491,783;11,24
492,034;11,26
492,286;11,25
492,537;11,24
492,789;11,21
493,04;11,19
493,291;11,17
493,543;11,19
493,794;11,21
494,045;11,24
494,297;11,23
494,548;11,25
494,799;11,25
495,051;11,26
495,302;11,23
495,553;11,24
495,804;11,24
496,056;11,24
496,307;11,23
496,558;11,26
496,809;11,29
497,06;11,3
497,311;11,29
497,562;11,32
497,813;11,36
498,064;11,36
498,316;11,38
498,567;11,39
498,818;11,4
499,069;11,4
499,319;11,39
499,57;11,4
499,821;11,39
500,072;11,41
500,323;11,43
500,574;11,45
500,825;11,45
501,076;11,46
501,327;11,5
501,577;11,51
501,828;11,49
502,079;11,49
502,33;11,49
502,58;11,51
502,831;11,48
503,082;11,46
503,333;11,46
503,583;11,48
503,834;11,48
504,084;11,51
504,335;11,51
504,586;11,52
504,836;11,51
505,087;11,51
505,337;11,49
505,588;11,47
505,838;11,49
506,089;11,51
506,339;11,53
506,59;11,53
506,84;11,53
507,091;11,55
507,341;11,54
507,591;11,53
507,842;11,51
508,092;11,55
508,343;11,56
508,593;11,56
508,843;11,55
509,093;11,57
509,344;11,52
509,594;11,53
509,844;11,51
510,094;11,52
510,345;11,52
510,595;11,54
510,845;11,56
511,095;11,53
511,345;11,52
511,595;11,51
511,845;11,5
512,095;11,51
512,345;11,52
512,595;11,54
512,845;11,56
513,095;11,58
513,345;11,57
513,595;11,57
513,845;11,58
514,095;11,57
514,345;11,54
514,595;11,57
514,845;11,55
515,095;11,58
515,345;11,57
515,594;11,61
515,844;11,59
516,094;11,6
516,344;11,62
516,593;11,61
516,843;11,6
517,093;11,61
517,343;11,6
517,592;11,59
517,842;11,57
518,092;11,57
518,341;11,55
518,591;11,58
518,84;11,58
519,09;11,59
519,34;11,6
519,589;11,66
519,839;11,62
520,088;11,65
520,338;11,63
520,587;11,64
520,836;11,59
521,086;11,6
521,335;11,58
521,585;11,57
521,834;11,58
522,083;11,6
522,333;11,6
522,582;11,61
522,831;11,62
523,081;11,65
523,33;11,64
523,579;11,65
523,828;11,63
524,078;11,64
524,327;11,62
524,576;11,63
524,825;11,63
525,074;11,65
525,323;11,63
525,573;11,65
525,822;11,64
526,071;11,67
526,32;11,67
526,569;11,68
526,818;11,7
527,067;11,7
527,316;11,71
527,565;11,71
527,814;11,69
528,063;11,69
528,312;11,67
528,56;11,69
528,809;11,68
529,058;11,69
529,307;11,67
529,556;11,7
529,805;11,69
530,053;11,7
530,302;11,7
530,551;11,72
530,8;11,7
531,048;11,72
531,297;11,74
531,546;11,74
531,794;11,75
532,043;11,77
532,292;11,76
532,54;11,77
532,789;11,76
533,037;11,79
533,286;11,79
533,535;11,81
533,783;11,8
534,032;11,82
534,28;11,82
534,528;11,84
534,777;11,85
535,025;11,87
535,274;11,85
535,522;11,84
535,771;11,86
536,019;11,88
536,267;11,87
536,516;11,88
536,764;11,91
537,012;11,9
537,26;11,88
537,509;11,89
537,757;11,89
538,005;11,91
538,253;11,91
538,501;11,92
538,75;11,9
538,998;11,93
539,246;11,95
539,494;11,97
539,742;11,96
539,99;11,95
540,238;11,94
540,486;11,96
540,734;11,97
540,982;11,97
541,23;11,98
541,478;11,99
541,726;11,98
541,974;11,99
542,222;11,99
542,47;12,02
542,718;12,03
542,966;12,04
543,213;12,04
543,461;12,05
543,709;12,05
543,957;12,07
544,205;12,09
544,452;12,07
544,7;12,06
544,948;12,06
545,196;12,07
545,443;12,08
545,691;12,06
545,939;12,09
546,186;12,08
546,434;12,09
546,681;12,08
546,929;12,08
547,176;12,07
547,424;12,07
547,671;12,05
547,919;12,04
548,166;12,04
548,414;12,05
548,661;12,05
548,909;12,05
549,156;12,07
549,404;12,06
549,651;12,08
549,898;12,09
550,146;12,1
550,393;12,12
550,64;12,12
550,888;12,15
551,135;12,14
551,382;12,15
551,629;12,16
551,876;12,19
552,124;12,21
552,371;12,23
552,618;12,23
552,865;12,26
553,112;12,27
553,359;12,27
553,606;12,28
553,854;12,29
554,101;12,3
554,348;12,29
554,595;12,27
554,842;12,26
555,089;12,24
555,336;12,24
555,582;12,23
555,829;12,23
556,076;12,25
556,323;12,24
556,57;12,26
556,817;12,26
557,064;12,23
557,311;12,22
557,557;12,21
557,804;12,21
558,051;12,19
558,298;12,2
558,544;12,19
558,791;12,19
559,038;12,18
559,284;12,19
559,531;12,18
559,778;12,19
560,024;12,21
560,271;12,22
560,517;12,22
560,764;12,24
561,011;12,25
561,257;12,23
561,504;12,25
561,75;12,25
561,997;12,24
562,243;12,27
562,489;12,28
562,736;12,29
562,982;12,31
563,229;12,31
563,475;12,3
563,721;12,3
563,968;12,3
564,214;12,3
564,46;12,31
564,707;12,33
564,953;12,33
565,199;12,34
565,445;12,36
565,691;12,38
565,938;12,38
566,184;12,39
566,43;12,43
566,676;12,45
566,922;12,46
567,168;12,49
567,414;12,51
567,66;12,55
567,906;12,56
568,152;12,61
568,398;12,66
568,644;12,71
568,89;12,73
569,136;12,79
569,382;12,81
569,628;12,85
569,874;12,86
570,12;12,91
570,366;12,94
570,612;12,97
570,857;12,99
571,103;13,03
571,349;13,05
571,595;13,09
571,84;13,11
572,086;13,13
572,332;13,15
572,578;13,17
572,823;13,19
573,069;13,21
573,315;13,23
573,56;13,25
573,806;13,25
574,051;13,29
574,297;13,31
574,542;13,34
574,788;13,36
575,034;13,41
575,279;13,42
575,524;13,45
575,77;13,47
576,015;13,49
576,261;13,5
576,506;13,51
576,752;13,51
576,997;13,51
577,242;13,51
577,488;13,52
577,733;13,51
577,978;13,52
578,223;13,53
578,469;13,55
578,714;13,56
578,959;13,59
579,204;13,59
579,45;13,6
579,695;13,59
579,94;13,6
580,185;13,58
580,43;13,59
580,675;13,57
580,92;13,57
581,165;13,56
581,41;13,57
581,655;13,56
581,9;13,56
582,145;13,57
582,39;13,59
582,635;13,59
582,88;13,6
583,125;13,59
583,37;13,59
583,615;13,57
583,86;13,56
584,105;13,53
584,349;13,54
584,594;13,51
584,839;13,51
585,084;13,49
585,328;13,48
585,573;13,47
585,818;13,48
586,063;13,47
586,307;13,45
586,552;13,43
586,797;13,43
587,041;13,41
587,286;13,39
587,53;13,35
587,775;13,32
588,019;13,3
588,264;13,29
588,508;13,26
588,753;13,24
588,997;13,23
589,242;13,23
589,486;13,19
589,731;13,18
589,975;13,16
590,22;13,16
590,464;13,15
590,708;13,17
590,953;13,16
591,197;13,16
591,441;13,16
591,685;13,16
591,93;13,15
592,174;13,17
592,418;13,18
592,662;13,2
592,907;13,21
593,151;13,23
593,395;13,22
593,639;13,23
593,883;13,24
594,127;13,24
594,371;13,22
594,615;13,22
594,859;13,21
595,103;13,23
595,347;13,21
595,591;13,2
595,835;13,17
596,079;13,16
596,323;13,14
596,567;13,15
596,811;13,13
597,055;13,15
597,299;13,12
597,542;13,12
597,786;13,11
598,03;13,12
598,274;13,09
598,518;13,11
598,761;13,12
599,005;13,11
599,249;13,09
599,492;13,11
599,736;13,11
599,98;13,13
600,223;13,11
600,467;13,12
600,711;13,12
600,954;13,12
601,198;13,14
601,441;13,15
601,685;13,13
601,928;13,15
602,172;13,14
602,415;13,15
602,659;13,14
602,902;13,15
603,145;13,14
603,389;13,16
603,632;13,13
603,876;13,13
604,119;13,13
604,362;13,13
604,606;13,12
604,849;13,12
605,092;13,1
605,335;13,09
605,579;13,08
605,822;13,08
606,065;13,06
606,308;13,05
606,551;13,03
606,794;13,04
607,037;13,02
607,281;13,01
607,524;13,03
607,767;13,03
608,01;13
608,253;12,99
608,496;12,97
608,739;12,98
608,982;12,96
609,225;12,95
609,468;12,95
609,711;12,96
609,953;12,96
610,196;12,96
610,439;12,97
610,682;12,97
610,925;12,95
611,168;12,95
611,41;12,95
611,653;12,97
611,896;12,95
612,139;12,96
612,381;12,96
612,624;12,93
612,867;12,91
613,109;12,92
613,352;12,92
613,595;12,92
613,837;12,9
614,08;12,9
614,322;12,9
614,565;12,92
614,807;12,9
615,05;12,9
615,292;12,89
615,535;12,89
615,777;12,89
616,02;12,91
616,262;12,91
616,505;12,9
616,747;12,89
616,989;12,9
617,232;12,9
617,474;12,9
617,716;12,92
617,959;12,93
618,201;12,93
618,443;12,94
618,685;12,93
618,927;12,95
619,17;12,97
619,412;12,98
619,654;12,96
619,896;12,96
620,138;12,97
620,38;13
620,622;13
620,864;13,01
621,107;13
621,349;13,01
621,591;13,01
621,833;13,02
622,075;13,04
622,316;13,05
622,558;13,05
622,8;13,04
623,042;13,02
623,284;13,03
623,526;13,03
623,768;13,05
624,01;13,04
624,251;13,04
624,493;13,02
624,735;13,01
624,977;13,02
625,218;13
625,46;13
625,702;13
625,943;12,97
626,185;12,99
626,427;12,97
626,668;12,95
626,91;12,92
627,152;12,91
627,393;12,89
627,635;12,88
627,876;12,87
628,118;12,89
628,359;12,89
628,601;12,88
628,842;12,87
629,084;12,86
629,325;12,84
629,566;12,85
629,808;12,85
630,049;12,84
630,29;12,81
630,532;12,76
630,773;12,74
631,014;12,77
631,256;12,72
631,497;12,73
631,738;12,73
631,979;12,75
632,22;12,72
632,462;12,72
632,703;12,69
632,944;12,69
633,185;12,67
633,426;12,66
633,667;12,65
633,908;12,64
634,149;12,62
634,39;12,61
634,631;12,6
634,872;12,6
635,113;12,57
635,354;12,59
635,595;12,58
635,836;12,58
636,077;12,56
636,318;12,57
636,559;12,57
636,8;12,55
637,04;12,53
637,281;12,52
637,522;12,51
637,763;12,52
638,003;12,51
638,244;12,51
638,485;12,49
638,726;12,48
638,966;12,46
639,207;12,48
639,448;12,48
639,688;12,5
639,929;12,46
640,169;12,48
640,41;12,46
640,65;12,48
640,891;12,46
641,131;12,45
641,372;12,43
641,612;12,43
641,853;12,42
642,093;12,44
642,334;12,45
642,574;12,45
642,814;12,45
643,055;12,45
643,295;12,44
643,535;12,47
643,776;12,46
644,016;12,48
644,256;12,45
644,496;12,45
644,737;12,45
644,977;12,49
645,217;12,49
645,457;12,5
645,697;12,49
645,938;12,52
646,178;12,52
646,418;12,55
646,658;12,55
646,898;12,57
647,138;12,54
647,378;12,57
647,618;12,55
647,858;12,56
648,098;12,56
648,338;12,56
648,578;12,52
648,818;12,52
649,057;12,53
649,297;12,55
649,537;12,57
649,777;12,55
650,017;12,54
650,257;12,55
650,496;12,53
650,736;12,52
650,976;12,5
661,028;12,55
661,267;12,52
661,506;12,5
661,744;12,47
661,983;12,44
662,222;12,43
662,461;12,42
662,7;12,4
662,939;12,39
663,177;12,39
663,416;12,37
663,655;12,36
663,894;12,35
664,132;12,36
664,371;12,35
664,61;12,35
664,848;12,34
665,087;12,34
665,326;12,35
665,564;12,39
665,803;12,4
666,041;12,44
666,28;12,44
666,518;12,43
666,757;12,44
666,995;12,44
667,234;12,44
667,472;12,43
667,711;12,45
667,949;12,44
668,187;12,46
668,426;12,46
668,664;12,47
668,902;12,46
669,141;12,46
669,379;12,47
669,617;12,49
669,856;12,5
670,094;12,51
670,332;12,51
670,57;12,5
670,808;12,48
671,046;12,47
671,285;12,46
671,523;12,46
671,761;12,48
671,999;12,48
672,237;12,48
672,475;12,49
672,713;12,49
672,951;12,49
673,189;12,47
673,427;12,49
673,665;12,46
673,903;12,48
674,141;12,46
674,379;12,47
674,617;12,45
674,854;12,44
675,092;12,44
675,33;12,43
675,568;12,44
675,806;12,47
676,043;12,47
676,281;12,48
676,519;12,48
676,756;12,46
676,994;12,48
677,232;12,46
677,469;12,48
677,707;12,48
677,945;12,5
678,182;12,52
678,42;12,53
678,657;12,56
678,895;12,54
679,132;12,56
679,37;12,54
679,607;12,54
679,845;12,54
680,082;12,53
680,32;12,53
680,557;12,52
680,794;12,5
681,032;12,49
681,269;12,46
681,507;12,46
681,744;12,47
681,981;12,47
682,218;12,47
682,456;12,47
682,693;12,46
682,93;12,44
683,167;12,42
683,404;12,4
683,642;12,38
683,879;12,42
684,116;12,42
684,353;12,46
684,59;12,46
684,827;12,48
685,064;12,49
685,301;12,49
685,538;12,49
685,775;12,51
686,012;12,5
686,249;12,51
686,486;12,52
686,723;12,5
686,96;12,5
687,197;12,52
687,433;12,49
687,67;12,48
687,907;12,45
688,144;12,48
688,381;12,47
688,617;12,46
688,854;12,44
689,091;12,43
689,327;12,43
689,564;12,43
689,801;12,42
690,037;12,43
690,274;12,43
690,511;12,44
690,747;12,42
690,984;12,44
691,22;12,47
691,457;12,46
691,693;12,48
691,93;12,5
692,166;12,5
692,403;12,51
692,639;12,51
692,876;12,53
693,112;12,53
693,348;12,54
693,585;12,57
693,821;12,57
694,057;12,58
694,294;12,56
694,53;12,55
694,766;12,55
695,002;12,54
695,239;12,56
695,475;12,55
695,711;12,56
695,947;12,53
696,183;12,53
696,419;12,52
696,656;12,52
696,892;12,51
697,128;12,51
697,364;12,52
697,6;12,53
697,836;12,54
698,072;12,55
698,308;12,52
698,544;12,51
698,78;12,51
699,016;12,48
699,251;12,47
699,487;12,48
699,723;12,49
699,959;12,5
700,195;12,48
700,431;12,49
700,666;12,48
700,902;12,49
701,138;12,48
701,374;12,49
701,609;12,48
701,845;12,47
702,081;12,46
702,316;12,47
702,552;12,45
702,788;12,45
703,023;12,44
703,259;12,47
703,494;12,47
703,73;12,47
703,965;12,5
704,201;12,48
704,436;12,46
704,672;12,45
704,907;12,45
705,143;12,48
705,378;12,45
705,613;12,45
705,849;12,47
706,084;12,48
706,319;12,47
706,555;12,47
706,79;12,48
707,025;12,5
707,26;12,51
707,496;12,53
707,731;12,52
707,966;12,55
708,201;12,54
708,436;12,54
708,671;12,53
708,907;12,5
709,142;12,51
709,377;12,53
709,612;12,54
709,847;12,52
710,082;12,5
710,317;12,5
710,552;12,51
710,787;12,49
711,022;12,46
711,257;12,46
711,492;12,46
711,726;12,48
711,961;12,45
712,196;12,45
712,431;12,43
712,666;12,43
712,901;12,39
713,135;12,4
713,37;12,43
713,605;12,43
713,839;12,42
714,074;12,43
714,309;12,41
714,543;12,39
714,778;12,41
715,013;12,4
715,247;12,44
715,482;12,43
715,716;12,45
715,951;12,48
716,185;12,49
716,42;12,49
716,654;12,49
716,889;12,51
717,123;12,47
717,358;12,46
717,592;12,49
717,827;12,49
718,061;12,48
718,295;12,45
718,53;12,45
718,764;12,45
718,998;12,45
719,232;12,48
719,467;12,47
719,701;12,45
719,935;12,43
720,169;12,39
720,403;12,39
720,638;12,38
720,872;12,37
721,106;12,36
721,34;12,36
721,574;12,33
721,808;12,29
722,042;12,29
722,276;12,31
722,51;12,28
722,744;12,29
722,978;12,31
723,212;12,29
723,446;12,33
723,68;12,36
723,914;12,36
724,147;12,33
724,381;12,33
724,615;12,34
724,849;12,39
725,083;12,43
725,316;12,44
725,55;12,43
725,784;12,46
726,018;12,48
726,251;12,46
726,485;12,47
726,719;12,5
726,952;12,51
727,186;12,51
727,419;12,55
727,653;12,58
727,887;12,58
728,12;12,64
728,354;12,62
728,587;12,63
728,821;12,65
729,054;12,66
729,287;12,7
729,521;12,74
729,754;12,74
729,988;12,74
730,221;12,74
730,454;12,76
730,688;12,77
730,921;12,78
731,154;12,8
731,387;12,81
731,621;12,84
731,854;12,85
732,087;12,86
732,32;12,85
732,553;12,85
732,787;12,86
733,02;12,83
733,253;12,85
733,486;12,84
733,719;12,83
733,952;12,85
734,185;12,86
734,418;12,83
734,651;12,82
734,884;12,84
735,117;12,83
735,35;12,84
735,583;12,83
735,816;12,83
736,049;12,83
736,281;12,83
736,514;12,82
736,747;12,81
736,98;12,8
737,213;12,79
737,445;12,78
737,678;12,79
737,911;12,78
738,144;12,76
738,376;12,78
738,609;12,78
738,842;12,76
739,074;12,74
739,307;12,72
739,539;12,72
739,772;12,69
740,004;12,7
740,237;12,67
740,469;12,64
740,702;12,61
740,934;12,62
741,167;12,61
741,399;12,59
741,632;12,61
741,864;12,6
742,096;12,62
742,329;12,61
742,561;12,62
742,793;12,62
743,026;12,59
743,258;12,57
743,49;12,58
743,723;12,56
743,955;12,55
744,187;12,57
744,419;12,57
744,651;12,55
744,883;12,57
745,115;12,6
745,348;12,62
745,58;12,64
745,812;12,63
746,044;12,64
746,276;12,62
746,508;12,59
746,74;12,6
746,972;12,56
747,204;12,53
747,436;12,5
747,667;12,52
747,899;12,52
748,131;12,51
748,363;12,53
748,595;12,54
748,827;12,54
749,058;12,56
749,29;12,57
749,522;12,58
749,754;12,54
749,985;12,5
750,217;12,52
750,449;12,5
750,68;12,49
750,912;12,51
751,144;12,55
751,375;12,54
751,607;12,53
751,838;12,59
752,07;12,62
752,301;12,63
752,533;12,6
752,764;12,61
752,996;12,62
753,227;12,59
753,459;12,59
753,69;12,61
753,921;12,62
754,153;12,59
754,384;12,62
754,615;12,64
754,847;12,66
755,078;12,65
755,309;12,68
755,54;12,66
755,772;12,63
756,003;12,62
756,234;12,63
756,465;12,66
756,696;12,64
756,927;12,65
757,159;12,63
757,39;12,68
757,621;12,68
757,852;12,68
758,083;12,69
758,314;12,73
758,545;12,71
758,776;12,69
759,007;12,69
759,238;12,66
759,469;12,63
759,699;12,63
759,93;12,63
760,161;12,59
760,392;12,59
760,623;12,59
760,854;12,61
761,084;12,61
761,315;12,61
761,546;12,6
761,776;12,57
762,007;12,62
762,238;12,58
762,468;12,6
762,699;12,6
762,93;12,59
763,16;12,58
763,391;12,59
763,621;12,59
763,852;12,63
764,083;12,64
764,313;12,63
764,543;12,62
764,774;12,6
765,004;12,61
765,235;12,64
765,465;12,64
765,696;12,64
765,926;12,66
766,156;12,64
766,387;12,65
766,617;12,67
766,847;12,62
767,077;12,62
767,308;12,6
767,538;12,62
767,768;12,65
767,998;12,62
768,228;12,58
768,459;12,61
768,689;12,6
768,919;12,6
769,149;12,65
769,379;12,65
769,609;12,67
769,839;12,68
770,069;12,67
770,299;12,65
770,529;12,65
770,759;12,66
770,989;12,65
771,219;12,61
771,449;12,63
771,678;12,65
771,908;12,67
772,138;12,69
772,368;12,64
772,598;12,6
772,827;12,59
773,057;12,59
773,287;12,59
773,517;12,55
773,746;12,57
773,976;12,53
774,206;12,51
774,435;12,5
774,665;12,45
774,894;12,43
775,124;12,44
775,354;12,39
775,583;12,35
775,813;12,34
776,042;12,36
776,272;12,36
776,501;12,36
776,73;12,34
776,96;12,35
777,189;12,38
777,419;12,39
777,648;12,38
777,877;12,36
778,107;12,33
778,336;12,38
778,565;12,37
778,794;12,4
779,024;12,41
779,253;12,41
779,482;12,47
779,711;12,52
779,94;12,52
780,17;12,56
780,399;12,59
780,628;12,63
780,857;12,67
781,086;12,64
781,315;12,64
781,544;12,67
781,773;12,67
782,002;12,71
782,231;12,71
782,46;12,75
782,689;12,79
782,918;12,81
783,147;12,78
783,375;12,8
783,604;12,79
783,833;12,79
784,062;12,82
784,291;12,81
784,519;12,79
784,748;12,77
784,977;12,75
785,206;12,75
785,434;12,74
785,663;12,68
785,892;12,74
786,12;12,72
786,349;12,69
786,577;12,67
786,806;12,64
787,034;12,63
787,263;12,63
787,492;12,64
787,72;12,63
787,948;12,66
788,177;12,69
788,405;12,66
788,634;12,68
788,862;12,68
789,09;12,65
789,319;12,65
789,547;12,68
789,775;12,67
790,004;12,66
790,232;12,63
790,46;12,66
790,688;12,61
790,917;12,61
791,145;12,62
791,373;12,66
791,601;12,68
791,829;12,69
792,057;12,71
792,286;12,72
792,514;12,7
792,742;12,65
792,97;12,59
793,198;12,6
793,426;12,62
793,654;12,6
793,882;12,63
794,109;12,65
794,337;12,66
794,565;12,69
794,793;12,7
795,021;12,71
795,249;12,76
795,477;12,77
795,704;12,78
795,932;12,76
796,16;12,73
796,388;12,75
796,615;12,75
796,843;12,7
797,071;12,68
797,298;12,72
797,526;12,72
797,754;12,77
797,981;12,75
798,209;12,72
798,436;12,72
798,664;12,75
798,891;12,72
799,119;12,67
799,346;12,67
799,574;12,64
799,801;12,63
800,029;12,55
800,256;12,56
800,483;12,58
800,711;12,64
800,938;12,61
801,165;12,59
801,393;12,6
801,62;12,62
801,847;12,6
802,074;12,56
802,302;12,63
802,529;12,62
802,756;12,65
802,983;12,67
803,21;12,68
803,437;12,64
803,665;12,64
803,892;12,66
804,119;12,65
804,346;12,66
804,573;12,73
804,8;12,78
805,027;12,77
805,254;12,77
805,481;12,68
805,708;12,71
805,934;12,69
806,161;12,7
806,388;12,65
806,615;12,65
806,842;12,68
807,069;12,64
807,295;12,63
807,522;12,68
807,749;12,69
807,976;12,64
808,202;12,64
808,429;12,66
808,656;12,67
808,882;12,72
809,109;12,71
809,335;12,65
809,562;12,63
809,789;12,68
810,015;12,65
810,242;12,74
810,468;12,69
810,695;12,67
810,921;12,65
811,147;12,72
811,374;12,8
811,6;12,79
811,827;12,8
812,053;12,82
812,279;12,79
812,506;12,81
812,732;12,85
812,958;12,86
813,185;12,86
813,411;12,83
813,637;12,77
813,863;12,75
814,089;12,81
814,315;12,82
814,542;12,81
814,768;12,81
814,994;12,78
815,22;12,8
815,446;12,84
815,672;12,86
815,898;12,9
816,124;12,87
816,35;12,86
816,576;12,85
816,802;12,82
817,028;12,87
817,254;12,85
817,48;12,83
817,705;12,79
817,931;12,78
818,157;12,86
818,383;12,86
818,609;12,92
818,834;12,87
819,06;12,84
819,286;12,83
819,512;12,84
819,737;12,84
819,963;12,86
820,189;12,82
820,414;12,87
820,64;12,8
820,865;12,74
821,091;12,74
821,316;12,73
821,542;12,76
821,767;12,69
821,993;12,71
822,218;12,76
822,444;12,83
822,669;12,87
822,895;12,84
823,12;12,82
823,345;12,8
823,571;12,8
823,796;12,8
824,021;12,78
824,247;12,77
824,472;12,75
824,697;12,81
824,922;12,87
825,147;12,83
825,373;12,9
825,598;12,94
825,823;12,92
826,048;12,95
826,273;12,93
826,498;12,96
826,723;12,92
826,948;12,9
827,173;12,86
827,398;12,86
827,623;12,82
827,848;12,87
828,073;12,87
828,298;12,91
828,523;12,97
828,748;12,99
828,973;13,02
829,197;13,08
829,422;12,98
829,647;13
829,872;12,94
830,097;12,89
830,321;12,94
830,546;12,96
830,771;12,94
830,995;12,97
831,22;12,98
831,445;13
831,669;13
831,894;13,02
832,118;12,98
832,343;13,07
832,567;13,09
832,792;13,16
833,016;13,15
833,241;13,1
833,465;13,09
833,69;13,13
833,914;13,05
834,139;13,14
834,363;13,1
834,587;13,24
834,812;13,32
835,036;13,26
835,26;13,28
835,485;13,3
835,709;13,32
835,933;13,34
836,157;13,36
836,381;13,41
836,606;13,43
836,83;13,43
837,054;13,35
837,278;13,31
837,502;13,3
837,726;13,25
837,95;13,25
838,174;13,3
838,398;13,28
838,622;13,31
838,846;13,29
839,07;13,28
839,294;13,23
839,518;13,14
839,742;13,17
839,966;13,22
840,189;13,22
840,413;13,18
840,637;13,18
840,861;13,15
841,085;13,05
841,308;13,1
841,532;13,18
841,756;13,22
841,979;13,25
842,203;13,29
842,427;13,31
842,65;13,31
842,874;13,31
843,098;13,3
843,321;13,39
843,545;13,44
843,768;13,44
843,992;13,4
844,215;13,37
844,439;13,39
844,662;13,35
844,886;13,39
845,109;13,39
845,332;13,42
845,556;13,48
845,779;13,62
846,002;13,56
846,226;13,53
846,449;13,56
846,672;13,6
846,895;13,5
847,119;13,52
847,342;13,52
847,565;13,53
847,788;13,58
848,011;13,55
848,234;13,5
848,457;13,45
848,681;13,45
848,904;13,58
849,127;13,53
849,35;13,49
849,573;13,52
849,796;13,53
850,019;13,48
850,241;13,53
850,464;13,45
850,687;13,48
850,91;13,46
851,133;13,45
851,356;13,45
851,579;13,48
851,801;13,51
852,024;13,55
852,247;13,48
852,47;13,52
852,692;13,5
852,915;13,58
853,138;13,64
853,36;13,69
853,583;13,6
853,806;13,65
854,028;13,76
854,251;13,69
854,473;13,7
854,696;13,72
854,918;13,64
855,141;13,63
855,363;13,64
855,586;13,71
855,808;13,74
856,031;13,7
856,253;13,7
856,475;13,66
856,698;13,65
856,92;13,72
857,142;13,62
857,365;13,63
857,587;13,57
857,809;13,54
858,031;13,55
858,253;13,6
858,476;13,6
858,698;13,58
858,92;13,67
859,142;13,68
859,364;13,67
859,586;13,72
859,808;13,82
860,03;13,88
860,252;13,83
860,474;13,82
860,696;13,89
860,918;13,88
861,14;13,94
861,362;13,93
861,584;13,99
861,806;14,05
862,028;14,16
862,25;14,19
862,471;14,23
862,693;14,18
862,915;14,17
863,137;14,14
863,358;14,13
863,58;14,09
863,802;14,06
864,024;14,03
864,245;14,04
864,467;13,95
864,688;13,9
864,91;13,91
865,132;13,96
865,353;13,94
865,575;13,95
865,796;13,88
866,018;13,89
866,239;13,81
866,461;13,85
866,682;13,72
866,903;13,68
867,125;13,74
867,346;13,85
867,567;13,82
867,789;13,83
868,01;13,88
868,231;13,84
868,453;13,89
868,674;14,02
868,895;14,03
869,116;14
869,337;14,03
869,559;14,15
869,78;14,13
870,001;14,12
870,222;14,16
870,443;14,28
870,664;14,38
870,885;14,38
871,106;14,35
871,327;14,46
871,548;14,46
871,769;14,35
871,99;14,29
872,211;14,31
872,432;14,34
872,653;14,21
872,874;14,28
873,094;14,34
873,315;14,25
873,536;14,18
873,757;14,31
873,978;14,25
874,198;14,14
874,419;14,14
874,64;14,19
874,86;14,24
875,081;14,25
875,302;14,17
875,522;14,2
875,743;14,23
875,963;14,16
876,184;14,14
876,404;14,16
876,625;14,15
876,845;14,23
877,066;14,27
877,286;14,37
877,507;14,42
877,727;14,44
877,947;14,4
878,168;14,54
878,388;14,47
878,609;14,5
878,829;14,53
879,049;14,55
879,269;14,6
879,49;14,66
879,71;14,63
879,93;14,66
880,15;14,72
880,37;14,73
880,59;14,76
880,811;14,78
881,031;14,89
881,251;14,88
881,471;14,85
881,691;14,89
881,911;14,92
882,131;14,98
882,351;14,94
882,571;14,95
882,791;14,9
883,011;14,88
883,23;14,89
883,45;14,88
883,67;14,95
883,89;14,9
884,11;14,77
884,33;14,69
884,549;14,73
884,769;14,74
884,989;14,72
885,209;14,73
885,428;14,74
885,648;14,63
885,868;14,76
886,087;14,8
886,307;14,78
886,526;14,8
886,746;14,69
886,965;14,67
887,185;14,78
887,404;14,86
887,624;14,88
887,843;14,87
888,063;14,96
888,282;14,84
888,502;14,8
888,721;14,85
888,94;14,93
889,16;14,94
889,379;14,88
889,598;14,94
889,818;14,99
890,037;14,96
890,256;15,04
890,475;15,01
890,694;15,1
890,914;15,14
891,133;15,2
891,352;15,26
891,571;15,39
891,79;15,49
892,009;15,39
892,228;15,38
892,447;15,47
892,666;15,37
892,885;15,46
893,104;15,5
893,323;15,58
893,542;15,57
893,761;15,61
893,98;15,76
894,199;15,69
894,417;15,75
894,636;15,88
894,855;15,97
895,074;16
895,293;15,89
895,511;15,87
895,73;15,86
895,949;15,76
896,167;15,7
896,386;15,78
896,605;15,83
896,823;16,04
897,042;16,02
897,26;16,05
897,479;16,02
897,697;15,97
897,916;16,09
898,134;16,09
898,353;16,15
898,571;15,99
898,79;16,13
899,008;16,15
899,227;16,12
899,445;16,17
899,663;16,17
899,882;16,22
900,1;16,28
900,318;16,25
900,536;16,44
900,755;16,56
900,973;16,41
901,191;16,45
901,409;16,47
901,627;16,39
901,846;16,54
902,064;16,59
902,282;16,72
902,5;16,56
902,718;16,63
902,936;16,56
903,154;16,72
903,372;16,63
903,59;16,58
903,808;16,67
904,026;16,67
904,244;16,65
904,462;16,59
904,679;16,6
904,897;16,65
905,115;16,62
905,333;16,49
905,551;16,54
905,768;16,44
905,986;16,44
906,204;16,61
906,422;16,64
906,639;16,65
906,857;16,67
907,074;16,73
907,292;16,73
907,51;16,69
907,727;16,69
907,945;16,66
908,162;16,73
908,38;16,76
908,597;16,76
908,815;16,79
909,032;16,93
909,25;16,93
909,467;16,97
909,684;16,87
909,902;17,01
910,119;17,12
910,337;17,23
910,554;17,19
910,771;17,15
910,988;17,19
911,206;17,2
911,423;17,28
911,64;17,4
911,857;17,39
912,074;17,45
912,291;17,5
912,509;17,48
912,726;17,44
912,943;17,43
913,16;17,42
913,377;17,62
913,594;17,56
913,811;17,55
914,028;17,46
914,245;17,59
914,462;17,65
914,679;17,61
914,896;17,67
915,112;17,84
915,329;17,95
915,546;17,86
915,763;17,88
915,98;17,77
916,196;17,78
916,413;17,87
916,63;17,84
916,847;17,78
917,063;17,92
917,28;17,96
917,497;17,82
917,713;17,85
917,93;17,86
918,146;17,93
918,363;18,14
918,579;18,27
918,796;18,37
919,012;18,27
919,229;18,23
919,445;18,23
919,662;18,05
919,878;17,92
920,095;17,94
920,311;18,08
920,527;18
920,744;17,94
920,96;17,97
921,176;17,97
921,392;18,03
921,609;18,2
921,825;18,25
922,041;18,49
922,257;18,36
922,473;18,3
922,69;18,36
922,906;18,28
923,122;18,28
923,338;18,24
923,554;18,12
923,77;18,12
923,986;18,15
924,202;18,27
924,418;18,38
924,634;18,54
924,85;18,42
925,066;18,53
925,282;18,3
925,497;18,32
925,713;18,36
925,929;18,41
926,145;18,19
926,361;18,1
926,576;18,03
926,792;17,94
927,008;18,05
927,224;17,96
927,439;17,76
927,655;17,61
927,871;17,55
928,086;17,72
928,302;17,7
928,517;17,64
928,733;17,6
928,948;17,54
929,164;17,49
929,379;17,52
929,595;17,58
929,81;17,78
930,026;17,71
930,241;17,68
930,456;17,6
930,672;17,69
930,887;17,68
931,102;17,77
931,318;18,02
931,533;17,92
931,748;18,02
931,964;18,21
932,179;18,26
932,394;18,25
932,609;18,32
932,824;18,33
933,039;18,41
933,255;18,47
933,47;18,79
933,685;18,85
933,9;19,06
934,115;19,27
934,33;19,38
934,545;19,67
934,76;19,95
934,975;20,11
935,19;20,29
935,404;20,64
935,619;20,84
935,834;21,23
936,049;21,36
936,264;21,46
936,479;21,75
936,693;22,11
936,908;22,63
937,123;22,87
937,338;23,44
937,552;23,94
937,767;24,4
937,982;24,51
938,196;25,06
938,411;25,44
938,625;25,66
938,84;25,87
939,055;26,22
939,269;26,65
939,484;27,31
939,698;27,65
939,912;28,16
940,127;28,4
940,341;28,18
940,556;28,46
940,77;29,26
940,984;29,81
941,199;30,7
941,413;30,54
941,627;30,93
941,842;31,36
942,056;32,16
942,27;32,49
942,484;32,79
942,699;32,75
942,913;32,84
943,127;33,03
943,341;34,71
943,555;34,95
943,769;35,18
943,983;35,28
944,197;35,46
944,411;35,96
944,625;36,26
944,839;36,52
945,053;37,79
945,267;38,57
945,481;38,46
945,695;38,94
945,909;39,12
946,123;39,66
946,336;39,74
946,55;38,76
946,764;38,26
946,978;37,77
947,192;37,95
947,405;37,51
947,619;37,52
947,833;36,44
948,046;36,04
948,26;35,26
948,474;35,92
948,687;36,65
948,901;35,67
949,114;35,48
949,328;35,53
949,541;34,35
949,755;33,27
949,968;33,2
950,182;32,73
950,395;32,87
950,609;32,05
950,822;31,67
951,035;31,75
951,249;31,61
951,462;32,11
951,675;32,58
951,889;33,06
952,102;32,94
952,315;33,04
952,528;33,13
952,741;33,55
952,955;33,56
953,168;33,21
953,381;33,61
953,594;33,89
953,807;33,8
954,02;35,01
954,233;34,93
954,446;34,85
954,659;34,41
954,872;34,44
955,085;34,62
955,298;34,25
955,511;34,26
955,724;34,58
955,937;34,03
956,15;33,85
956,362;33,61
956,575;33,86
956,788;33,43
957,001;33,16
957,214;33,34
957,426;32,73
957,639;32,19
957,852;32,03
958,064;31,76
958,277;31,2
958,49;30,06
958,702;30,55
958,915;30,54
959,127;30,41
959,34;30,76
959,552;30,67
959,765;30,75
959,977;31,17
960,19;30,66
960,402;30,38
960,615;29,49
960,827;29,44
961,039;29,16
961,252;29,58
961,464;29,26
961,676;28,85
961,889;29,09
962,101;29,31
962,313;29,24
962,525;29
962,738;28,92
962,95;29,32
963,162;29,28
963,374;29,52
963,586;29,66
963,798;29,22
964,01;29,16
964,222;29,28
964,434;28,74
964,646;28,64
964,858;29,18
965,07;29,42
965,282;29,3
965,494;29,09
965,706;29,1
965,918;29,36
966,13;29,78
966,342;29,59
966,553;29,85
966,765;30,1
966,977;30,61
967,189;31,69
967,401;31,86
967,612;31,76
967,824;31,47
968,036;31,26
968,247;31,44
968,459;31,27
968,67;31,32
968,882;31,19
969,094;31,86
969,305;31,69
969,517;32,14
969,728;32,17
969,94;32,24
970,151;31,99
970,362;32,35
970,574;32,63
970,785;32,65
970,997;31,99
971,208;31,37
971,419;30,98
971,631;30,41
971,842;30,85
972,053;31,04
972,264;31,45
972,476;31,56
972,687;31,41
972,898;31,55
973,109;31,66
973,32;32,15
973,531;32,13
973,742;32,13
973,954;31,41
974,165;31,4
974,376;31,43
974,587;31,94
974,798;31,63
975,009;31,51
975,22;31,5
975,43;32,92
975,641;33,35
975,852;33,72
976,063;33,95
976,274;33,33
976,485;32,47
976,695;32,11
976,906;32,27
977,117;32,28
977,328;32,4
977,538;32,71
977,749;32,56
977,96;32,75
978,17;32,93
978,381;33,31
978,592;33,87
978,802;34,19
979,013;33,93
979,223;33,71
979,434;33,47
979,644;33,91
979,855;33,8
980,065;34,08
980,276;33,94
980,486;33,92
980,696;34,3
980,907;34,62
981,117;35,1
981,327;35,97
981,538;36,13
981,748;36,47
981,958;36,32
982,169;36,64
982,379;36,26
982,589;36,28
982,799;36,72
983,009;37,03
983,219;36,63
983,43;37,02
983,64;37,72
983,85;37,94
984,06;38,24
984,27;37,71
984,48;37,62
984,69;37,79
984,9;37,57
985,11;37,04
985,32;37,44
985,529;37,27
985,739;36,19
985,949;36,62
986,159;36,38
986,369;36,28
986,579;36,33
986,788;36,96
986,998;37,39
987,208;36,86
987,417;36,11
987,627;37,12
987,837;37,12
988,046;37,16
988,256;37,34
988,466;36,19
988,675;36
988,885;35,92
989,094;35,71
989,304;36,16
989,513;36,45
989,723;36,92
989,932;36,94
990,142;37,47
990,351;37,3
990,56;38,66
990,77;38,56
990,979;38,86
991,188;38,71
991,398;38,62
991,607;39,72
991,816;40,38
992,025;40,35
992,235;40,65
992,444;41,4
992,653;41,05
992,862;41,54
993,071;41,56
993,28;41,34
993,489;42,05
993,698;41,94
993,908;42,07
994,117;42,42
994,326;43,42
994,534;43,67
994,743;43,73
994,952;42,38
995,161;42,59
995,37;47,1
995,579;47,92
995,788;47,89
995,997;46,81
996,205;46,36
996,414;47,01
996,623;46,31
996,832;45,6
997,04;46,01
997,249;46,69
997,458;47,07
997,666;48,29
997,875;48,74
998,084;48,95
998,292;49,38
998,501;49,4
998,709;48,57
998,918;48,52
999,126;48,32
999,335;49,82
999,543;50,4
999,752;45,19
999,96;44,3
1000,169;45,33
1000,377;46,25
1000,585;47,61
1000,794;46,68
1001,002;47,35
1001,21;47,8
1001,418;48,17
1001,627;47,88
1001,835;49,97
1002,043;50,68
1002,251;50,94
1002,459;52,85
1002,668;52,95
1002,876;53,34
1003,084;53,87
1003,292;53,49
1003,5;54,51
1003,708;55,78
1003,916;56,03
1004,124;56,54
1004,332;58,09
1004,54;57,75
1004,748;57,86
1004,956;56,35
1005,163;56,11
1005,371;57,17
1005,579;57,08
1005,787;56,11
1005,995;57,19
1006,202;55,87
1006,41;55,13
1006,618;54,72
1006,826;53,52
1007,033;54
1007,241;54,41
1007,449;54,28
1007,656;54,98
1007,864;53,88
1008,071;51,87
1008,279;51,33
1008,486;52,08
1008,694;50,16
1008,901;49,89
1009,109;50,18
1009,316;51,59
1009,524;53,44
1009,731;52,25
1009,938;52,28
1010,146;53,25
1010,353;53,94
1010,56;52,62
1010,768;53,05
1010,975;53,41
1011,182;52,86
1011,389;51,95
1011,597;50,44
1011,804;50,82
1012,011;51,72
1012,218;54,41
1012,425;54,89
1012,632;56,73
1012,839;56,4
1013,046;57,15
1013,253;56,64
1013,46;57,12
1013,667;57,06
1013,874;55,47
1014,081;54,85
1014,288;55,31
1014,495;55,98
1014,702;54,97
1014,909;56,65
1015,116;56,57
1015,323;57,62
1015,529;57,58
1015,736;57,92
1015,943;59,92
1016,15;60,35
1016,356;60,28
1016,563;58,24
1016,77;58,49
1016,976;57,58
1017,183;58,25
1017,389;59,15
1017,596;61,58
1017,803;61,35
1018,009;61,25
1018,216;62,72
1018,422;66,08
1018,629;66,13
1018,835;67,05
1019,041;67,37
1019,248;67,46
1019,454;67,63
1019,661;68,32
1019,867;69,06
1020,073;70,83
1020,279;70,02
1020,486;70,5
1020,692;69,73
1020,898;70,94
1021,104;69,97
1021,311;70,13
1021,517;69,63
1021,723;70,66
1021,929;69,88
1022,135;70,01
1022,341;71,41
1022,547;71,52
1022,753;70,9
1022,959;73,04
1023,165;71,7
1023,371;70,86
1023,577;69,98
1023,783;70,58
1023,989;66,6
1024,195;69,56
1024,401;71,43
1024,607;72,44
1024,812;72,28
1025,018;73,38
1025,224;73,86
1025,43;74,74
1025,635;75,54
1025,841;77,23
1026,047;76,15
1026,252;78,4
1026,458;79,41
1026,664;78,51
1026,869;78,97
1027,075;79,28
1027,28;79,94
1027,486;81,66
1027,691;85
1027,897;85,54
1028,102;84,52
1028,308;86,26
1028,513;84,9
1028,719;82,49
1028,924;82,52
1029,129;81,91
1029,335;83,82
1029,54;81,32
1029,745;81,66
1029,95;83,71
1030,156;81,74
1030,361;83,06
1030,566;81,98
1030,771;81,25
1030,976;82,04
1031,182;81,92
1031,387;79,33
1031,592;79,97
1031,797;81,2
1032,002;78,79
1032,207;80,95
1032,412;81,1
1032,617;83,5
1032,822;81,23
1033,027;83,78
1033,232;86,08
1033,437;87,31
1033,642;87,28
1033,846;90,07
1034,051;89,48
1034,256;86,28
1034,461;87,7
1034,666;86,69
1034,87;87,49
1035,075;87,89
1035,28;86,63
1035,484;88,81
1035,689;91,03
1035,894;87,19
1036,098;86,75
1036,303;89,72
1036,507;87,55
1036,712;90,36
1036,917;90,21
1037,121;91,62
1037,325;88,12
1037,53;87,06
1037,734;88,4
1037,939;87,91
1038,143;90,55
1038,348;94,41
1038,552;97,74
1038,756;96,78
1038,961;99,09
1039,165;96,79
1039,369;99,91
1039,573;100,19
1039,778;101,11
1039,982;102,57
1040,186;107,98
1040,39;110,97
1040,594;108,66
1040,798;112,13
1041,002;108,72
1041,206;111,54
1041,41;115,18
1041,614;118,23
1041,818;118,14
1042,022;116,84
1042,226;117,09
1042,43;115,64
1042,634;119,82
1042,838;120,74
1043,042;121,61
1043,246;120,86
1043,45;124,85
1043,653;122,03
1043,857;126,99
1044,061;129,42
1044,265;129,06
1044,468;126,1
1044,672;125,86
1044,876;130,75
1045,079;129,01
1045,283;131,77
1045,487;127,33
1045,69;128,57
1045,894;131,59
1046,097;133,89
1046,301;132,89
1046,504;131,64
1046,708;134,02
1046,911;127,29
1047,115;126,14
1047,318;129,96
1047,522;133,72
1047,725;131,28
1047,928;131,78
1048,132;131,93
1048,335;129,65
1048,538;128,4
1048,741;131,84
1048,945;130,51
1049,148;130,05
1049,351;132,74
1049,554;139,55
1049,757;141,67
1049,96;142,56
1050,163;140
1050,367;136,71
1050,57;143,03
1050,773;144,94
1050,976;144,9
1051,179;151,57
1051,382;154,76
1051,585;156,06
1051,787;158,87
1051,99;160,77
1052,193;164,95
1052,396;169,9
1052,599;167,24
1052,802;165,25
1053,005;162,47
1053,207;168,88
1053,41;164,8
1053,613;169,44
1053,815;161,66
1054,018;159,85
1054,221;161,62
1054,423;162,94
1054,626;165,9
1054,829;165,45
1055,031;170,56
1055,234;172,22
1055,436;165,63
1055,639;161,39
1055,841;159,16
1056,044;153,99
1056,246;155,47
