Data from bitumeWhite_Reflection__7__11.txt Node;
"Date: Fri Sep 12 10:39:11 CEST 2025 User: sycur";
186,01;-7513,46
186,281;-28014,71
186,552;504,92
186,822;268,87
187,093;54,55
187,364;-456,99
187,635;72904,26
187,905;463,95
188,176;193,75
188,447;149,55
188,717;113,71
188,988;129,87
189,258;140,55
189,529;157,32
189,8;150,84
190,07;134,94
190,341;126,67
190,611;113,94
190,882;108,32
191,152;101,84
191,423;96,77
191,693;93,53
191,964;93,84
192,234;88,78
192,505;82,7
192,775;82,47
193,045;77,17
193,316;74,24
193,586;72,59
193,856;73,5
194,127;71,95
194,397;72,29
194,667;69,77
194,938;69,27
195,208;66,06
195,478;65,75
195,748;64,36
196,019;63,74
196,289;63,49
196,559;62,37
196,829;61,86
197,099;60,75
197,37;58,7
197,64;57,17
197,91;56,05
198,18;55,89
198,45;53,82
198,72;53,47
198,99;51,82
199,26;51,7
199,53;51,3
199,8;51,34
200,07;50,69
200,34;50,47
200,61;49,07
200,88;49,19
201,15;48,47
201,42;48,28
201,69;47,5
201,96;47,28
202,23;46,63
202,499;45,6
202,769;45,56
203,039;45,21
203,309;44,05
203,579;43,79
203,849;43,47
204,118;43,17
204,388;42,19
204,658;41,73
204,927;40,99
205,197;40,36
205,467;39,25
205,736;38,9
206,006;38,13
206,276;37,6
206,545;36,34
206,815;36,06
207,085;35,56
207,354;35,25
207,624;34,81
207,893;34,01
208,163;33,62
208,432;33,08
208,702;32,75
208,971;32,52
209,241;31,91
209,51;31,26
209,78;30,97
210,049;30,81
210,318;30,43
210,588;30,3
210,857;29,81
211,127;29,77
211,396;29,41
211,665;29,17
211,935;29,1
212,204;29,28
212,473;28,79
212,742;28,55
213,012;28,38
213,281;27,97
213,55;27,88
213,819;27,63
214,088;27,41
214,358;27,05
214,627;26,82
214,896;26,7
215,165;26,36
215,434;25,92
215,703;25,7
215,972;25,64
216,241;25,29
216,51;25,06
216,779;24,65
217,048;24,6
217,317;24,47
217,586;24,27
217,855;23,99
218,124;24,06
218,393;23,94
218,662;23,59
218,931;23,47
219,2;23,25
219,469;23,19
219,738;23,08
220,006;23,04
220,275;22,98
220,544;22,94
220,813;22,98
221,082;22,99
221,35;22,92
221,619;22,84
221,888;22,85
222,157;22,84
222,425;22,86
222,694;22,69
222,963;22,63
223,231;22,52
223,5;22,5
223,769;22,34
224,037;22,36
224,306;22,37
224,574;22,36
224,843;22,38
225,111;22,44
225,38;22,4
225,648;22,4
225,917;22,29
226,185;22,54
226,454;22,51
226,722;22,5
226,991;22,55
227,259;22,52
227,528;22,49
227,796;22,56
228,064;22,54
228,333;22,64
228,601;22,69
228,869;22,72
229,138;22,68
229,406;22,72
229,674;22,67
229,942;22,75
230,211;22,75
230,479;22,8
230,747;22,75
231,015;22,77
231,283;22,82
231,552;22,9
231,82;22,7
232,088;22,71
232,356;22,73
232,624;22,74
232,892;22,77
233,16;22,77
233,428;22,71
233,696;22,76
233,964;22,71
234,232;22,73
234,5;22,73
234,768;22,77
235,036;22,74
235,304;22,78
235,572;22,72
235,84;22,74
236,108;22,72
236,376;22,77
236,644;22,81
236,912;22,76
237,179;22,73
237,447;22,73
237,715;22,76
237,983;22,78
238,251;22,72
238,518;22,72
238,786;22,7
239,054;22,69
239,322;22,64
239,589;22,68
239,857;22,65
240,125;22,68
240,392;22,61
240,66;22,63
240,927;22,59
241,195;22,6
241,463;22,58
241,73;22,59
241,998;22,52
242,265;22,45
242,533;22,43
242,8;22,43
243,068;22,41
243,335;22,36
243,603;22,3
243,87;22,31
244,138;22,26
244,405;22,25
244,672;22,24
244,94;22,25
245,207;22,17
245,474;22,14
245,742;22,06
246,009;22,07
246,276;22,02
246,544;21,99
246,811;21,99
247,078;21,97
247,345;21,92
247,613;21,88
247,88;21,81
248,147;21,77
248,414;21,71
248,681;21,68
248,948;21,68
249,215;21,66
249,483;21,57
249,75;21,51
250,017;21,47
250,284;21,43
250,551;21,36
250,818;21,32
251,085;21,25
251,352;21,23
251,619;21,18
251,886;21,15
252,153;21,12
252,42;21,03
252,687;20,97
252,953;20,93
253,22;20,91
253,487;20,94
253,754;20,9
254,021;20,86
254,288;20,77
254,555;20,75
254,821;20,71
255,088;20,71
255,355;20,69
255,622;20,66
255,888;20,61
256,155;20,59
256,422;20,56
256,688;20,52
256,955;20,48
257,222;20,45
257,488;20,39
257,755;20,35
258,022;20,31
258,288;20,28
258,555;20,22
258,821;20,2
259,088;20,13
259,354;20,09
259,621;20,09
259,887;20,07
260,154;19,99
260,42;19,92
260,687;19,88
260,953;19,82
261,219;19,76
261,486;19,72
261,752;19,67
262,019;19,67
262,285;19,62
262,551;19,58
262,818;19,55
263,084;19,52
263,35;19,48
263,616;19,46
263,883;19,42
264,149;19,4
264,415;19,33
264,681;19,33
264,947;19,31
265,214;19,25
265,48;19,25
265,746;19,23
266,012;19,21
266,278;19,17
266,544;19,16
266,81;19,16
267,076;19,14
267,342;19,1
267,608;19,04
267,874;19,03
268,14;19,01
268,406;18,97
268,672;18,95
268,938;18,94
269,204;18,88
269,47;18,85
269,736;18,81
270,002;18,8
270,268;18,73
270,533;18,69
270,799;18,66
271,065;18,62
271,331;18,59
271,597;18,56
271,862;18,53
272,128;18,51
272,394;18,47
272,66;18,45
272,925;18,42
273,191;18,41
273,457;18,36
273,722;18,36
273,988;18,34
274,254;18,31
274,519;18,28
274,785;18,28
275,05;18,26
275,316;18,24
275,582;18,24
275,847;18,22
276,113;18,19
276,378;18,17
276,644;18,16
276,909;18,13
277,174;18,12
277,44;18,13
277,705;18,1
277,971;18,09
278,236;18,09
278,501;18,07
278,767;18,05
279,032;18,03
279,297;17,98
279,563;17,96
279,828;17,98
280,093;17,96
280,358;17,93
280,624;17,94
280,889;17,92
281,154;17,91
281,419;17,88
281,684;17,86
281,95;17,88
282,215;17,87
282,48;17,86
282,745;17,86
283,01;17,82
283,275;17,82
283,54;17,78
283,805;17,75
284,07;17,75
284,335;17,74
284,6;17,71
284,865;17,73
285,13;17,72
285,395;17,69
285,66;17,69
285,925;17,71
286,19;17,7
286,455;17,7
286,72;17,71
286,985;17,73
287,249;17,75
287,514;17,75
287,779;17,74
288,044;17,74
288,309;17,73
288,573;17,73
288,838;17,73
289,103;17,74
289,367;17,74
289,632;17,72
289,897;17,75
290,161;17,77
290,426;17,75
290,691;17,77
290,955;17,74
291,22;17,75
291,484;17,73
291,749;17,71
292,014;17,7
292,278;17,67
292,543;17,65
292,807;17,63
293,072;17,64
293,336;17,62
293,6;17,62
293,865;17,61
294,129;17,6
294,394;17,61
294,658;17,62
294,922;17,6
295,187;17,6
295,451;17,59
295,715;17,6
295,98;17,63
296,244;17,59
296,508;17,6
296,773;17,59
297,037;17,57
297,301;17,56
297,565;17,57
297,829;17,56
298,094;17,58
298,358;17,59
298,622;17,56
298,886;17,54
299,15;17,54
299,414;17,52
299,678;17,54
299,942;17,53
300,206;17,48
300,47;17,48
300,734;17,47
300,998;17,45
301,262;17,44
301,526;17,4
301,79;17,39
302,054;17,36
302,318;17,35
302,582;17,34
302,846;17,33
303,11;17,32
303,374;17,32
303,637;17,29
303,901;17,29
304,165;17,27
304,429;17,28
304,693;17,23
304,956;17,23
305,22;17,2
305,484;17,18
305,747;17,17
306,011;17,15
306,275;17,12
306,538;17,1
306,802;17,08
307,066;17,08
307,329;17,07
307,593;17,07
307,856;17,04
308,12;17,02
308,384;16,99
308,647;16,95
308,911;16,93
309,174;16,89
309,438;16,83
309,701;16,82
309,964;16,8
310,228;16,79
310,491;16,76
310,755;16,74
311,018;16,77
311,281;16,77
311,545;16,74
311,808;16,73
312,071;16,7
312,335;16,66
312,598;16,64
312,861;16,62
313,124;16,57
313,388;16,56
313,651;16,57
313,914;16,53
314,177;16,5
314,44;16,47
314,704;16,49
314,967;16,48
315,23;16,45
315,493;16,42
315,756;16,4
316,019;16,38
316,282;16,38
316,545;16,32
316,808;16,32
317,071;16,34
317,334;16,32
317,597;16,31
317,86;16,3
318,123;16,25
318,386;16,28
318,649;16,27
318,912;16,26
319,175;16,2
319,437;16,2
319,7;16,2
319,963;16,18
320,226;16,13
320,489;16,11
320,751;16,08
321,014;16,07
321,277;16,06
321,54;16,05
321,802;16
322,065;15,97
322,328;15,91
322,59;15,85
322,853;15,83
323,116;15,8
323,378;15,8
323,641;15,79
323,903;15,74
324,166;15,71
324,428;15,67
324,691;15,66
324,953;15,64
325,216;15,61
325,478;15,6
325,741;15,57
326,003;15,55
326,266;15,5
326,528;15,46
326,791;15,45
327,053;15,42
327,315;15,39
327,578;15,38
327,84;15,35
328,102;15,34
328,365;15,32
328,627;15,32
328,889;15,25
329,151;15,24
329,414;15,24
329,676;15,2
329,938;15,17
330,2;15,14
330,462;15,09
330,725;15,07
330,987;15,03
331,249;15,01
331,511;14,98
331,773;14,97
332,035;14,99
332,297;14,99
332,559;14,96
332,821;14,92
333,083;14,88
333,345;14,86
333,607;14,82
333,869;14,81
334,131;14,75
334,393;14,76
334,655;14,71
334,917;14,67
335,179;14,65
335,44;14,65
335,702;14,64
335,964;14,66
336,226;14,64
336,488;14,64
336,749;14,64
337,011;14,64
337,273;14,64
337,535;14,61
337,796;14,54
338,058;14,57
338,32;14,57
338,581;14,53
338,843;14,53
339,105;14,54
339,366;14,5
339,628;14,53
339,889;14,52
340,151;14,53
340,412;14,51
340,674;14,51
340,935;14,5
341,197;14,52
341,458;14,5
341,72;14,49
341,981;14,49
342,243;14,48
342,504;14,46
342,766;14,46
343,027;14,44
343,288;14,42
343,55;14,35
343,811;14,33
344,072;14,33
344,334;14,32
344,595;14,29
344,856;14,26
345,117;14,22
345,379;14,22
345,64;14,19
345,901;14,16
346,162;14,12
346,423;14,07
346,684;14
346,946;13,96
347,207;13,92
347,468;13,87
347,729;13,81
347,99;13,78
348,251;13,71
348,512;13,66
348,773;13,66
349,034;13,64
349,295;13,65
349,556;13,61
349,817;13,56
350,078;13,52
350,339;13,54
350,6;13,51
350,86;13,45
351,121;13,45
351,382;13,4
351,643;13,37
351,904;13,35
352,165;13,37
352,425;13,35
352,686;13,34
352,947;13,3
353,208;13,33
353,468;13,36
353,729;13,37
353,99;13,35
354,25;13,32
354,511;13,28
354,772;13,24
355,032;13,27
355,293;13,25
355,553;13,26
355,814;13,21
356,074;13,18
356,335;13,11
356,596;13,07
356,856;13,11
357,116;13,11
357,377;13,15
357,637;13,13
357,898;13,12
358,158;13,12
358,419;13,09
358,679;13,05
358,939;13
359,2;12,96
359,46;13,02
359,72;12,98
359,981;13,01
360,241;12,96
360,501;12,93
360,761;12,97
361,022;12,93
361,282;12,96
361,542;12,96
361,802;12,98
362,062;12,99
362,323;12,93
362,583;12,95
362,843;12,92
363,103;12,91
363,363;12,86
363,623;12,86
363,883;12,89
364,143;12,88
364,403;12,85
364,663;12,87
364,923;12,81
365,183;12,84
365,443;12,85
365,703;12,87
365,963;12,85
366,223;12,8
366,483;12,8
366,743;12,77
367,002;12,78
367,262;12,81
367,522;12,78
367,782;12,79
368,042;12,74
368,301;12,74
368,561;12,68
368,821;12,7
369,081;12,64
369,34;12,57
369,6;12,54
369,86;12,6
370,119;12,55
370,379;12,54
370,638;12,49
370,898;12,43
371,158;12,41
371,417;12,39
371,677;12,38
371,936;12,34
372,196;12,36
372,455;12,32
372,715;12,31
372,974;12,32
373,234;12,3
373,493;12,33
373,753;12,29
374,012;12,33
374,271;12,34
374,531;12,39
374,79;12,44
375,049;12,45
375,309;12,41
375,568;12,4
375,827;12,4
376,086;12,4
376,346;12,43
376,605;12,47
376,864;12,49
377,123;12,51
377,383;12,52
377,642;12,5
377,901;12,52
378,16;12,49
378,419;12,43
378,678;12,41
378,937;12,38
379,196;12,36
379,455;12,33
379,714;12,31
379,973;12,24
380,232;12,23
380,491;12,25
380,75;12,23
381,009;12,23
381,268;12,27
381,527;12,23
381,786;12,21
382,045;12,14
382,304;12,15
382,563;12,11
382,821;12,11
383,08;12,09
383,339;12,08
383,598;12,07
383,857;12,08
384,115;12,11
384,374;12,12
384,633;12,14
384,891;12,16
385,15;12,14
385,409;12,17
385,667;12,18
385,926;12,11
386,185;12,05
386,443;12,06
386,702;12
386,96;12,04
387,219;12,03
387,477;12,05
387,736;12,03
387,994;12,03
388,253;12,01
388,511;12,02
388,77;12
389,028;11,97
389,287;11,99
389,545;11,94
389,803;11,9
390,062;11,88
390,32;11,88
390,578;11,85
390,837;11,86
391,095;11,82
391,353;11,88
391,612;11,86
391,87;11,87
392,128;11,9
392,386;11,86
392,644;11,89
392,903;11,87
393,161;11,83
393,419;11,81
393,677;11,82
393,935;11,78
394,193;11,75
394,451;11,82
394,709;11,77
394,967;11,83
395,225;11,8
395,483;11,8
395,741;11,79
395,999;11,85
396,257;11,85
396,515;11,85
396,773;11,87
397,031;11,89
397,289;11,91
397,547;11,86
397,805;11,86
398,062;11,85
398,32;11,83
398,578;11,86
398,836;11,84
399,094;11,82
399,351;11,84
399,609;11,85
399,867;11,79
400,124;11,8
400,382;11,79
400,64;11,84
400,897;11,88
401,155;11,81
401,413;11,83
401,67;11,8
401,928;11,85
402,185;11,75
402,443;11,75
402,701;11,72
402,958;11,73
403,216;11,77
403,473;11,75
403,73;11,74
403,988;11,74
404,245;11,8
404,503;11,84
404,76;11,87
405,018;11,87
405,275;11,88
405,532;11,85
405,79;11,79
406,047;11,74
406,304;11,71
406,561;11,74
406,819;11,74
407,076;11,75
407,333;11,68
407,59;11,73
407,848;11,72
408,105;11,74
408,362;11,73
408,619;11,73
408,876;11,72
409,133;11,73
409,39;11,72
409,647;11,66
409,904;11,64
410,161;11,6
410,418;11,64
410,675;11,62
410,932;11,64
411,189;11,64
411,446;11,71
411,703;11,69
411,96;11,68
412,217;11,66
412,474;11,66
412,731;11,68
412,988;11,68
413,245;11,71
413,501;11,64
413,758;11,64
414,015;11,58
414,272;11,6
414,529;11,6
414,785;11,63
415,042;11,63
415,299;11,6
415,555;11,58
415,812;11,54
416,069;11,58
416,325;11,57
416,582;11,58
416,838;11,56
417,095;11,51
417,352;11,42
417,608;11,44
417,865;11,38
418,121;11,39
418,378;11,39
418,634;11,38
418,891;11,42
419,147;11,45
419,403;11,5
419,66;11,52
419,916;11,52
420,173;11,49
420,429;11,5
420,685;11,54
420,942;11,62
421,198;11,62
421,454;11,63
421,711;11,66
421,967;11,63
422,223;11,59
422,479;11,69
422,735;11,75
422,992;11,7
423,248;11,71
423,504;11,72
423,76;11,74
424,016;11,75
424,272;11,76
424,528;11,74
424,784;11,76
425,041;11,7
425,297;11,68
425,553;11,68
425,809;11,74
426,065;11,71
426,32;11,68
426,576;11,71
426,832;11,68
427,088;11,64
427,344;11,66
427,6;11,68
427,856;11,61
428,112;11,65
428,368;11,69
428,623;11,68
428,879;11,66
429,135;11,63
429,391;11,58
429,646;11,54
429,902;11,48
430,158;11,46
430,414;11,48
430,669;11,51
430,925;11,5
431,181;11,48
431,436;11,5
431,692;11,5
431,947;11,48
432,203;11,48
432,458;11,49
432,714;11,46
432,97;11,45
433,225;11,44
433,481;11,43
433,736;11,41
433,991;11,42
434,247;11,41
434,502;11,4
434,758;11,43
435,013;11,48
435,268;11,5
435,524;11,51
435,779;11,53
436,034;11,54
436,29;11,56
436,545;11,52
436,8;11,53
437,056;11,49
437,311;11,48
437,566;11,46
437,821;11,51
438,076;11,49
438,331;11,54
438,587;11,56
438,842;11,55
439,097;11,55
439,352;11,55
439,607;11,57
439,862;11,62
440,117;11,65
440,372;11,63
440,627;11,67
440,882;11,68
441,137;11,67
441,392;11,67
441,647;11,67
441,902;11,69
442,157;11,67
442,412;11,72
442,667;11,73
442,921;11,76
443,176;11,75
443,431;11,81
443,686;11,77
443,941;11,77
444,195;11,77
444,45;11,8
444,705;11,83
444,96;11,82
445,214;11,78
445,469;11,77
445,724;11,76
445,978;11,72
446,233;11,7
446,487;11,68
446,742;11,65
446,997;11,63
447,251;11,59
447,506;11,64
447,76;11,63
448,015;11,62
448,269;11,6
448,524;11,56
448,778;11,56
449,033;11,56
449,287;11,57
449,541;11,58
449,796;11,55
450,05;11,48
450,305;11,44
450,559;11,43
450,813;11,42
451,067;11,4
451,322;11,4
451,576;11,42
451,83;11,43
452,084;11,44
452,339;11,42
452,593;11,4
452,847;11,33
453,101;11,32
453,355;11,36
453,609;11,37
453,864;11,37
454,118;11,33
454,372;11,35
454,626;11,38
454,88;11,39
455,134;11,38
455,388;11,45
455,642;11,49
455,896;11,5
456,15;11,46
456,404;11,54
456,658;11,54
456,912;11,54
457,165;11,55
457,419;11,53
457,673;11,56
457,927;11,61
458,181;11,64
458,435;11,67
458,688;11,65
458,942;11,65
459,196;11,66
459,45;11,68
459,703;11,64
459,957;11,6
460,211;11,58
460,464;11,61
460,718;11,59
460,972;11,65
461,225;11,64
461,479;11,65
461,732;11,64
461,986;11,69
462,239;11,67
462,493;11,66
462,746;11,76
463;11,75
463,253;11,76
463,507;11,75
463,76;11,73
464,014;11,75
464,267;11,73
464,52;11,76
464,774;11,8
465,027;11,84
465,28;11,88
465,534;11,88
465,787;11,88
466,04;11,9
466,294;11,85
466,547;11,86
466,8;11,94
467,053;11,9
467,306;11,88
467,56;11,9
467,813;11,91
468,066;11,86
468,319;11,89
468,572;11,87
468,825;11,94
469,078;11,94
469,331;11,98
469,584;11,97
469,837;11,97
470,09;11,97
470,343;11,97
470,596;11,98
470,849;12,02
471,102;12,06
471,355;12,06
471,608;12,1
471,861;12,16
472,114;12,13
472,367;12,13
472,619;12,14
472,872;12,16
473,125;12,16
473,378;12,18
473,631;12,2
473,883;12,22
474,136;12,24
474,389;12,25
474,641;12,23
474,894;12,28
475,147;12,3
475,399;12,31
475,652;12,35
475,905;12,35
476,157;12,34
476,41;12,33
476,662;12,37
476,915;12,37
477,167;12,37
477,42;12,42
477,672;12,46
477,925;12,49
478,177;12,5
478,43;12,56
478,682;12,58
478,934;12,62
479,187;12,65
479,439;12,67
479,691;12,72
479,944;12,81
480,196;12,83
480,448;12,88
480,701;12,92
480,953;12,96
481,205;13,02
481,457;13,07
481,709;13,11
481,962;13,16
482,214;13,23
482,466;13,33
482,718;13,42
482,97;13,57
483,222;13,69
483,474;13,83
483,726;13,9
483,978;13,97
484,23;14,03
484,482;14,07
484,734;14,11
484,986;14,12
485,238;14,1
485,49;14,13
485,742;14,14
485,994;14,16
486,246;14,16
486,498;14,15
486,75;14,14
487,001;14,16
487,253;14,14
487,505;14,15
487,757;14,13
488,009;14,11
488,26;14,03
488,512;13,95
488,764;13,86
489,015;13,81
489,267;13,75
489,519;13,7
489,77;13,66
490,022;13,66
490,274;13,63
490,525;13,64
490,777;13,63
491,028;13,64
491,28;13,61
491,531;13,59
491,783;13,61
492,034;13,64
492,286;13,62
492,537;13,62
492,789;13,59
493,04;13,57
493,291;13,52
493,543;13,56
493,794;13,59
494,045;13,61
494,297;13,61
494,548;13,62
494,799;13,62
495,051;13,65
495,302;13,6
495,553;13,63
495,804;13,63
496,056;13,63
496,307;13,61
496,558;13,64
496,809;13,67
497,06;13,68
497,311;13,67
497,562;13,72
497,813;13,76
498,064;13,79
498,316;13,81
498,567;13,84
498,818;13,85
499,069;13,87
499,319;13,86
499,57;13,87
499,821;13,86
500,072;13,89
500,323;13,9
500,574;13,95
500,825;13,95
501,076;13,97
501,327;14
501,577;14,02
501,828;14
502,079;14,01
502,33;14
502,58;14,04
502,831;14
503,082;13,98
503,333;13,97
503,583;14
503,834;14,01
504,084;14,03
504,335;14,02
504,586;14,04
504,836;14,03
505,087;14,04
505,337;14,03
505,588;14,01
505,838;14,02
506,089;14,05
506,339;14,08
506,59;14,08
506,84;14,07
507,091;14,1
507,341;14,1
507,591;14,12
507,842;14,08
508,092;14,11
508,343;14,13
508,593;14,15
508,843;14,13
509,093;14,16
509,344;14,1
509,594;14,11
509,844;14,09
510,094;14,11
510,345;14,11
510,595;14,13
510,845;14,14
511,095;14,11
511,345;14,09
511,595;14,06
511,845;14,06
512,095;14,08
512,345;14,1
512,595;14,13
512,845;14,13
513,095;14,17
513,345;14,17
513,595;14,16
513,845;14,16
514,095;14,16
514,345;14,13
514,595;14,17
514,845;14,16
515,095;14,19
515,345;14,17
515,594;14,21
515,844;14,2
516,094;14,23
516,344;14,24
516,593;14,23
516,843;14,22
517,093;14,24
517,343;14,22
517,592;14,22
517,842;14,21
518,092;14,23
518,341;14,2
518,591;14,22
518,84;14,24
519,09;14,26
519,34;14,28
519,589;14,33
519,839;14,31
520,088;14,34
520,338;14,32
520,587;14,35
520,836;14,31
521,086;14,32
521,335;14,3
521,585;14,3
521,834;14,33
522,083;14,36
522,333;14,34
522,582;14,36
522,831;14,38
523,081;14,39
523,33;14,38
523,579;14,4
523,828;14,38
524,078;14,4
524,327;14,38
524,576;14,4
524,825;14,39
525,074;14,4
525,323;14,38
525,573;14,39
525,822;14,39
526,071;14,41
526,32;14,41
526,569;14,43
526,818;14,44
527,067;14,45
527,316;14,46
527,565;14,48
527,814;14,47
528,063;14,45
528,312;14,46
528,56;14,48
528,809;14,48
529,058;14,5
529,307;14,48
529,556;14,5
529,805;14,5
530,053;14,51
530,302;14,53
530,551;14,55
530,8;14,55
531,048;14,58
531,297;14,6
531,546;14,62
531,794;14,63
532,043;14,64
532,292;14,63
532,54;14,64
532,789;14,64
533,037;14,68
533,286;14,69
533,535;14,7
533,783;14,69
534,032;14,71
534,28;14,71
534,528;14,75
534,777;14,77
535,025;14,78
535,274;14,78
535,522;14,76
535,771;14,78
536,019;14,82
536,267;14,81
536,516;14,83
536,764;14,86
537,012;14,87
537,26;14,84
537,509;14,87
537,757;14,88
538,005;14,9
538,253;14,91
538,501;14,93
538,75;14,92
538,998;14,98
539,246;15
539,494;15,03
539,742;15,03
539,99;15,03
540,238;15,03
540,486;15,06
540,734;15,07
540,982;15,07
541,23;15,08
541,478;15,1
541,726;15,12
541,974;15,11
542,222;15,12
542,47;15,16
542,718;15,18
542,966;15,21
543,213;15,2
543,461;15,23
543,709;15,23
543,957;15,26
544,205;15,26
544,452;15,26
544,7;15,25
544,948;15,25
545,196;15,26
545,443;15,27
545,691;15,26
545,939;15,3
546,186;15,29
546,434;15,3
546,681;15,3
546,929;15,29
547,176;15,29
547,424;15,29
547,671;15,28
547,919;15,29
548,166;15,29
548,414;15,32
548,661;15,3
548,909;15,32
549,156;15,33
549,404;15,34
549,651;15,35
549,898;15,36
550,146;15,38
550,393;15,41
550,64;15,42
550,888;15,45
551,135;15,47
551,382;15,5
551,629;15,52
551,876;15,57
552,124;15,59
552,371;15,62
552,618;15,62
552,865;15,64
553,112;15,66
553,359;15,66
553,606;15,67
553,854;15,69
554,101;15,69
554,348;15,7
554,595;15,66
554,842;15,66
555,089;15,64
555,336;15,65
555,582;15,65
555,829;15,67
556,076;15,67
556,323;15,67
556,57;15,68
556,817;15,68
557,064;15,66
557,311;15,67
557,557;15,66
557,804;15,66
558,051;15,65
558,298;15,65
558,544;15,64
558,791;15,65
559,038;15,64
559,284;15,66
559,531;15,66
559,778;15,7
560,024;15,74
560,271;15,76
560,517;15,77
560,764;15,8
561,011;15,82
561,257;15,82
561,504;15,83
561,75;15,83
561,997;15,85
562,243;15,87
562,489;15,88
562,736;15,9
562,982;15,92
563,229;15,94
563,475;15,95
563,721;15,97
563,968;15,98
564,214;16
564,46;16,01
564,707;16,03
564,953;16,04
565,199;16,04
565,445;16,06
565,691;16,09
565,938;16,08
566,184;16,1
566,43;16,13
566,676;16,16
566,922;16,18
567,168;16,21
567,414;16,24
567,66;16,29
567,906;16,32
568,152;16,36
568,398;16,4
568,644;16,45
568,89;16,47
569,136;16,54
569,382;16,58
569,628;16,61
569,874;16,64
570,12;16,69
570,366;16,73
570,612;16,76
570,857;16,78
571,103;16,83
571,349;16,85
571,595;16,89
571,84;16,93
572,086;16,97
572,332;17
572,578;17,03
572,823;17,05
573,069;17,07
573,315;17,1
573,56;17,14
573,806;17,15
574,051;17,2
574,297;17,22
574,542;17,25
574,788;17,27
575,034;17,31
575,279;17,32
575,524;17,36
575,77;17,39
576,015;17,41
576,261;17,43
576,506;17,44
576,752;17,44
576,997;17,45
577,242;17,45
577,488;17,46
577,733;17,46
577,978;17,47
578,223;17,49
578,469;17,52
578,714;17,52
578,959;17,54
579,204;17,54
579,45;17,56
579,695;17,56
579,94;17,58
580,185;17,58
580,43;17,6
580,675;17,58
580,92;17,59
581,165;17,59
581,41;17,61
581,655;17,61
581,9;17,62
582,145;17,62
582,39;17,64
582,635;17,65
582,88;17,66
583,125;17,66
583,37;17,67
583,615;17,66
583,86;17,67
584,105;17,65
584,349;17,68
584,594;17,65
584,839;17,66
585,084;17,65
585,328;17,65
585,573;17,64
585,818;17,66
586,063;17,65
586,307;17,65
586,552;17,64
586,797;17,64
587,041;17,64
587,286;17,63
587,53;17,6
587,775;17,59
588,019;17,59
588,264;17,59
588,508;17,58
588,753;17,57
588,997;17,56
589,242;17,57
589,486;17,54
589,731;17,55
589,975;17,55
590,22;17,56
590,464;17,57
590,708;17,59
590,953;17,58
591,197;17,59
591,441;17,6
591,685;17,59
591,93;17,61
592,174;17,62
592,418;17,63
592,662;17,67
592,907;17,68
593,151;17,7
593,395;17,7
593,639;17,71
593,883;17,72
594,127;17,73
594,371;17,72
594,615;17,71
594,859;17,71
595,103;17,72
595,347;17,72
595,591;17,71
595,835;17,7
596,079;17,7
596,323;17,69
596,567;17,71
596,811;17,71
597,055;17,73
597,299;17,71
597,542;17,72
597,786;17,7
598,03;17,72
598,274;17,7
598,518;17,73
598,761;17,74
599,005;17,74
599,249;17,73
599,492;17,75
599,736;17,76
599,98;17,79
600,223;17,79
600,467;17,8
600,711;17,81
600,954;17,82
601,198;17,85
601,441;17,86
601,685;17,85
601,928;17,89
602,172;17,88
602,415;17,91
602,659;17,91
602,902;17,94
603,145;17,94
603,389;17,97
603,632;17,96
603,876;17,97
604,119;17,99
604,362;18
604,606;18,01
604,849;18,03
605,092;18,02
605,335;18,02
605,579;18,03
605,822;18,04
606,065;18,04
606,308;18,06
606,551;18,05
606,794;18,06
607,037;18,05
607,281;18,06
607,524;18,09
607,767;18,1
608,01;18,08
608,253;18,09
608,496;18,08
608,739;18,09
608,982;18,08
609,225;18,09
609,468;18,1
609,711;18,12
609,953;18,13
610,196;18,15
610,439;18,16
610,682;18,18
610,925;18,17
611,168;18,18
611,41;18,16
611,653;18,2
611,896;18,18
612,139;18,21
612,381;18,21
612,624;18,17
612,867;18,15
613,109;18,18
613,352;18,17
613,595;18,18
613,837;18,17
614,08;18,19
614,322;18,2
614,565;18,21
614,807;18,2
615,05;18,19
615,292;18,2
615,535;18,22
615,777;18,21
616,02;18,25
616,262;18,25
616,505;18,26
616,747;18,26
616,989;18,28
617,232;18,28
617,474;18,29
617,716;18,33
617,959;18,36
618,201;18,37
618,443;18,39
618,685;18,39
618,927;18,41
619,17;18,43
619,412;18,44
619,654;18,44
619,896;18,46
620,138;18,48
620,38;18,51
620,622;18,52
620,864;18,55
621,107;18,55
621,349;18,57
621,591;18,58
621,833;18,59
622,075;18,62
622,316;18,65
622,558;18,67
622,8;18,67
623,042;18,67
623,284;18,69
623,526;18,7
623,768;18,74
624,01;18,75
624,251;18,76
624,493;18,76
624,735;18,75
624,977;18,77
625,218;18,77
625,46;18,78
625,702;18,8
625,943;18,79
626,185;18,82
626,427;18,83
626,668;18,84
626,91;18,84
627,152;18,84
627,393;18,85
627,635;18,86
627,876;18,87
628,118;18,91
628,359;18,92
628,601;18,93
628,842;18,94
629,084;18,95
629,325;18,95
629,566;18,96
629,808;18,99
630,049;18,99
630,29;18,99
630,532;18,96
630,773;18,95
631,014;19
631,256;18,96
631,497;18,97
631,738;18,98
631,979;19,01
632,22;19
632,462;18,99
632,703;18,97
632,944;18,98
633,185;18,95
633,426;18,95
633,667;18,97
633,908;18,95
634,149;18,95
634,39;18,95
634,631;18,95
634,872;18,96
635,113;18,94
635,354;18,96
635,595;18,97
635,836;18,98
636,077;18,96
636,318;19
636,559;19
636,8;19,01
637,04;18,99
637,281;19
637,522;19,01
637,763;19,05
638,003;19,06
638,244;19,09
638,485;19,07
638,726;19,06
638,966;19,06
639,207;19,09
639,448;19,1
639,688;19,14
639,929;19,14
640,169;19,16
640,41;19,16
640,65;19,17
640,891;19,17
641,131;19,18
641,372;19,17
641,612;19,17
641,853;19,15
642,093;19,19
642,334;19,2
642,574;19,22
642,814;19,21
643,055;19,22
643,295;19,22
643,535;19,27
643,776;19,28
644,016;19,3
644,256;19,28
644,496;19,3
644,737;19,29
644,977;19,34
645,217;19,35
645,457;19,37
645,697;19,4
645,938;19,43
646,178;19,45
646,418;19,5
646,658;19,51
646,898;19,57
647,138;19,57
647,378;19,61
647,618;19,6
647,858;19,63
648,098;19,65
648,338;19,67
648,578;19,63
648,818;19,65
649,057;19,67
649,297;19,71
649,537;19,74
649,777;19,74
650,017;19,74
650,257;19,77
650,496;19,78
650,736;19,79
650,976;19,77
661,028;20,28
661,267;20,27
661,506;20,28
661,744;20,28
661,983;20,27
662,222;20,28
662,461;20,26
662,7;20,26
662,939;20,27
663,177;20,3
663,416;20,3
663,655;20,3
663,894;20,31
664,132;20,35
664,371;20,37
664,61;20,39
664,848;20,4
665,087;20,42
665,326;20,46
665,564;20,51
665,803;20,55
666,041;20,61
666,28;20,62
666,518;20,63
666,757;20,66
666,995;20,67
667,234;20,69
667,472;20,72
667,711;20,74
667,949;20,76
668,187;20,77
668,426;20,79
668,664;20,81
668,902;20,82
669,141;20,84
669,379;20,84
669,617;20,89
669,856;20,91
670,094;20,93
670,332;20,94
670,57;20,95
670,808;20,95
671,046;20,95
671,285;20,97
671,523;20,97
671,761;21
671,999;21,04
672,237;21,06
672,475;21,09
672,713;21,1
672,951;21,11
673,189;21,12
673,427;21,15
673,665;21,13
673,903;21,17
674,141;21,16
674,379;21,2
674,617;21,19
674,854;21,2
675,092;21,22
675,33;21,22
675,568;21,24
675,806;21,29
676,043;21,3
676,281;21,35
676,519;21,38
676,756;21,39
676,994;21,43
677,232;21,44
677,469;21,46
677,707;21,51
677,945;21,56
678,182;21,61
678,42;21,64
678,657;21,72
678,895;21,72
679,132;21,75
679,37;21,75
679,607;21,79
679,845;21,81
680,082;21,82
680,32;21,85
680,557;21,88
680,794;21,86
681,032;21,87
681,269;21,85
681,507;21,87
681,744;21,89
681,981;21,91
682,218;21,92
682,456;21,95
682,693;21,93
682,93;21,93
683,167;21,93
683,404;21,94
683,642;21,92
683,879;21,96
684,116;22,01
684,353;22,04
684,59;22,06
684,827;22,11
685,064;22,13
685,301;22,15
685,538;22,16
685,775;22,21
686,012;22,23
686,249;22,26
686,486;22,28
686,723;22,29
686,96;22,31
687,197;22,34
687,433;22,33
687,67;22,35
687,907;22,35
688,144;22,39
688,381;22,38
688,617;22,42
688,854;22,42
689,091;22,41
689,327;22,45
689,564;22,47
689,801;22,48
690,037;22,5
690,274;22,53
690,511;22,58
690,747;22,59
690,984;22,64
691,22;22,7
691,457;22,71
691,693;22,75
691,93;22,78
692,166;22,8
692,403;22,83
692,639;22,85
692,876;22,89
693,112;22,91
693,348;22,94
693,585;22,99
693,821;23,01
694,057;23,05
694,294;23,05
694,53;23,06
694,766;23,07
695,002;23,09
695,239;23,12
695,475;23,13
695,711;23,15
695,947;23,13
696,183;23,13
696,419;23,15
696,656;23,18
696,892;23,2
697,128;23,24
697,364;23,26
697,6;23,28
697,836;23,3
698,072;23,34
698,308;23,34
698,544;23,34
698,78;23,37
699,016;23,36
699,251;23,38
699,487;23,44
699,723;23,48
699,959;23,5
700,195;23,51
700,431;23,52
700,666;23,52
700,902;23,55
701,138;23,57
701,374;23,61
701,609;23,62
701,845;23,63
702,081;23,63
702,316;23,67
702,552;23,68
702,788;23,7
703,023;23,71
703,259;23,76
703,494;23,78
703,73;23,8
703,965;23,86
704,201;23,87
704,436;23,87
704,672;23,88
704,907;23,9
705,143;23,95
705,378;23,95
705,613;23,99
705,849;24,03
706,084;24,05
706,319;24,04
706,555;24,06
706,79;24,08
707,025;24,13
707,26;24,16
707,496;24,2
707,731;24,21
707,966;24,27
708,201;24,27
708,436;24,31
708,671;24,32
708,907;24,31
709,142;24,33
709,377;24,36
709,612;24,39
709,847;24,39
710,082;24,37
710,317;24,4
710,552;24,42
710,787;24,44
711,022;24,43
711,257;24,45
711,492;24,46
711,726;24,52
711,961;24,52
712,196;24,56
712,431;24,57
712,666;24,58
712,901;24,54
713,135;24,57
713,37;24,62
713,605;24,66
713,839;24,68
714,074;24,7
714,309;24,72
714,543;24,72
714,778;24,77
715,013;24,79
715,247;24,87
715,482;24,88
715,716;24,93
715,951;25
716,185;25,06
716,42;25,11
716,654;25,1
716,889;25,13
717,123;25,11
717,358;25,14
717,592;25,2
717,827;25,24
718,061;25,27
718,295;25,25
718,53;25,27
718,764;25,31
718,998;25,33
719,232;25,38
719,467;25,41
719,701;25,42
719,935;25,44
720,169;25,4
720,403;25,42
720,638;25,43
720,872;25,43
721,106;25,43
721,34;25,45
721,574;25,45
721,808;25,44
722,042;25,49
722,276;25,52
722,51;25,53
722,744;25,54
722,978;25,61
723,212;25,61
723,446;25,68
723,68;25,71
723,914;25,73
724,147;25,74
724,381;25,76
724,615;25,8
724,849;25,86
725,083;25,93
725,316;25,96
725,55;26
725,784;26,07
726,018;26,12
726,251;26,14
726,485;26,19
726,719;26,25
726,952;26,27
727,186;26,31
727,419;26,37
727,653;26,45
727,887;26,47
728,12;26,57
728,354;26,58
728,587;26,63
728,821;26,69
729,054;26,73
729,287;26,8
729,521;26,88
729,754;26,91
729,988;26,95
730,221;26,99
730,454;27,03
730,688;27,05
730,921;27,07
731,154;27,11
731,387;27,17
731,621;27,22
731,854;27,28
732,087;27,31
732,32;27,33
732,553;27,34
732,787;27,37
733,02;27,37
733,253;27,44
733,486;27,46
733,719;27,48
733,952;27,55
734,185;27,58
734,418;27,57
734,651;27,6
734,884;27,63
735,117;27,67
735,35;27,69
735,583;27,71
735,816;27,75
736,049;27,78
736,281;27,79
736,514;27,8
736,747;27,8
736,98;27,82
737,213;27,83
737,445;27,85
737,678;27,89
737,911;27,88
738,144;27,87
738,376;27,9
738,609;27,91
738,842;27,9
739,074;27,89
739,307;27,9
739,539;27,9
739,772;27,91
740,004;27,92
740,237;27,92
740,469;27,91
740,702;27,9
740,934;27,96
741,167;27,98
741,399;27,99
741,632;28,06
741,864;28,08
742,096;28,14
742,329;28,17
742,561;28,2
742,793;28,22
743,026;28,23
743,258;28,23
743,49;28,26
743,723;28,27
743,955;28,29
744,187;28,31
744,419;28,37
744,651;28,36
744,883;28,41
745,115;28,47
745,348;28,5
745,58;28,54
745,812;28,53
746,044;28,56
746,276;28,57
746,508;28,54
746,74;28,56
746,972;28,54
747,204;28,56
747,436;28,54
747,667;28,6
747,899;28,61
748,131;28,64
748,363;28,7
748,595;28,71
748,827;28,75
749,058;28,79
749,29;28,84
749,522;28,88
749,754;28,88
749,985;28,88
750,217;28,93
750,449;28,93
750,68;28,97
750,912;29,03
751,144;29,1
751,375;29,13
751,607;29,14
751,838;29,23
752,07;29,29
752,301;29,32
752,533;29,33
752,764;29,37
752,996;29,41
753,227;29,42
753,459;29,47
753,69;29,52
753,921;29,56
754,153;29,56
754,384;29,63
754,615;29,69
754,847;29,74
755,078;29,77
755,309;29,84
755,54;29,82
755,772;29,79
756,003;29,79
756,234;29,84
756,465;29,9
756,696;29,89
756,927;29,92
757,159;29,93
757,39;29,99
757,621;30,02
757,852;30,05
758,083;30,1
758,314;30,18
758,545;30,21
758,776;30,22
759,007;30,26
759,238;30,23
759,469;30,23
759,699;30,26
759,93;30,28
760,161;30,28
760,392;30,34
760,623;30,4
760,854;30,48
761,084;30,53
761,315;30,57
761,546;30,6
761,776;30,61
762,007;30,7
762,238;30,7
762,468;30,75
762,699;30,79
762,93;30,8
763,16;30,83
763,391;30,87
763,621;30,86
763,852;30,91
764,083;30,94
764,313;30,95
764,543;30,97
764,774;31
765,004;31,02
765,235;31,06
765,465;31,07
765,696;31,1
765,926;31,15
766,156;31,17
766,387;31,22
766,617;31,27
766,847;31,26
767,077;31,31
767,308;31,32
767,538;31,36
767,768;31,43
767,998;31,41
768,228;31,42
768,459;31,51
768,689;31,56
768,919;31,62
769,149;31,72
769,379;31,73
769,609;31,77
769,839;31,85
770,069;31,86
770,299;31,89
770,529;31,89
770,759;31,91
770,989;31,92
771,219;31,91
771,449;31,93
771,678;31,94
771,908;31,99
772,138;32,05
772,368;32,04
772,598;32,01
772,827;32,04
773,057;32,06
773,287;32,06
773,517;32,06
773,746;32,08
773,976;32,06
774,206;32,07
774,435;32,09
774,665;32,07
774,894;32,1
775,124;32,14
775,354;32,13
775,583;32,12
775,813;32,12
776,042;32,17
776,272;32,21
776,501;32,27
776,73;32,28
776,96;32,32
777,189;32,36
777,419;32,4
777,648;32,4
777,877;32,4
778,107;32,42
778,336;32,49
778,565;32,51
778,794;32,59
779,024;32,66
779,253;32,67
779,482;32,76
779,711;32,81
779,94;32,83
780,17;32,9
780,399;32,98
780,628;33,08
780,857;33,17
781,086;33,17
781,315;33,2
781,544;33,26
781,773;33,28
782,002;33,38
782,231;33,44
782,46;33,52
782,689;33,59
782,918;33,64
783,147;33,64
783,375;33,7
783,604;33,72
783,833;33,74
784,062;33,81
784,291;33,83
784,519;33,86
784,748;33,88
784,977;33,88
785,206;33,88
785,434;33,88
785,663;33,84
785,892;33,93
786,12;33,94
786,349;33,94
786,577;33,97
786,806;33,95
787,034;33,98
787,263;34
787,492;34,03
787,72;34,06
787,948;34,13
788,177;34,17
788,405;34,17
788,634;34,2
788,862;34,24
789,09;34,23
789,319;34,25
789,547;34,34
789,775;34,38
790,004;34,43
790,232;34,46
790,46;34,53
790,688;34,51
790,917;34,55
791,145;34,58
791,373;34,64
791,601;34,7
791,829;34,73
792,057;34,79
792,286;34,87
792,514;34,9
792,742;34,88
792,97;34,85
793,198;34,9
793,426;34,97
793,654;34,99
793,882;35,07
794,109;35,13
794,337;35,16
794,565;35,21
794,793;35,26
795,021;35,3
795,249;35,38
795,477;35,43
795,704;35,46
795,932;35,47
796,16;35,48
796,388;35,53
796,615;35,54
796,843;35,52
797,071;35,5
797,298;35,56
797,526;35,59
797,754;35,67
797,981;35,68
798,209;35,66
798,436;35,68
798,664;35,75
798,891;35,74
799,119;35,69
799,346;35,7
799,574;35,67
799,801;35,72
800,029;35,67
800,256;35,67
800,483;35,69
800,711;35,76
800,938;35,8
801,165;35,8
801,393;35,84
801,62;35,89
801,847;35,91
802,074;35,88
802,302;35,99
802,529;36,01
802,756;36,08
802,983;36,14
803,21;36,18
803,437;36,14
803,665;36,21
803,892;36,26
804,119;36,3
804,346;36,38
804,573;36,43
804,8;36,51
805,027;36,56
805,254;36,62
805,481;36,55
805,708;36,58
805,934;36,61
806,161;36,68
806,388;36,66
806,615;36,69
806,842;36,77
807,069;36,74
807,295;36,81
807,522;36,9
807,749;36,94
807,976;36,93
808,202;36,97
808,429;37,01
808,656;37,03
808,882;37,14
809,109;37,16
809,335;37,13
809,562;37,15
809,789;37,25
810,015;37,25
810,242;37,4
810,468;37,39
810,695;37,4
810,921;37,37
811,147;37,49
811,374;37,61
811,6;37,66
811,827;37,7
812,053;37,67
812,279;37,65
812,506;37,64
812,732;37,68
812,958;37,73
813,185;37,77
813,411;37,78
813,637;37,72
813,863;37,73
814,089;37,82
814,315;37,86
814,542;37,86
814,768;37,91
814,994;37,9
815,22;37,96
815,446;38,05
815,672;38,1
815,898;38,19
816,124;38,16
816,35;38,16
816,576;38,2
816,802;38,2
817,028;38,29
817,254;38,35
817,48;38,39
817,705;38,39
817,931;38,41
818,157;38,53
818,383;38,58
818,609;38,63
818,834;38,62
819,06;38,64
819,286;38,66
819,512;38,71
819,737;38,74
819,963;38,82
820,189;38,82
820,414;38,96
820,64;38,9
820,865;38,89
821,091;38,93
821,316;38,91
821,542;39,01
821,767;38,99
821,993;39,03
822,218;39,09
822,444;39,18
822,669;39,24
822,895;39,26
823,12;39,27
823,345;39,35
823,571;39,38
823,796;39,41
824,021;39,46
824,247;39,44
824,472;39,46
824,697;39,53
824,922;39,62
825,147;39,62
825,373;39,72
825,598;39,83
825,823;39,83
826,048;39,94
826,273;39,97
826,498;40,03
826,723;40,04
826,948;40,09
827,173;40,1
827,398;40,13
827,623;40,12
827,848;40,2
828,073;40,23
828,298;40,32
828,523;40,39
828,748;40,4
828,973;40,46
829,197;40,58
829,422;40,52
829,647;40,59
829,872;40,47
830,097;40,46
830,321;40,54
830,546;40,6
830,771;40,63
830,995;40,65
831,22;40,69
831,445;40,76
831,669;40,78
831,894;40,84
832,118;40,86
832,343;40,96
832,567;41,07
832,792;41,2
833,016;41,22
833,241;41,23
833,465;41,26
833,69;41,35
833,914;41,29
834,139;41,4
834,363;41,37
834,587;41,61
834,812;41,69
835,036;41,66
835,26;41,71
835,485;41,72
835,709;41,79
835,933;41,89
836,157;41,93
836,381;42,01
836,606;42,11
836,83;42,11
837,054;42,11
837,278;42,03
837,502;41,97
837,726;41,96
837,95;41,96
838,174;42,06
838,398;42,05
838,622;42,08
838,846;42,08
839,07;42,09
839,294;42,08
839,518;42,02
839,742;42,08
839,966;42,18
840,189;42,24
840,413;42,25
840,637;42,26
840,861;42,3
841,085;42,24
841,308;42,28
841,532;42,4
841,756;42,45
841,979;42,49
842,203;42,61
842,427;42,67
842,65;42,71
842,874;42,76
843,098;42,84
843,321;42,98
843,545;43,11
843,768;43,15
843,992;43,13
844,215;43,19
844,439;43,23
844,662;43,22
844,886;43,28
845,109;43,28
845,332;43,34
845,556;43,37
845,779;43,54
846,002;43,5
846,226;43,51
846,449;43,58
846,672;43,68
846,895;43,65
847,119;43,69
847,342;43,76
847,565;43,78
847,788;43,84
848,011;43,88
848,234;43,84
848,457;43,88
848,681;43,9
848,904;44,01
849,127;44,02
849,35;43,97
849,573;44,07
849,796;44,13
850,019;44,07
850,241;44,19
850,464;44,2
850,687;44,29
850,91;44,33
851,133;44,35
851,356;44,43
851,579;44,46
851,801;44,53
852,024;44,62
852,247;44,6
852,47;44,69
852,692;44,71
852,915;44,86
853,138;44,95
853,36;45,08
853,583;45,03
853,806;45,15
854,028;45,33
854,251;45,27
854,473;45,35
854,696;45,49
854,918;45,44
855,141;45,43
855,363;45,5
855,586;45,55
855,808;45,64
856,031;45,59
856,253;45,62
856,475;45,6
856,698;45,56
856,92;45,63
857,142;45,58
857,365;45,61
857,587;45,55
857,809;45,57
858,031;45,55
858,253;45,6
858,476;45,56
858,698;45,57
858,92;45,72
859,142;45,72
859,364;45,69
859,586;45,77
859,808;45,9
860,03;45,95
860,252;45,96
860,474;45,98
860,696;46,09
860,918;46,16
861,14;46,26
861,362;46,32
861,584;46,44
861,806;46,5
862,028;46,59
862,25;46,64
862,471;46,68
862,693;46,67
862,915;46,76
863,137;46,81
863,358;46,85
863,58;46,81
863,802;46,83
864,024;46,87
864,245;46,89
864,467;46,81
864,688;46,88
864,91;46,93
865,132;46,97
865,353;47,01
865,575;47
865,796;47,04
866,018;47,13
866,239;47,1
866,461;47,18
866,682;47,1
866,903;47,12
867,125;47,18
867,346;47,3
867,567;47,27
867,789;47,29
868,01;47,32
868,231;47,3
868,453;47,37
868,674;47,49
868,895;47,57
869,116;47,64
869,337;47,7
869,559;47,81
869,78;47,8
870,001;47,83
870,222;47,9
870,443;48,02
870,664;48,11
870,885;48,14
871,106;48,2
871,327;48,35
871,548;48,4
871,769;48,41
871,99;48,45
872,211;48,51
872,432;48,57
872,653;48,52
872,874;48,71
873,094;48,79
873,315;48,78
873,536;48,74
873,757;48,84
873,978;48,77
874,198;48,72
874,419;48,82
874,64;48,9
874,86;49
875,081;49,04
875,302;49,04
875,522;49,12
875,743;49,13
875,963;49,17
876,184;49,16
876,404;49,23
876,625;49,24
876,845;49,4
877,066;49,45
877,286;49,54
877,507;49,62
877,727;49,7
877,947;49,64
878,168;49,78
878,388;49,79
878,609;49,84
878,829;49,93
879,049;49,93
879,269;50,04
879,49;50,1
879,71;50,08
879,93;50,1
880,15;50,18
880,37;50,2
880,59;50,2
880,811;50,26
881,031;50,36
881,251;50,36
881,471;50,29
881,691;50,46
881,911;50,56
882,131;50,59
882,351;50,6
882,571;50,69
882,791;50,73
883,011;50,71
883,23;50,77
883,45;50,81
883,67;50,97
883,89;50,94
884,11;50,85
884,33;50,87
884,549;50,95
884,769;50,99
884,989;51,01
885,209;51,11
885,428;51,21
885,648;51,14
885,868;51,26
886,087;51,37
886,307;51,3
886,526;51,37
886,746;51,33
886,965;51,31
887,185;51,43
887,404;51,49
887,624;51,59
887,843;51,64
888,063;51,7
888,282;51,65
888,502;51,59
888,721;51,71
888,94;51,8
889,16;51,89
889,379;51,89
889,598;52,02
889,818;52,08
890,037;52
890,256;52,13
890,475;52,18
890,694;52,37
890,914;52,47
891,133;52,6
891,352;52,71
891,571;52,93
891,79;53,08
892,009;53,06
892,228;53,1
892,447;53,24
892,666;53,25
892,885;53,3
893,104;53,45
893,323;53,6
893,542;53,62
893,761;53,67
893,98;53,85
894,199;53,82
894,417;53,94
894,636;54,12
894,855;54,23
895,074;54,28
895,293;54,23
895,511;54,29
895,73;54,21
895,949;54,18
896,167;54,22
896,386;54,34
896,605;54,46
896,823;54,67
897,042;54,68
897,26;54,75
897,479;54,82
897,697;54,79
897,916;54,92
898,134;54,94
898,353;55
898,571;54,86
898,79;54,99
899,008;55,04
899,227;55,07
899,445;55,14
899,663;55,22
899,882;55,26
900,1;55,36
900,318;55,45
900,536;55,59
900,755;55,71
900,973;55,6
901,191;55,69
901,409;55,76
901,627;55,75
901,846;55,89
902,064;55,98
902,282;56,1
902,5;55,96
902,718;56,17
902,936;56,11
903,154;56,32
903,372;56,27
903,59;56,25
903,808;56,33
904,026;56,44
904,244;56,45
904,462;56,44
904,679;56,42
904,897;56,55
905,115;56,66
905,333;56,56
905,551;56,7
905,768;56,64
905,986;56,69
906,204;56,85
906,422;56,92
906,639;56,97
906,857;57,07
907,074;57,22
907,292;57,18
907,51;57,2
907,727;57,28
907,945;57,33
908,162;57,43
908,38;57,54
908,597;57,53
908,815;57,57
909,032;57,78
909,25;57,92
909,467;57,96
909,684;57,89
909,902;58,1
910,119;58,18
910,337;58,32
910,554;58,29
910,771;58,26
910,988;58,3
911,206;58,3
911,423;58,42
911,64;58,57
911,857;58,59
912,074;58,65
912,291;58,68
912,509;58,75
912,726;58,77
912,943;58,73
913,16;58,78
913,377;59,01
913,594;58,96
913,811;58,9
914,028;58,8
914,245;58,99
914,462;59,07
914,679;59,02
914,896;59,13
915,112;59,3
915,329;59,49
915,546;59,6
915,763;59,69
915,98;59,63
916,196;59,68
916,413;59,85
916,63;59,89
916,847;59,92
917,063;60,08
917,28;60,17
917,497;60,11
917,713;60,24
917,93;60,34
918,146;60,47
918,363;60,73
918,579;60,99
918,796;61,14
919,012;61,09
919,229;61,21
919,445;61,12
919,662;61,12
919,878;61,04
920,095;60,99
920,311;61,06
920,527;61,06
920,744;61,05
920,96;61,15
921,176;61,19
921,392;61,26
921,609;61,53
921,825;61,59
922,041;61,87
922,257;61,8
922,473;61,9
922,69;62,03
922,906;62,1
923,122;62,09
923,338;61,93
923,554;61,83
923,77;61,92
923,986;62,16
924,202;62,27
924,418;62,46
924,634;62,74
924,85;62,84
925,066;63,04
925,282;62,86
925,497;63,11
925,713;63,21
925,929;63,4
926,145;63,22
926,361;63,27
926,576;63,31
926,792;63,4
927,008;63,45
927,224;63,46
927,439;63,31
927,655;63,27
927,871;63,39
928,086;63,59
928,302;63,59
928,517;63,66
928,733;63,72
928,948;63,72
929,164;63,7
929,379;63,76
929,595;63,77
929,81;64,05
930,026;63,91
930,241;64,01
930,456;63,93
930,672;63,97
930,887;64,03
931,102;64,12
931,318;64,34
931,533;64,3
931,748;64,46
931,964;64,7
932,179;64,73
932,394;64,69
932,609;64,85
932,824;64,8
933,039;64,78
933,255;64,77
933,47;65,11
933,685;65,16
933,9;65,3
934,115;65,5
934,33;65,55
934,545;65,86
934,76;66,02
934,975;66,09
935,19;66,27
935,404;66,65
935,619;66,73
935,834;66,93
936,049;66,95
936,264;66,93
936,479;67,13
936,693;67,36
936,908;67,85
937,123;68,16
937,338;68,75
937,552;69,17
937,767;69,69
937,982;69,72
938,196;70,11
938,411;70,53
938,625;70,77
938,84;70,86
939,055;70,89
939,269;71,4
939,484;72,18
939,698;72,71
939,912;72,98
940,127;73,5
940,341;73,49
940,556;74,16
940,77;74,89
940,984;75,44
941,199;76,55
941,413;76,7
941,627;76,87
941,842;77,27
942,056;78,49
942,27;78,74
942,484;78,84
942,699;78,94
942,913;79,16
943,127;79,34
943,341;81,48
943,555;82,02
943,769;82,28
943,983;81,88
944,197;82,34
944,411;82,62
944,625;83,03
944,839;83,18
945,053;84,72
945,267;85,31
945,481;85,29
945,695;85,84
945,909;85,55
946,123;85,96
946,336;85,94
946,55;84,59
946,764;84,2
946,978;84,11
947,192;84,27
947,405;83,86
947,619;84,37
947,833;83,2
948,046;82,8
948,26;82,11
948,474;83,25
948,687;83,58
948,901;82,96
949,114;82,65
949,328;82,71
949,541;81,33
949,755;80,5
949,968;80,41
950,182;80,18
950,395;80,46
950,609;79,93
950,822;79,64
951,035;79,99
951,249;80
951,462;80,38
951,675;81,24
951,889;81,75
952,102;81,36
952,315;80,96
952,528;81,34
952,741;81,7
952,955;81,76
953,168;81,66
953,381;82,26
953,594;82,53
953,807;82,47
954,02;83,57
954,233;83,79
954,446;83,72
954,659;83,19
954,872;83,56
955,085;83,79
955,298;83,5
955,511;83,51
955,724;83,64
955,937;83,28
956,15;83,01
956,362;82,7
956,575;83,13
956,788;83,1
957,001;82,87
957,214;83,11
957,426;82,63
957,639;81,86
957,852;81,84
958,064;81,79
958,277;81,37
958,49;80,34
958,702;80,73
958,915;80,78
959,127;81,03
959,34;81,14
959,552;80,99
959,765;81,32
959,977;81,85
960,19;81,55
960,402;81,48
960,615;80,84
960,827;80,81
961,039;80,39
961,252;80,97
961,464;80,6
961,676;80,31
961,889;80,85
962,101;81,59
962,313;81,47
962,525;81,21
962,738;81,1
962,95;81,67
963,162;81,92
963,374;82,11
963,586;82,25
963,798;82,18
964,01;82,24
964,222;82,45
964,434;81,72
964,646;81,89
964,858;82,19
965,07;82,44
965,282;82,47
965,494;82,34
965,706;82,39
965,918;82,47
966,13;83,16
966,342;82,82
966,553;82,77
966,765;83,07
966,977;83,75
967,189;84,78
967,401;85,04
967,612;84,57
967,824;84,48
968,036;83,98
968,247;84,1
968,459;84
968,67;84,1
968,882;83,88
969,094;84,42
969,305;84,46
969,517;84,93
969,728;85,13
969,94;85,3
970,151;85,11
970,362;85,71
970,574;85,84
970,785;86,06
970,997;85,59
971,208;84,85
971,419;84,31
971,631;84,03
971,842;84,41
972,053;84,89
972,264;85,35
972,476;85,89
972,687;85,81
972,898;85,78
973,109;86,3
973,32;87,4
973,531;87,56
973,742;87,43
973,954;86,73
974,165;86,96
974,376;87,23
974,587;87,92
974,798;87,95
975,009;88,01
975,22;87,9
975,43;89,46
975,641;89,86
975,852;90,52
976,063;90,97
976,274;90,4
976,485;89,39
976,695;89,09
976,906;89,23
977,117;89,05
977,328;89,26
977,538;88,82
977,749;88,44
977,96;88,55
978,17;88,78
978,381;89,15
978,592;89,8
978,802;89,86
979,013;89,4
979,223;89,19
979,434;88,99
979,644;89,38
979,855;89,2
980,065;89,58
980,276;89,41
980,486;89,47
980,696;89,82
980,907;90,23
981,117;90,89
981,327;91,79
981,538;92,32
981,748;92,99
981,958;93,38
982,169;93,92
982,379;93,67
982,589;94,02
982,799;94,69
983,009;94,82
983,219;94,76
983,43;95,25
983,64;96,25
983,85;96,41
984,06;96,59
984,27;96,25
984,48;96,54
984,69;96,61
984,9;96,23
985,11;96,12
985,32;96,89
985,529;96,73
985,739;95,6
985,949;96,01
986,159;95,79
986,369;95,42
986,579;95,7
986,788;96,58
986,998;96,63
987,208;95,77
987,417;95,08
987,627;95,89
987,837;95,92
988,046;95,54
988,256;95,97
988,466;95
988,675;94,46
988,885;94,37
989,094;94,46
989,304;94,79
989,513;94,96
989,723;95,45
989,932;95,15
990,142;95,56
990,351;95,72
990,56;97,08
990,77;97,08
990,979;96,65
991,188;95,93
991,398;96,1
991,607;97,22
991,816;97,96
992,025;97,84
992,235;98,19
992,444;99,09
992,653;98,69
992,862;99,46
993,071;99,91
993,28;99,36
993,489;100,1
993,698;99,83
993,908;100,26
994,117;100,42
994,326;101,55
994,534;101,55
994,743;101,6
994,952;100,04
995,161;100,77
995,37;106,04
995,579;107,39
995,788;107,77
995,997;107,25
996,205;106,51
996,414;107,43
996,623;106,69
996,832;105,89
997,04;106,11
997,249;106,21
997,458;106,49
997,666;108,26
997,875;108,88
998,084;109,09
998,292;109,06
998,501;109
998,709;108,2
998,918;108,31
999,126;107,98
999,335;109,64
999,543;109,9
999,752;104,58
999,96;103,76
1000,169;104,52
1000,377;105,02
1000,585;107,29
1000,794;106,38
1001,002;107,38
1001,21;108,28
1001,418;108,81
1001,627;108,57
1001,835;110,75
1002,043;110,93
1002,251;111,14
1002,459;113,27
1002,668;113,18
1002,876;113,48
1003,084;114,03
1003,292;113,45
1003,5;114,68
1003,708;116,2
1003,916;116,24
1004,124;117,55
1004,332;118,41
1004,54;118,74
1004,748;119,5
1004,956;117,56
1005,163;117,5
1005,371;118,27
1005,579;117,69
1005,787;117,02
1005,995;118,35
1006,202;117,63
1006,41;116,78
1006,618;116,12
1006,826;115,26
1007,033;116,01
1007,241;116,89
1007,449;117,28
1007,656;118,87
1007,864;117,74
1008,071;115,9
1008,279;115,8
1008,486;116,21
1008,694;114,48
1008,901;113,72
1009,109;114,2
1009,316;115,49
1009,524;117,66
1009,731;116,42
1009,938;116,63
1010,146;117,66
1010,353;118,46
1010,56;116,19
1010,768;116,91
1010,975;118,01
1011,182;116,98
1011,389;116,37
1011,597;114,2
1011,804;114,4
1012,011;115,41
1012,218;117,85
1012,425;118,22
1012,632;119,69
1012,839;118,41
1013,046;119,44
1013,253;119,08
1013,46;118,84
1013,667;118,74
1013,874;116,82
1014,081;116,7
1014,288;117,2
1014,495;118,44
1014,702;117,94
1014,909;120,71
1015,116;120,86
1015,323;121,68
1015,529;122,58
1015,736;122,93
1015,943;126,35
1016,15;126,47
1016,356;126,44
1016,563;124,18
1016,77;124,33
1016,976;123,86
1017,183;124,74
1017,389;125,58
1017,596;128,25
1017,803;128,15
1018,009;128,41
1018,216;129,56
1018,422;133,27
1018,629;134,25
1018,835;134,09
1019,041;134,11
1019,248;133,21
1019,454;134,27
1019,661;134,44
1019,867;134,76
1020,073;136,47
1020,279;135
1020,486;135,67
1020,692;134,04
1020,898;135,57
1021,104;134,52
1021,311;133,56
1021,517;132,39
1021,723;133,83
1021,929;133,03
1022,135;134,17
1022,341;135,58
1022,547;136
1022,753;134,26
1022,959;135,18
1023,165;134,42
1023,371;133,1
1023,577;133,03
1023,783;132,06
1023,989;128,02
1024,195;131,53
1024,401;133,9
1024,607;135,21
1024,812;135,51
1025,018;137,05
1025,224;137,93
1025,43;139
1025,635;141,76
1025,841;145,69
1026,047;144,88
1026,252;147,37
1026,458;147,91
1026,664;146,75
1026,869;146,73
1027,075;148,24
1027,28;149,23
1027,486;150,57
1027,691;155,47
1027,897;154,87
1028,102;154,26
1028,308;155,95
1028,513;154,25
1028,719;153,59
1028,924;153,75
1029,129;152,7
1029,335;154,49
1029,54;152,07
1029,745;151,99
1029,95;153,66
1030,156;149,94
1030,361;150,5
1030,566;149,27
1030,771;148,06
1030,976;148,68
1031,182;149,6
1031,387;147,8
1031,592;148,37
1031,797;149,9
1032,002;146,92
1032,207;150,17
1032,412;151,89
1032,617;154,54
1032,822;153,49
1033,027;153,39
1033,232;155,54
1033,437;156,39
1033,642;156,35
1033,846;158,47
1034,051;158,58
1034,256;155,68
1034,461;157,25
1034,666;157,54
1034,87;159,07
1035,075;159,28
1035,28;159,32
1035,484;161,22
1035,689;162,23
1035,894;158,62
1036,098;158,53
1036,303;160,91
1036,507;160,06
1036,712;162,89
1036,917;164,06
1037,121;163,79
1037,325;160,28
1037,53;160,13
1037,734;162,6
1037,939;162,27
1038,143;167,01
1038,348;171,15
1038,552;173,97
1038,756;174,14
1038,961;174,56
1039,165;171,29
1039,369;175,07
1039,573;173,43
1039,778;174,9
1039,982;176,98
1040,186;183,77
1040,39;186,08
1040,594;184,87
1040,798;187,41
1041,002;181,07
1041,206;183,27
1041,41;187,82
1041,614;192,67
1041,818;189,54
1042,022;186,49
1042,226;186,72
1042,43;183,78
1042,634;189,24
1042,838;190,98
1043,042;194,15
1043,246;194,78
1043,45;197,78
1043,653;194,02
1043,857;199,16
1044,061;200,52
1044,265;200,28
1044,468;198,35
1044,672;198,18
1044,876;203,95
1045,079;202,01
1045,283;207,3
1045,487;203,78
1045,69;205,43
1045,894;206,58
1046,097;211,11
1046,301;210,4
1046,504;211,4
1046,708;213,88
1046,911;206,07
1047,115;204,19
1047,318;203,85
1047,522;208,43
1047,725;204,57
1047,928;204,58
1048,132;207,52
1048,335;206,06
1048,538;208,8
1048,741;209,3
1048,945;208,98
1049,148;207,51
1049,351;209,3
1049,554;215,64
1049,757;215,99
1049,96;215,51
1050,163;216,16
1050,367;213,31
1050,57;221,82
1050,773;221,2
1050,976;220,41
1051,179;229,96
1051,382;234,85
1051,585;241,13
1051,787;243,93
1051,99;247,77
1052,193;253,24
1052,396;258,64
1052,599;256,43
1052,802;246,16
1053,005;244,37
1053,207;249,8
1053,41;243,25
1053,613;249,94
1053,815;241,64
1054,018;238,91
1054,221;242,19
1054,423;240,5
1054,626;242,89
1054,829;242,63
1055,031;249,41
1055,234;252,5
1055,436;240,39
1055,639;233,5
1055,841;226,03
1056,044;220,94
1056,246;223,85
