Data from bitumeWhite_Reflection__5__09.txt Node;
"Date: Fri Sep 12 10:29:11 CEST 2025 User: sycur";
186,01;-4274,42
186,281;-19269,12
186,552;341,2
186,822;235,11
187,093;-36,36
187,364;-226,5
187,635;42575,53
187,905;300,61
188,176;126,52
188,447;96,22
188,717;79,15
188,988;87,13
189,258;92,71
189,529;104,02
189,8;102,44
190,07;92,07
190,341;86,4
190,611;78,43
190,882;73,29
191,152;70,37
191,423;65,57
191,693;62,28
191,964;61,9
192,234;58,91
192,505;54,62
192,775;53,81
193,045;51,3
193,316;48,71
193,586;47,49
193,856;47,55
194,127;46,86
194,397;46,39
194,667;45,55
194,938;45,32
195,208;42,42
195,478;41,52
195,748;39,85
196,019;39,34
196,289;38,73
196,559;37,96
196,829;37,24
197,099;36,63
197,37;35,79
197,64;35,56
197,91;35,02
198,18;34,97
198,45;33,45
198,72;32,89
198,99;31,68
199,26;31,17
199,53;31,05
199,8;30,89
200,07;30,35
200,34;30,08
200,61;29,14
200,88;29,43
201,15;29,01
201,42;29,31
201,69;28,78
201,96;28,63
202,23;28,48
202,499;27,57
202,769;27,41
203,039;27
203,309;26,03
203,579;25,54
203,849;25,5
204,118;25,27
204,388;24,74
204,658;24,79
204,927;24,43
205,197;23,89
205,467;23,21
205,736;23,19
206,006;22,43
206,276;22,17
206,545;21,49
206,815;21,34
207,085;21,03
207,354;20,89
207,624;20,74
207,893;20,15
208,163;20,05
208,432;19,78
208,702;19,63
208,971;19,49
209,241;19,23
209,51;18,87
209,78;18,83
210,049;18,73
210,318;18,47
210,588;18,49
210,857;18,35
211,127;18,4
211,396;18,14
211,665;18,08
211,935;18,1
212,204;18,22
212,473;18,08
212,742;17,88
213,012;17,89
213,281;17,61
213,55;17,62
213,819;17,52
214,088;17,4
214,358;17,16
214,627;17,1
214,896;17
215,165;16,78
215,434;16,53
215,703;16,35
215,972;16,32
216,241;16,04
216,51;15,91
216,779;15,67
217,048;15,64
217,317;15,57
217,586;15,4
217,855;15,24
218,124;15,23
218,393;15,23
218,662;15,01
218,931;14,96
219,2;14,76
219,469;14,68
219,738;14,67
220,006;14,72
220,275;14,74
220,544;14,69
220,813;14,74
221,082;14,73
221,35;14,75
221,619;14,71
221,888;14,76
222,157;14,75
222,425;14,82
222,694;14,72
222,963;14,68
223,231;14,7
223,5;14,71
223,769;14,63
224,037;14,6
224,306;14,64
224,574;14,62
224,843;14,71
225,111;14,79
225,38;14,75
225,648;14,75
225,917;14,68
226,185;14,85
226,454;14,83
226,722;14,85
226,991;14,9
227,259;14,91
227,528;14,89
227,796;14,96
228,064;14,93
228,333;15
228,601;15,06
228,869;15,08
229,138;15,11
229,406;15,16
229,674;15,17
229,942;15,21
230,211;15,23
230,479;15,28
230,747;15,27
231,015;15,28
231,283;15,29
231,552;15,34
231,82;15,25
232,088;15,29
232,356;15,33
232,624;15,35
232,892;15,37
233,16;15,39
233,428;15,39
233,696;15,44
233,964;15,44
234,232;15,48
234,5;15,5
234,768;15,51
235,036;15,51
235,304;15,55
235,572;15,53
235,84;15,57
236,108;15,55
236,376;15,61
236,644;15,66
236,912;15,68
237,179;15,68
237,447;15,7
237,715;15,74
237,983;15,78
238,251;15,75
238,518;15,76
238,786;15,78
239,054;15,79
239,322;15,78
239,589;15,82
239,857;15,81
240,125;15,85
240,392;15,85
240,66;15,89
240,927;15,89
241,195;15,93
241,463;15,94
241,73;15,99
241,998;15,95
242,265;15,94
242,533;15,95
242,8;15,99
243,068;16
243,335;15,98
243,603;15,97
243,87;16,03
244,138;16,04
244,405;16,06
244,672;16,07
244,94;16,09
245,207;16,07
245,474;16,08
245,742;16,05
246,009;16,06
246,276;16,05
246,544;16,06
246,811;16,08
247,078;16,08
247,345;16,06
247,613;16,07
247,88;16,06
248,147;16,07
248,414;16,04
248,681;16,05
248,948;16,08
249,215;16,07
249,483;16,03
249,75;16,01
250,017;15,99
250,284;15,98
250,551;15,97
250,818;15,96
251,085;15,94
251,352;15,95
251,619;15,95
251,886;15,94
252,153;15,93
252,42;15,9
252,687;15,89
252,953;15,87
253,22;15,87
253,487;15,88
253,754;15,87
254,021;15,87
254,288;15,83
254,555;15,83
254,821;15,83
255,088;15,83
255,355;15,83
255,622;15,84
255,888;15,82
256,155;15,82
256,422;15,8
256,688;15,8
256,955;15,77
257,222;15,75
257,488;15,74
257,755;15,73
258,022;15,72
258,288;15,7
258,555;15,68
258,821;15,68
259,088;15,66
259,354;15,64
259,621;15,64
259,887;15,65
260,154;15,62
260,42;15,6
260,687;15,58
260,953;15,57
261,219;15,53
261,486;15,51
261,752;15,5
262,019;15,5
262,285;15,48
262,551;15,45
262,818;15,46
263,084;15,44
263,35;15,44
263,616;15,43
263,883;15,41
264,149;15,41
264,415;15,38
264,681;15,4
264,947;15,38
265,214;15,36
265,48;15,35
265,746;15,35
266,012;15,34
266,278;15,32
266,544;15,31
266,81;15,32
267,076;15,31
267,342;15,31
267,608;15,29
267,874;15,3
268,14;15,3
268,406;15,28
268,672;15,27
268,938;15,26
269,204;15,24
269,47;15,24
269,736;15,23
270,002;15,23
270,268;15,2
270,533;15,2
270,799;15,18
271,065;15,17
271,331;15,15
271,597;15,15
271,862;15,16
272,128;15,15
272,394;15,13
272,66;15,13
272,925;15,13
273,191;15,13
273,457;15,12
273,722;15,12
273,988;15,12
274,254;15,11
274,519;15,11
274,785;15,11
275,05;15,11
275,316;15,12
275,582;15,12
275,847;15,11
276,113;15,09
276,378;15,1
276,644;15,1
276,909;15,1
277,174;15,08
277,44;15,1
277,705;15,1
277,971;15,12
278,236;15,13
278,501;15,11
278,767;15,1
279,032;15,1
279,297;15,09
279,563;15,09
279,828;15,11
280,093;15,11
280,358;15,1
280,624;15,1
280,889;15,09
281,154;15,09
281,419;15,08
281,684;15,08
281,95;15,09
282,215;15,08
282,48;15,1
282,745;15,11
283,01;15,07
283,275;15,07
283,54;15,04
283,805;15,04
284,07;15,04
284,335;15,04
284,6;15,01
284,865;15,02
285,13;15,02
285,395;15
285,66;14,98
285,925;15
286,19;14,99
286,455;15,01
286,72;15,01
286,985;15,02
287,249;15,02
287,514;15,01
287,779;15,01
288,044;15
288,309;14,99
288,573;14,99
288,838;14,98
289,103;14,98
289,367;14,97
289,632;14,97
289,897;14,97
290,161;14,98
290,426;14,97
290,691;14,98
290,955;14,97
291,22;14,97
291,484;14,96
291,749;14,96
292,014;14,95
292,278;14,94
292,543;14,92
292,807;14,91
293,072;14,91
293,336;14,9
293,6;14,88
293,865;14,89
294,129;14,87
294,394;14,87
294,658;14,88
294,922;14,87
295,187;14,87
295,451;14,86
295,715;14,87
295,98;14,88
296,244;14,86
296,508;14,86
296,773;14,85
297,037;14,85
297,301;14,83
297,565;14,82
297,829;14,81
298,094;14,82
298,358;14,82
298,622;14,82
298,886;14,8
299,15;14,81
299,414;14,78
299,678;14,82
299,942;14,81
300,206;14,78
300,47;14,77
300,734;14,76
300,998;14,74
301,262;14,73
301,526;14,69
301,79;14,67
302,054;14,66
302,318;14,65
302,582;14,64
302,846;14,63
303,11;14,63
303,374;14,63
303,637;14,61
303,901;14,61
304,165;14,59
304,429;14,6
304,693;14,57
304,956;14,57
305,22;14,54
305,484;14,52
305,747;14,52
306,011;14,5
306,275;14,47
306,538;14,47
306,802;14,46
307,066;14,46
307,329;14,45
307,593;14,45
307,856;14,44
308,12;14,44
308,384;14,43
308,647;14,4
308,911;14,38
309,174;14,37
309,438;14,33
309,701;14,33
309,964;14,3
310,228;14,31
310,491;14,29
310,755;14,29
311,018;14,3
311,281;14,3
311,545;14,29
311,808;14,29
312,071;14,27
312,335;14,24
312,598;14,22
312,861;14,22
313,124;14,18
313,388;14,17
313,651;14,16
313,914;14,14
314,177;14,13
314,44;14,12
314,704;14,13
314,967;14,13
315,23;14,11
315,493;14,09
315,756;14,08
316,019;14,06
316,282;14,06
316,545;14,03
316,808;14,03
317,071;14,03
317,334;14,03
317,597;14,02
317,86;14,02
318,123;14,01
318,386;14,02
318,649;14,03
318,912;14,01
319,175;13,98
319,437;13,96
319,7;13,97
319,963;13,94
320,226;13,89
320,489;13,87
320,751;13,86
321,014;13,83
321,277;13,81
321,54;13,81
321,802;13,78
322,065;13,76
322,328;13,73
322,59;13,7
322,853;13,69
323,116;13,69
323,378;13,69
323,641;13,67
323,903;13,65
324,166;13,63
324,428;13,59
324,691;13,58
324,953;13,58
325,216;13,55
325,478;13,55
325,741;13,54
326,003;13,53
326,266;13,5
326,528;13,49
326,791;13,49
327,053;13,46
327,315;13,43
327,578;13,42
327,84;13,4
328,102;13,38
328,365;13,36
328,627;13,35
328,889;13,3
329,151;13,29
329,414;13,27
329,676;13,26
329,938;13,25
330,2;13,23
330,462;13,2
330,725;13,19
330,987;13,16
331,249;13,14
331,511;13,11
331,773;13,11
332,035;13,12
332,297;13,11
332,559;13,1
332,821;13,07
333,083;13,04
333,345;13,02
333,607;13,01
333,869;12,99
334,131;12,96
334,393;12,99
334,655;12,96
334,917;12,95
335,179;12,93
335,44;12,94
335,702;12,93
335,964;12,96
336,226;12,94
336,488;12,95
336,749;12,97
337,011;13,01
337,273;13
337,535;13
337,796;12,97
338,058;12,98
338,32;12,99
338,581;12,99
338,843;12,99
339,105;13
339,366;12,99
339,628;12,99
339,889;12,98
340,151;13
340,412;12,98
340,674;12,98
340,935;12,97
341,197;12,99
341,458;12,97
341,72;13
341,981;12,99
342,243;12,98
342,504;12,96
342,766;12,97
343,027;12,95
343,288;12,95
343,55;12,93
343,811;12,93
344,072;12,94
344,334;12,93
344,595;12,91
344,856;12,88
345,117;12,87
345,379;12,88
345,64;12,85
345,901;12,84
346,162;12,81
346,423;12,79
346,684;12,73
346,946;12,72
347,207;12,69
347,468;12,67
347,729;12,62
347,99;12,59
348,251;12,54
348,512;12,52
348,773;12,5
349,034;12,49
349,295;12,46
349,556;12,43
349,817;12,41
350,078;12,39
350,339;12,42
350,6;12,42
350,86;12,37
351,121;12,39
351,382;12,37
351,643;12,35
351,904;12,33
352,165;12,36
352,425;12,34
352,686;12,35
352,947;12,34
353,208;12,38
353,468;12,4
353,729;12,41
353,99;12,4
354,25;12,4
354,511;12,37
354,772;12,36
355,032;12,38
355,293;12,38
355,553;12,38
355,814;12,35
356,074;12,33
356,335;12,3
356,596;12,28
356,856;12,29
357,116;12,3
357,377;12,34
357,637;12,31
357,898;12,33
358,158;12,31
358,419;12,3
358,679;12,27
358,939;12,25
359,2;12,25
359,46;12,27
359,72;12,26
359,981;12,29
360,241;12,26
360,501;12,26
360,761;12,27
361,022;12,26
361,282;12,3
361,542;12,31
361,802;12,32
362,062;12,33
362,323;12,31
362,583;12,33
362,843;12,32
363,103;12,34
363,363;12,29
363,623;12,31
363,883;12,32
364,143;12,32
364,403;12,31
364,663;12,33
364,923;12,31
365,183;12,33
365,443;12,34
365,703;12,37
365,963;12,34
366,223;12,33
366,483;12,32
366,743;12,3
367,002;12,31
367,262;12,35
367,522;12,33
367,782;12,33
368,042;12,3
368,301;12,29
368,561;12,28
368,821;12,29
369,081;12,24
369,34;12,22
369,6;12,19
369,86;12,22
370,119;12,17
370,379;12,17
370,638;12,16
370,898;12,11
371,158;12,1
371,417;12,12
371,677;12,11
371,936;12,1
372,196;12,1
372,455;12,07
372,715;12,06
372,974;12,08
373,234;12,09
373,493;12,12
373,753;12,1
374,012;12,11
374,271;12,13
374,531;12,18
374,79;12,19
375,049;12,21
375,309;12,18
375,568;12,19
375,827;12,18
376,086;12,18
376,346;12,21
376,605;12,25
376,864;12,25
377,123;12,25
377,383;12,27
377,642;12,27
377,901;12,28
378,16;12,27
378,419;12,24
378,678;12,23
378,937;12,2
379,196;12,2
379,455;12,18
379,714;12,17
379,973;12,13
380,232;12,13
380,491;12,14
380,75;12,14
381,009;12,15
381,268;12,17
381,527;12,18
381,786;12,16
382,045;12,13
382,304;12,14
382,563;12,13
382,821;12,13
383,08;12,14
383,339;12,15
383,598;12,14
383,857;12,14
384,115;12,15
384,374;12,17
384,633;12,18
384,891;12,2
385,15;12,2
385,409;12,23
385,667;12,24
385,926;12,19
386,185;12,16
386,443;12,17
386,702;12,14
386,96;12,13
387,219;12,12
387,477;12,12
387,736;12,1
387,994;12,12
388,253;12,11
388,511;12,1
388,77;12,09
389,028;12,1
389,287;12,12
389,545;12,12
389,803;12,08
390,062;12,08
390,32;12,07
390,578;12,06
390,837;12,06
391,095;12,05
391,353;12,09
391,612;12,08
391,87;12,09
392,128;12,11
392,386;12,1
392,644;12,11
392,903;12,11
393,161;12,09
393,419;12,07
393,677;12,06
393,935;12,04
394,193;12,04
394,451;12,05
394,709;12
394,967;12,02
395,225;12,02
395,483;12,01
395,741;12,02
395,999;12,05
396,257;12,05
396,515;12,05
396,773;12,06
397,031;12,07
397,289;12,09
397,547;12,06
397,805;12,06
398,062;12,06
398,32;12,06
398,578;12,08
398,836;12,07
399,094;12,07
399,351;12,08
399,609;12,07
399,867;12,04
400,124;12,05
400,382;12,06
400,64;12,08
400,897;12,09
401,155;12,06
401,413;12,08
401,67;12,05
401,928;12,06
402,185;12,04
402,443;12,03
402,701;11,99
402,958;12,01
403,216;12,01
403,473;12,02
403,73;12,01
403,988;12,01
404,245;12,03
404,503;12,04
404,76;12,06
405,018;12,07
405,275;12,09
405,532;12,09
405,79;12,04
406,047;12,02
406,304;12,02
406,561;12,04
406,819;12,02
407,076;12,05
407,333;12,03
407,59;12,04
407,848;12,03
408,105;12,06
408,362;12,05
408,619;12,07
408,876;12,05
409,133;12,05
409,39;12,06
409,647;12,02
409,904;12,02
410,161;12,01
410,418;12,02
410,675;12,01
410,932;12,01
411,189;12,02
411,446;12,07
411,703;12,05
411,96;12,07
412,217;12,08
412,474;12,08
412,731;12,09
412,988;12,09
413,245;12,13
413,501;12,09
413,758;12,1
414,015;12,05
414,272;12,07
414,529;12,09
414,785;12,1
415,042;12,13
415,299;12,1
415,555;12,09
415,812;12,09
416,069;12,11
416,325;12,12
416,582;12,11
416,838;12,1
417,095;12,08
417,352;12,02
417,608;12,02
417,865;11,99
418,121;12
418,378;12,01
418,634;12
418,891;12,07
419,147;12,1
419,403;12,16
419,66;12,17
419,916;12,19
420,173;12,19
420,429;12,18
420,685;12,22
420,942;12,25
421,198;12,24
421,454;12,26
421,711;12,28
421,967;12,28
422,223;12,25
422,479;12,32
422,735;12,36
422,992;12,33
423,248;12,33
423,504;12,33
423,76;12,35
424,016;12,37
424,272;12,34
424,528;12,33
424,784;12,32
425,041;12,29
425,297;12,27
425,553;12,29
425,809;12,31
426,065;12,3
426,32;12,28
426,576;12,3
426,832;12,3
427,088;12,3
427,344;12,32
427,6;12,34
427,856;12,29
428,112;12,33
428,368;12,37
428,623;12,38
428,879;12,37
429,135;12,36
429,391;12,33
429,646;12,32
429,902;12,29
430,158;12,3
430,414;12,31
430,669;12,34
430,925;12,34
431,181;12,34
431,436;12,35
431,692;12,37
431,947;12,36
432,203;12,36
432,458;12,37
432,714;12,34
432,97;12,33
433,225;12,34
433,481;12,33
433,736;12,32
433,991;12,32
434,247;12,32
434,502;12,32
434,758;12,33
435,013;12,37
435,268;12,39
435,524;12,39
435,779;12,43
436,034;12,41
436,29;12,42
436,545;12,42
436,8;12,42
437,056;12,38
437,311;12,38
437,566;12,37
437,821;12,39
438,076;12,4
438,331;12,44
438,587;12,44
438,842;12,46
439,097;12,47
439,352;12,5
439,607;12,53
439,862;12,56
440,117;12,6
440,372;12,6
440,627;12,63
440,882;12,64
441,137;12,64
441,392;12,66
441,647;12,66
441,902;12,68
442,157;12,68
442,412;12,73
442,667;12,75
442,921;12,78
443,176;12,78
443,431;12,81
443,686;12,78
443,941;12,78
444,195;12,79
444,45;12,8
444,705;12,8
444,96;12,79
445,214;12,78
445,469;12,76
445,724;12,74
445,978;12,71
446,233;12,69
446,487;12,69
446,742;12,67
446,997;12,66
447,251;12,63
447,506;12,67
447,76;12,65
448,015;12,66
448,269;12,64
448,524;12,62
448,778;12,63
449,033;12,66
449,287;12,66
449,541;12,68
449,796;12,65
450,05;12,62
450,305;12,6
450,559;12,59
450,813;12,6
451,067;12,6
451,322;12,6
451,576;12,62
451,83;12,61
452,084;12,61
452,339;12,61
452,593;12,58
452,847;12,54
453,101;12,55
453,355;12,55
453,609;12,55
453,864;12,54
454,118;12,52
454,372;12,52
454,626;12,57
454,88;12,56
455,134;12,57
455,388;12,61
455,642;12,64
455,896;12,64
456,15;12,64
456,404;12,69
456,658;12,71
456,912;12,72
457,165;12,73
457,419;12,74
457,673;12,76
457,927;12,79
458,181;12,84
458,435;12,87
458,688;12,89
458,942;12,88
459,196;12,88
459,45;12,91
459,703;12,92
459,957;12,87
460,211;12,84
460,464;12,87
460,718;12,87
460,972;12,9
461,225;12,9
461,479;12,9
461,732;12,91
461,986;12,93
462,239;12,93
462,493;12,97
462,746;13,05
463;13,04
463,253;13,07
463,507;13,07
463,76;13,06
464,014;13,07
464,267;13,09
464,52;13,12
464,774;13,14
465,027;13,14
465,28;13,17
465,534;13,2
465,787;13,21
466,04;13,23
466,294;13,21
466,547;13,24
466,8;13,27
467,053;13,25
467,306;13,25
467,56;13,26
467,813;13,25
468,066;13,21
468,319;13,24
468,572;13,23
468,825;13,25
469,078;13,26
469,331;13,28
469,584;13,29
469,837;13,32
470,09;13,33
470,343;13,36
470,596;13,4
470,849;13,42
471,102;13,47
471,355;13,49
471,608;13,53
471,861;13,59
472,114;13,61
472,367;13,64
472,619;13,66
472,872;13,71
473,125;13,73
473,378;13,77
473,631;13,8
473,883;13,84
474,136;13,88
474,389;13,92
474,641;13,93
474,894;13,97
475,147;13,99
475,399;14,04
475,652;14,07
475,905;14,1
476,157;14,12
476,41;14,13
476,662;14,17
476,915;14,2
477,167;14,22
477,42;14,27
477,672;14,32
477,925;14,37
478,177;14,41
478,43;14,48
478,682;14,52
478,934;14,56
479,187;14,6
479,439;14,63
479,691;14,66
479,944;14,75
480,196;14,78
480,448;14,84
480,701;14,87
480,953;14,93
481,205;14,98
481,457;15,03
481,709;15,09
481,962;15,17
482,214;15,28
482,466;15,39
482,718;15,53
482,97;15,7
483,222;15,85
483,474;16,02
483,726;16,14
483,978;16,24
484,23;16,34
484,482;16,4
484,734;16,45
484,986;16,49
485,238;16,49
485,49;16,52
485,742;16,54
485,994;16,56
486,246;16,57
486,498;16,57
486,75;16,57
487,001;16,58
487,253;16,56
487,505;16,54
487,757;16,51
488,009;16,46
488,26;16,38
488,512;16,29
488,764;16,17
489,015;16,07
489,267;15,97
489,519;15,89
489,77;15,83
490,022;15,81
490,274;15,78
490,525;15,79
490,777;15,78
491,028;15,79
491,28;15,79
491,531;15,77
491,783;15,77
492,034;15,81
492,286;15,8
492,537;15,83
492,789;15,81
493,04;15,8
493,291;15,78
493,543;15,79
493,794;15,8
494,045;15,83
494,297;15,83
494,548;15,87
494,799;15,88
495,051;15,9
495,302;15,89
495,553;15,93
495,804;15,93
496,056;15,95
496,307;15,96
496,558;15,98
496,809;16,01
497,06;16,04
497,311;16,04
497,562;16,09
497,813;16,1
498,064;16,14
498,316;16,16
498,567;16,18
498,818;16,21
499,069;16,23
499,319;16,23
499,57;16,26
499,821;16,26
500,072;16,28
500,323;16,3
500,574;16,33
500,825;16,32
501,076;16,34
501,327;16,36
501,577;16,37
501,828;16,37
502,079;16,37
502,33;16,37
502,58;16,4
502,831;16,39
503,082;16,39
503,333;16,4
503,583;16,42
503,834;16,41
504,084;16,44
504,335;16,45
504,586;16,46
504,836;16,46
505,087;16,47
505,337;16,47
505,588;16,47
505,838;16,49
506,089;16,52
506,339;16,54
506,59;16,56
506,84;16,56
507,091;16,59
507,341;16,59
507,591;16,61
507,842;16,59
508,092;16,61
508,343;16,62
508,593;16,62
508,843;16,63
509,093;16,66
509,344;16,61
509,594;16,63
509,844;16,63
510,094;16,64
510,345;16,65
510,595;16,68
510,845;16,67
511,095;16,67
511,345;16,64
511,595;16,64
511,845;16,64
512,095;16,66
512,345;16,68
512,595;16,7
512,845;16,71
513,095;16,74
513,345;16,74
513,595;16,75
513,845;16,75
514,095;16,76
514,345;16,75
514,595;16,79
514,845;16,78
515,095;16,8
515,345;16,79
515,594;16,83
515,844;16,83
516,094;16,85
516,344;16,86
516,593;16,88
516,843;16,88
517,093;16,9
517,343;16,89
517,592;16,89
517,842;16,89
518,092;16,91
518,341;16,9
518,591;16,92
518,84;16,92
519,09;16,95
519,34;16,96
519,589;16,99
519,839;16,97
520,088;17,01
520,338;17
520,587;17,04
520,836;17,01
521,086;17,01
521,335;17,01
521,585;17,01
521,834;17,04
522,083;17,07
522,333;17,06
522,582;17,09
522,831;17,1
523,081;17,13
523,33;17,14
523,579;17,17
523,828;17,19
524,078;17,21
524,327;17,2
524,576;17,24
524,825;17,27
525,074;17,28
525,323;17,28
525,573;17,31
525,822;17,32
526,071;17,35
526,32;17,38
526,569;17,41
526,818;17,44
527,067;17,45
527,316;17,44
527,565;17,47
527,814;17,47
528,063;17,47
528,312;17,47
528,56;17,49
528,809;17,49
529,058;17,5
529,307;17,5
529,556;17,53
529,805;17,54
530,053;17,55
530,302;17,58
530,551;17,6
530,8;17,61
531,048;17,63
531,297;17,64
531,546;17,65
531,794;17,68
532,043;17,7
532,292;17,72
532,54;17,75
532,789;17,76
533,037;17,8
533,286;17,83
533,535;17,86
533,783;17,87
534,032;17,9
534,28;17,92
534,528;17,95
534,777;17,97
535,025;18
535,274;18,01
535,522;18,02
535,771;18,04
536,019;18,07
536,267;18,07
536,516;18,1
536,764;18,14
537,012;18,14
537,26;18,15
537,509;18,16
537,757;18,16
538,005;18,19
538,253;18,2
538,501;18,22
538,75;18,22
538,998;18,24
539,246;18,26
539,494;18,3
539,742;18,32
539,99;18,32
540,238;18,32
540,486;18,34
540,734;18,36
540,982;18,36
541,23;18,38
541,478;18,41
541,726;18,42
541,974;18,43
542,222;18,45
542,47;18,47
542,718;18,48
542,966;18,5
543,213;18,5
543,461;18,51
543,709;18,52
543,957;18,55
544,205;18,57
544,452;18,58
544,7;18,58
544,948;18,6
545,196;18,6
545,443;18,63
545,691;18,63
545,939;18,67
546,186;18,68
546,434;18,7
546,681;18,68
546,929;18,69
547,176;18,69
547,424;18,71
547,671;18,72
547,919;18,74
548,166;18,76
548,414;18,79
548,661;18,82
548,909;18,84
549,156;18,86
549,404;18,87
549,651;18,88
549,898;18,91
550,146;18,92
550,393;18,96
550,64;18,98
550,888;19,01
551,135;19,02
551,382;19,03
551,629;19,05
551,876;19,09
552,124;19,1
552,371;19,12
552,618;19,12
552,865;19,15
553,112;19,16
553,359;19,17
553,606;19,19
553,854;19,19
554,101;19,2
554,348;19,22
554,595;19,2
554,842;19,21
555,089;19,19
555,336;19,2
555,582;19,2
555,829;19,22
556,076;19,23
556,323;19,23
556,57;19,26
556,817;19,28
557,064;19,28
557,311;19,31
557,557;19,3
557,804;19,33
558,051;19,33
558,298;19,36
558,544;19,37
558,791;19,37
559,038;19,37
559,284;19,4
559,531;19,4
559,778;19,44
560,024;19,47
560,271;19,49
560,517;19,51
560,764;19,54
561,011;19,55
561,257;19,56
561,504;19,57
561,75;19,59
561,997;19,6
562,243;19,64
562,489;19,65
562,736;19,69
562,982;19,7
563,229;19,72
563,475;19,72
563,721;19,75
563,968;19,78
564,214;19,81
564,46;19,84
564,707;19,87
564,953;19,9
565,199;19,92
565,445;19,96
565,691;20,02
565,938;20,03
566,184;20,09
566,43;20,15
566,676;20,2
566,922;20,25
567,168;20,32
567,414;20,37
567,66;20,44
567,906;20,5
568,152;20,57
568,398;20,64
568,644;20,72
568,89;20,78
569,136;20,85
569,382;20,91
569,628;20,97
569,874;21,02
570,12;21,09
570,366;21,14
570,612;21,19
570,857;21,24
571,103;21,3
571,349;21,35
571,595;21,41
571,84;21,46
572,086;21,51
572,332;21,55
572,578;21,6
572,823;21,62
573,069;21,65
573,315;21,7
573,56;21,74
573,806;21,76
574,051;21,81
574,297;21,84
574,542;21,89
574,788;21,93
575,034;21,98
575,279;22,02
575,524;22,06
575,77;22,1
576,015;22,13
576,261;22,17
576,506;22,19
576,752;22,19
576,997;22,22
577,242;22,23
577,488;22,25
577,733;22,25
577,978;22,28
578,223;22,32
578,469;22,35
578,714;22,38
578,959;22,42
579,204;22,44
579,45;22,48
579,695;22,5
579,94;22,53
580,185;22,55
580,43;22,56
580,675;22,57
580,92;22,58
581,165;22,59
581,41;22,6
581,655;22,61
581,9;22,63
582,145;22,64
582,39;22,66
582,635;22,69
582,88;22,71
583,125;22,72
583,37;22,72
583,615;22,71
583,86;22,72
584,105;22,71
584,349;22,73
584,594;22,7
584,839;22,7
585,084;22,68
585,328;22,67
585,573;22,67
585,818;22,69
586,063;22,68
586,307;22,68
586,552;22,67
586,797;22,67
587,041;22,67
587,286;22,66
587,53;22,63
587,775;22,6
588,019;22,59
588,264;22,59
588,508;22,57
588,753;22,56
588,997;22,54
589,242;22,53
589,486;22,51
589,731;22,52
589,975;22,52
590,22;22,53
590,464;22,52
590,708;22,54
590,953;22,54
591,197;22,55
591,441;22,57
591,685;22,58
591,93;22,6
592,174;22,62
592,418;22,63
592,662;22,67
592,907;22,7
593,151;22,73
593,395;22,74
593,639;22,76
593,883;22,77
594,127;22,79
594,371;22,79
594,615;22,79
594,859;22,79
595,103;22,79
595,347;22,79
595,591;22,81
595,835;22,8
596,079;22,8
596,323;22,8
596,567;22,8
596,811;22,81
597,055;22,83
597,299;22,83
597,542;22,86
597,786;22,85
598,03;22,88
598,274;22,87
598,518;22,89
598,761;22,91
599,005;22,94
599,249;22,95
599,492;22,99
599,736;23,02
599,98;23,06
600,223;23,06
600,467;23,09
600,711;23,1
600,954;23,13
601,198;23,15
601,441;23,19
601,685;23,19
601,928;23,23
602,172;23,23
602,415;23,24
602,659;23,25
602,902;23,27
603,145;23,27
603,389;23,3
603,632;23,3
603,876;23,32
604,119;23,33
604,362;23,34
604,606;23,34
604,849;23,35
605,092;23,34
605,335;23,36
605,579;23,37
605,822;23,38
606,065;23,37
606,308;23,38
606,551;23,37
606,794;23,39
607,037;23,36
607,281;23,38
607,524;23,41
607,767;23,41
608,01;23,41
608,253;23,41
608,496;23,42
608,739;23,44
608,982;23,43
609,225;23,44
609,468;23,45
609,711;23,47
609,953;23,47
610,196;23,5
610,439;23,49
610,682;23,5
610,925;23,51
611,168;23,53
611,41;23,53
611,653;23,56
611,896;23,56
612,139;23,59
612,381;23,6
612,624;23,59
612,867;23,59
613,109;23,6
613,352;23,61
613,595;23,61
613,837;23,6
614,08;23,6
614,322;23,6
614,565;23,62
614,807;23,62
615,05;23,61
615,292;23,63
615,535;23,64
615,777;23,64
616,02;23,66
616,262;23,67
616,505;23,68
616,747;23,68
616,989;23,7
617,232;23,69
617,474;23,71
617,716;23,72
617,959;23,75
618,201;23,76
618,443;23,78
618,685;23,78
618,927;23,82
619,17;23,84
619,412;23,87
619,654;23,87
619,896;23,89
620,138;23,93
620,38;23,95
620,622;23,97
620,864;24,01
621,107;24,01
621,349;24,04
621,591;24,06
621,833;24,09
622,075;24,11
622,316;24,14
622,558;24,16
622,8;24,18
623,042;24,19
623,284;24,23
623,526;24,24
623,768;24,26
624,01;24,27
624,251;24,29
624,493;24,29
624,735;24,3
624,977;24,31
625,218;24,31
625,46;24,32
625,702;24,33
625,943;24,31
626,185;24,34
626,427;24,35
626,668;24,36
626,91;24,35
627,152;24,36
627,393;24,36
627,635;24,37
627,876;24,37
628,118;24,39
628,359;24,4
628,601;24,41
628,842;24,42
629,084;24,44
629,325;24,43
629,566;24,44
629,808;24,45
630,049;24,44
630,29;24,44
630,532;24,42
630,773;24,42
631,014;24,45
631,256;24,43
631,497;24,43
631,738;24,43
631,979;24,44
632,22;24,43
632,462;24,43
632,703;24,41
632,944;24,42
633,185;24,4
633,426;24,4
633,667;24,4
633,908;24,4
634,149;24,4
634,39;24,4
634,631;24,42
634,872;24,44
635,113;24,43
635,354;24,46
635,595;24,47
635,836;24,5
636,077;24,48
636,318;24,51
636,559;24,52
636,8;24,53
637,04;24,53
637,281;24,55
637,522;24,56
637,763;24,6
638,003;24,6
638,244;24,64
638,485;24,64
638,726;24,65
638,966;24,65
639,207;24,68
639,448;24,69
639,688;24,7
639,929;24,69
640,169;24,72
640,41;24,71
640,65;24,73
640,891;24,71
641,131;24,74
641,372;24,72
641,612;24,74
641,853;24,72
642,093;24,75
642,334;24,77
642,574;24,78
642,814;24,77
643,055;24,79
643,295;24,78
643,535;24,82
643,776;24,82
644,016;24,84
644,256;24,83
644,496;24,86
644,737;24,87
644,977;24,92
645,217;24,92
645,457;24,95
645,697;24,97
645,938;25
646,178;25,01
646,418;25,06
646,658;25,06
646,898;25,12
647,138;25,12
647,378;25,16
647,618;25,15
647,858;25,19
648,098;25,22
648,338;25,24
648,578;25,23
648,818;25,25
649,057;25,27
649,297;25,31
649,537;25,33
649,777;25,36
650,017;25,34
650,257;25,38
650,496;25,4
650,736;25,42
650,976;25,44
661,028;26,17
661,267;26,14
661,506;26,12
661,744;26,13
661,983;26,11
662,222;26,12
662,461;26,12
662,7;26,13
662,939;26,14
663,177;26,15
663,416;26,17
663,655;26,18
663,894;26,2
664,132;26,22
664,371;26,22
664,61;26,24
664,848;26,26
665,087;26,27
665,326;26,29
665,564;26,32
665,803;26,35
666,041;26,39
666,28;26,39
666,518;26,4
666,757;26,42
666,995;26,45
667,234;26,47
667,472;26,5
667,711;26,52
667,949;26,54
668,187;26,56
668,426;26,59
668,664;26,62
668,902;26,62
669,141;26,66
669,379;26,69
669,617;26,75
669,856;26,77
670,094;26,8
670,332;26,83
670,57;26,86
670,808;26,86
671,046;26,89
671,285;26,92
671,523;26,94
671,761;26,96
671,999;26,97
672,237;26,98
672,475;27,02
672,713;27,04
672,951;27,05
673,189;27,06
673,427;27,08
673,665;27,07
673,903;27,11
674,141;27,1
674,379;27,12
674,617;27,1
674,854;27,11
675,092;27,12
675,33;27,14
675,568;27,14
675,806;27,19
676,043;27,19
676,281;27,23
676,519;27,25
676,756;27,27
676,994;27,29
677,232;27,32
677,469;27,33
677,707;27,37
677,945;27,39
678,182;27,43
678,42;27,45
678,657;27,5
678,895;27,52
679,132;27,57
679,37;27,58
679,607;27,62
679,845;27,63
680,082;27,67
680,32;27,68
680,557;27,7
680,794;27,71
681,032;27,73
681,269;27,71
681,507;27,76
681,744;27,79
681,981;27,81
682,218;27,84
682,456;27,88
682,693;27,9
682,93;27,93
683,167;27,94
683,404;27,97
683,642;27,97
683,879;28,02
684,116;28,04
684,353;28,08
684,59;28,11
684,827;28,15
685,064;28,16
685,301;28,19
685,538;28,2
685,775;28,23
686,012;28,25
686,249;28,28
686,486;28,29
686,723;28,3
686,96;28,32
687,197;28,33
687,433;28,32
687,67;28,31
687,907;28,31
688,144;28,32
688,381;28,33
688,617;28,36
688,854;28,36
689,091;28,35
689,327;28,37
689,564;28,39
689,801;28,41
690,037;28,43
690,274;28,46
690,511;28,5
690,747;28,51
690,984;28,55
691,22;28,57
691,457;28,59
691,693;28,61
691,93;28,64
692,166;28,68
692,403;28,71
692,639;28,74
692,876;28,77
693,112;28,79
693,348;28,82
693,585;28,85
693,821;28,88
694,057;28,92
694,294;28,95
694,53;28,96
694,766;28,98
695,002;29,01
695,239;29,03
695,475;29,06
695,711;29,09
695,947;29,09
696,183;29,14
696,419;29,15
696,656;29,18
696,892;29,2
697,128;29,22
697,364;29,25
697,6;29,26
697,836;29,29
698,072;29,31
698,308;29,34
698,544;29,34
698,78;29,36
699,016;29,37
699,251;29,37
699,487;29,4
699,723;29,43
699,959;29,45
700,195;29,45
700,431;29,47
700,666;29,48
700,902;29,51
701,138;29,52
701,374;29,55
701,609;29,56
701,845;29,58
702,081;29,59
702,316;29,6
702,552;29,63
702,788;29,66
703,023;29,67
703,259;29,68
703,494;29,69
703,73;29,71
703,965;29,73
704,201;29,75
704,436;29,75
704,672;29,75
704,907;29,78
705,143;29,85
705,378;29,85
705,613;29,88
705,849;29,9
706,084;29,92
706,319;29,92
706,555;29,95
706,79;29,96
707,025;30
707,26;30,04
707,496;30,06
707,731;30,06
707,966;30,1
708,201;30,13
708,436;30,16
708,671;30,17
708,907;30,18
709,142;30,21
709,377;30,24
709,612;30,29
709,847;30,29
710,082;30,26
710,317;30,27
710,552;30,29
710,787;30,31
711,022;30,31
711,257;30,34
711,492;30,35
711,726;30,4
711,961;30,4
712,196;30,43
712,431;30,45
712,666;30,48
712,901;30,47
713,135;30,5
713,37;30,54
713,605;30,57
713,839;30,58
714,074;30,59
714,309;30,62
714,543;30,61
714,778;30,64
715,013;30,66
715,247;30,71
715,482;30,71
715,716;30,74
715,951;30,79
716,185;30,83
716,42;30,87
716,654;30,86
716,889;30,88
717,123;30,88
717,358;30,89
717,592;30,94
717,827;30,98
718,061;31
718,295;31,01
718,53;31,03
718,764;31,06
718,998;31,1
719,232;31,13
719,467;31,16
719,701;31,17
719,935;31,18
720,169;31,17
720,403;31,18
720,638;31,21
720,872;31,21
721,106;31,22
721,34;31,23
721,574;31,25
721,808;31,24
722,042;31,26
722,276;31,28
722,51;31,28
722,744;31,28
722,978;31,32
723,212;31,32
723,446;31,36
723,68;31,4
723,914;31,4
724,147;31,4
724,381;31,44
724,615;31,48
724,849;31,54
725,083;31,59
725,316;31,65
725,55;31,69
725,784;31,75
726,018;31,79
726,251;31,82
726,485;31,86
726,719;31,92
726,952;31,96
727,186;32,01
727,419;32,06
727,653;32,15
727,887;32,17
728,12;32,26
728,354;32,29
728,587;32,35
728,821;32,4
729,054;32,45
729,287;32,5
729,521;32,59
729,754;32,61
729,988;32,65
730,221;32,68
730,454;32,72
730,688;32,75
730,921;32,78
731,154;32,82
731,387;32,86
731,621;32,91
731,854;32,96
732,087;33,01
732,32;33,03
732,553;33,03
732,787;33,06
733,02;33,08
733,253;33,11
733,486;33,12
733,719;33,15
733,952;33,21
734,185;33,25
734,418;33,23
734,651;33,26
734,884;33,29
735,117;33,33
735,35;33,32
735,583;33,33
735,816;33,36
736,049;33,38
736,281;33,38
736,514;33,39
736,747;33,4
736,98;33,39
737,213;33,43
737,445;33,44
737,678;33,46
737,911;33,45
738,144;33,45
738,376;33,47
738,609;33,48
738,842;33,45
739,074;33,45
739,307;33,46
739,539;33,46
739,772;33,45
740,004;33,47
740,237;33,47
740,469;33,49
740,702;33,47
740,934;33,51
741,167;33,53
741,399;33,55
741,632;33,58
741,864;33,6
742,096;33,62
742,329;33,64
742,561;33,66
742,793;33,68
743,026;33,69
743,258;33,7
743,49;33,72
743,723;33,73
743,955;33,73
744,187;33,75
744,419;33,76
744,651;33,79
744,883;33,81
745,115;33,87
745,348;33,88
745,58;33,91
745,812;33,89
746,044;33,92
746,276;33,92
746,508;33,92
746,74;33,95
746,972;33,94
747,204;33,99
747,436;33,99
747,667;34,04
747,899;34,05
748,131;34,09
748,363;34,16
748,595;34,19
748,827;34,24
749,058;34,28
749,29;34,34
749,522;34,36
749,754;34,36
749,985;34,34
750,217;34,37
750,449;34,41
750,68;34,46
750,912;34,52
751,144;34,57
751,375;34,57
751,607;34,6
751,838;34,68
752,07;34,69
752,301;34,72
752,533;34,71
752,764;34,75
752,996;34,77
753,227;34,77
753,459;34,8
753,69;34,83
753,921;34,87
754,153;34,88
754,384;34,94
754,615;34,98
754,847;35,05
755,078;35,09
755,309;35,14
755,54;35,15
755,772;35,14
756,003;35,17
756,234;35,22
756,465;35,27
756,696;35,28
756,927;35,33
757,159;35,35
757,39;35,42
757,621;35,45
757,852;35,46
758,083;35,5
758,314;35,57
758,545;35,6
758,776;35,62
759,007;35,64
759,238;35,63
759,469;35,63
759,699;35,66
759,93;35,67
760,161;35,66
760,392;35,68
760,623;35,7
760,854;35,72
761,084;35,75
761,315;35,76
761,546;35,78
761,776;35,79
762,007;35,85
762,238;35,85
762,468;35,86
762,699;35,9
762,93;35,92
763,16;35,93
763,391;35,95
763,621;35,96
763,852;36
764,083;36,02
764,313;36,04
764,543;36,03
764,774;36,04
765,004;36,06
765,235;36,08
765,465;36,11
765,696;36,12
765,926;36,13
766,156;36,15
766,387;36,15
766,617;36,17
766,847;36,15
767,077;36,19
767,308;36,21
767,538;36,24
767,768;36,27
767,998;36,3
768,228;36,29
768,459;36,33
768,689;36,35
768,919;36,39
769,149;36,45
769,379;36,5
769,609;36,54
769,839;36,58
770,069;36,61
770,299;36,62
770,529;36,65
770,759;36,69
770,989;36,71
771,219;36,71
771,449;36,72
771,678;36,73
771,908;36,72
772,138;36,74
772,368;36,72
772,598;36,68
772,827;36,67
773,057;36,68
773,287;36,68
773,517;36,66
773,746;36,65
773,976;36,64
774,206;36,62
774,435;36,6
774,665;36,57
774,894;36,58
775,124;36,6
775,354;36,56
775,583;36,54
775,813;36,54
776,042;36,56
776,272;36,6
776,501;36,63
776,73;36,69
776,96;36,73
777,189;36,77
777,419;36,8
777,648;36,8
777,877;36,79
778,107;36,82
778,336;36,91
778,565;36,93
778,794;37
779,024;37,05
779,253;37,07
779,482;37,15
779,711;37,19
779,94;37,24
780,17;37,28
780,399;37,34
780,628;37,42
780,857;37,49
781,086;37,52
781,315;37,54
781,544;37,58
781,773;37,61
782,002;37,65
782,231;37,7
782,46;37,76
782,689;37,81
782,918;37,82
783,147;37,8
783,375;37,84
783,604;37,85
783,833;37,85
784,062;37,89
784,291;37,91
784,519;37,92
784,748;37,92
784,977;37,96
785,206;37,98
785,434;37,97
785,663;37,93
785,892;37,97
786,12;37,98
786,349;37,99
786,577;38
786,806;38
787,034;38,02
787,263;38,04
787,492;38,07
787,72;38,1
787,948;38,13
788,177;38,16
788,405;38,15
788,634;38,2
788,862;38,2
789,09;38,2
789,319;38,22
789,547;38,25
789,775;38,25
790,004;38,25
790,232;38,24
790,46;38,27
790,688;38,25
790,917;38,27
791,145;38,27
791,373;38,3
791,601;38,35
791,829;38,37
792,057;38,4
792,286;38,43
792,514;38,48
792,742;38,47
792,97;38,48
793,198;38,53
793,426;38,56
793,654;38,61
793,882;38,62
794,109;38,68
794,337;38,72
794,565;38,76
794,793;38,79
795,021;38,84
795,249;38,92
795,477;38,94
795,704;38,97
795,932;38,98
796,16;38,97
796,388;38,97
796,615;38,98
796,843;38,98
797,071;38,97
797,298;38,99
797,526;38,99
797,754;39,02
797,981;39,01
798,209;39,01
798,436;39
798,664;39,05
798,891;39,02
799,119;39
799,346;39,01
799,574;39,02
799,801;39
800,029;38,95
800,256;38,98
800,483;38,96
800,711;38,99
800,938;39,01
801,165;39,01
801,393;39,04
801,62;39,06
801,847;39,08
802,074;39,03
802,302;39,11
802,529;39,13
802,756;39,17
802,983;39,21
803,21;39,24
803,437;39,24
803,665;39,29
803,892;39,31
804,119;39,35
804,346;39,4
804,573;39,46
804,8;39,53
805,027;39,55
805,254;39,62
805,481;39,6
805,708;39,65
805,934;39,7
806,161;39,73
806,388;39,74
806,615;39,75
806,842;39,79
807,069;39,77
807,295;39,8
807,522;39,84
807,749;39,84
807,976;39,82
808,202;39,82
808,429;39,83
808,656;39,85
808,882;39,87
809,109;39,85
809,335;39,83
809,562;39,82
809,789;39,86
810,015;39,84
810,242;39,91
810,468;39,87
810,695;39,84
810,921;39,85
811,147;39,93
811,374;39,98
811,6;40,03
811,827;40,06
812,053;40,07
812,279;40,05
812,506;40,09
812,732;40,11
812,958;40,16
813,185;40,15
813,411;40,15
813,637;40,16
813,863;40,18
814,089;40,23
814,315;40,26
814,542;40,25
814,768;40,28
814,994;40,28
815,22;40,33
815,446;40,38
815,672;40,37
815,898;40,39
816,124;40,36
816,35;40,36
816,576;40,35
816,802;40,35
817,028;40,42
817,254;40,44
817,48;40,47
817,705;40,47
817,931;40,49
818,157;40,59
818,383;40,6
818,609;40,66
818,834;40,67
819,06;40,71
819,286;40,73
819,512;40,76
819,737;40,79
819,963;40,85
820,189;40,83
820,414;40,93
820,64;40,88
820,865;40,91
821,091;40,93
821,316;40,91
821,542;40,94
821,767;40,9
821,993;40,92
822,218;40,94
822,444;41,01
822,669;41,07
822,895;41,07
823,12;41,05
823,345;41,07
823,571;41,07
823,796;41,09
824,021;41,11
824,247;41,1
824,472;41,13
824,697;41,15
824,922;41,2
825,147;41,21
825,373;41,34
825,598;41,38
825,823;41,38
826,048;41,48
826,273;41,51
826,498;41,56
826,723;41,58
826,948;41,63
827,173;41,61
827,398;41,59
827,623;41,55
827,848;41,63
828,073;41,63
828,298;41,66
828,523;41,72
828,748;41,72
828,973;41,79
829,197;41,81
829,422;41,79
829,647;41,87
829,872;41,75
830,097;41,67
830,321;41,73
830,546;41,76
830,771;41,77
830,995;41,81
831,22;41,85
831,445;41,87
831,669;41,88
831,894;41,89
832,118;41,89
832,343;41,94
832,567;41,98
832,792;42,03
833,016;42,07
833,241;42,06
833,465;42,05
833,69;42,06
833,914;42,06
834,139;42,12
834,363;42,05
834,587;42,22
834,812;42,28
835,036;42,27
835,26;42,32
835,485;42,27
835,709;42,3
835,933;42,33
836,157;42,39
836,381;42,43
836,606;42,49
836,83;42,52
837,054;42,53
837,278;42,53
837,502;42,53
837,726;42,52
837,95;42,51
838,174;42,58
838,398;42,58
838,622;42,61
838,846;42,64
839,07;42,64
839,294;42,63
839,518;42,58
839,742;42,56
839,966;42,6
840,189;42,69
840,413;42,68
840,637;42,69
840,861;42,72
841,085;42,69
841,308;42,75
841,532;42,81
841,756;42,84
841,979;42,83
842,203;42,91
842,427;42,93
842,65;42,98
842,874;43,04
843,098;43,07
843,321;43,11
843,545;43,18
843,768;43,23
843,992;43,23
844,215;43,25
844,439;43,29
844,662;43,3
844,886;43,31
845,109;43,34
845,332;43,38
845,556;43,38
845,779;43,46
846,002;43,42
846,226;43,41
846,449;43,47
846,672;43,54
846,895;43,5
847,119;43,51
847,342;43,54
847,565;43,56
847,788;43,63
848,011;43,69
848,234;43,63
848,457;43,67
848,681;43,71
848,904;43,81
849,127;43,83
849,35;43,8
849,573;43,83
849,796;43,85
850,019;43,81
850,241;43,92
850,464;43,94
850,687;44,02
850,91;44,09
851,133;44,14
851,356;44,21
851,579;44,3
851,801;44,35
852,024;44,42
852,247;44,39
852,47;44,43
852,692;44,43
852,915;44,55
853,138;44,55
853,36;44,63
853,583;44,62
853,806;44,68
854,028;44,8
854,251;44,81
854,473;44,83
854,696;44,87
854,918;44,85
855,141;44,83
855,363;44,86
855,586;44,88
855,808;44,91
856,031;44,84
856,253;44,85
856,475;44,86
856,698;44,81
856,92;44,88
857,142;44,82
857,365;44,85
857,587;44,79
857,809;44,82
858,031;44,78
858,253;44,81
858,476;44,82
858,698;44,79
858,92;44,87
859,142;44,89
859,364;44,89
859,586;44,96
859,808;44,99
860,03;45,02
860,252;45,04
860,474;45,04
860,696;45,12
860,918;45,08
861,14;45,1
861,362;45,17
861,584;45,2
861,806;45,29
862,028;45,39
862,25;45,47
862,471;45,5
862,693;45,49
862,915;45,48
863,137;45,5
863,358;45,57
863,58;45,56
863,802;45,56
864,024;45,58
864,245;45,56
864,467;45,57
864,688;45,56
864,91;45,59
865,132;45,62
865,353;45,62
865,575;45,65
865,796;45,65
866,018;45,63
866,239;45,64
866,461;45,65
866,682;45,56
866,903;45,53
867,125;45,55
867,346;45,62
867,567;45,64
867,789;45,63
868,01;45,64
868,231;45,61
868,453;45,62
868,674;45,71
868,895;45,74
869,116;45,72
869,337;45,74
869,559;45,82
869,78;45,81
870,001;45,81
870,222;45,88
870,443;45,94
870,664;45,99
870,885;45,93
871,106;45,97
871,327;46,05
871,548;46,02
871,769;46,05
871,99;46,11
872,211;46,16
872,432;46,22
872,653;46,17
872,874;46,28
873,094;46,38
873,315;46,35
873,536;46,3
873,757;46,39
873,978;46,39
874,198;46,31
874,419;46,32
874,64;46,36
874,86;46,37
875,081;46,41
875,302;46,41
875,522;46,46
875,743;46,49
875,963;46,49
876,184;46,5
876,404;46,51
876,625;46,46
876,845;46,54
877,066;46,59
877,286;46,62
877,507;46,67
877,727;46,67
877,947;46,64
878,168;46,78
878,388;46,8
878,609;46,86
878,829;46,92
879,049;46,97
879,269;47,05
879,49;47,1
879,71;47,11
879,93;47,13
880,15;47,24
880,37;47,2
880,59;47,22
880,811;47,3
881,031;47,37
881,251;47,38
881,471;47,35
881,691;47,36
881,911;47,41
882,131;47,46
882,351;47,46
882,571;47,5
882,791;47,5
883,011;47,51
883,23;47,52
883,45;47,55
883,67;47,62
883,89;47,61
884,11;47,58
884,33;47,57
884,549;47,66
884,769;47,68
884,989;47,72
885,209;47,73
885,428;47,81
885,648;47,77
885,868;47,86
886,087;47,95
886,307;47,99
886,526;48,08
886,746;48,02
886,965;47,99
887,185;48,06
887,404;48,08
887,624;48,11
887,843;48,13
888,063;48,21
888,282;48,17
888,502;48,14
888,721;48,19
888,94;48,29
889,16;48,33
889,379;48,35
889,598;48,42
889,818;48,48
890,037;48,45
890,256;48,55
890,475;48,59
890,694;48,67
890,914;48,72
891,133;48,74
891,352;48,84
891,571;49,02
891,79;49,14
892,009;49,19
892,228;49,18
892,447;49,23
892,666;49,25
892,885;49,35
893,104;49,46
893,323;49,56
893,542;49,52
893,761;49,52
893,98;49,53
894,199;49,5
894,417;49,57
894,636;49,6
894,855;49,67
895,074;49,68
895,293;49,62
895,511;49,66
895,73;49,67
895,949;49,55
896,167;49,49
896,386;49,54
896,605;49,56
896,823;49,66
897,042;49,69
897,26;49,68
897,479;49,66
897,697;49,63
897,916;49,64
898,134;49,63
898,353;49,66
898,571;49,71
898,79;49,82
899,008;49,89
899,227;49,95
899,445;49,96
899,663;50,03
899,882;50,08
900,1;50,12
900,318;50,18
900,536;50,35
900,755;50,48
900,973;50,44
901,191;50,51
901,409;50,61
901,627;50,61
901,846;50,65
902,064;50,71
902,282;50,82
902,5;50,82
902,718;50,97
902,936;51,03
903,154;51,11
903,372;51,08
903,59;51,06
903,808;51,11
904,026;51,16
904,244;51,14
904,462;51,13
904,679;51,11
904,897;51,1
905,115;51,23
905,333;51,19
905,551;51,25
905,768;51,17
905,986;51,21
906,204;51,31
906,422;51,49
906,639;51,54
906,857;51,57
907,074;51,63
907,292;51,63
907,51;51,63
907,727;51,59
907,945;51,62
908,162;51,67
908,38;51,78
908,597;51,81
908,815;51,85
909,032;51,95
909,25;52,01
909,467;52,12
909,684;52,01
909,902;52,11
910,119;52,21
910,337;52,27
910,554;52,21
910,771;52,17
910,988;52,16
911,206;52,17
911,423;52,26
911,64;52,3
911,857;52,25
912,074;52,26
912,291;52,37
912,509;52,4
912,726;52,31
912,943;52,28
913,16;52,26
913,377;52,4
913,594;52,34
913,811;52,32
914,028;52,23
914,245;52,27
914,462;52,26
914,679;52,22
914,896;52,27
915,112;52,45
915,329;52,57
915,546;52,58
915,763;52,52
915,98;52,4
916,196;52,51
916,413;52,59
916,63;52,6
916,847;52,62
917,063;52,73
917,28;52,79
917,497;52,62
917,713;52,73
917,93;52,82
918,146;52,91
918,363;53,16
918,579;53,29
918,796;53,49
919,012;53,51
919,229;53,58
919,445;53,55
919,662;53,45
919,878;53,37
920,095;53,36
920,311;53,5
920,527;53,53
920,744;53,42
920,96;53,49
921,176;53,59
921,392;53,66
921,609;53,77
921,825;53,86
922,041;54,12
922,257;54,07
922,473;54,03
922,69;54,13
922,906;54,09
923,122;54,12
923,338;54,01
923,554;53,98
923,77;53,98
923,986;54,19
924,202;54,33
924,418;54,44
924,634;54,62
924,85;54,66
925,066;54,82
925,282;54,79
925,497;54,96
925,713;55
925,929;55,02
926,145;54,99
926,361;55,04
926,576;55,13
926,792;55,18
927,008;55,28
927,224;55,24
927,439;55,16
927,655;55,13
927,871;55,23
928,086;55,38
928,302;55,48
928,517;55,48
928,733;55,55
928,948;55,63
929,164;55,64
929,379;55,72
929,595;55,77
929,81;55,92
930,026;55,87
930,241;55,95
930,456;55,96
930,672;55,93
930,887;56,02
931,102;56,06
931,318;56,13
931,533;56,16
931,748;56,3
931,964;56,44
932,179;56,49
932,394;56,47
932,609;56,56
932,824;56,47
933,039;56,55
933,255;56,55
933,47;56,69
933,685;56,71
933,9;56,79
934,115;56,87
934,33;56,91
934,545;57,04
934,76;57,09
934,975;57,12
935,19;57,31
935,404;57,38
935,619;57,41
935,834;57,61
936,049;57,53
936,264;57,53
936,479;57,61
936,693;57,69
936,908;57,96
937,123;58,13
937,338;58,56
937,552;58,66
937,767;58,91
937,982;59,04
938,196;59,35
938,411;59,7
938,625;59,92
938,84;59,96
939,055;60,08
939,269;60,4
939,484;60,94
939,698;61,17
939,912;61,48
940,127;61,83
940,341;61,96
940,556;62,31
940,77;62,89
940,984;63,27
941,199;64,08
941,413;64,23
941,627;64,09
941,842;64,44
942,056;65,23
942,27;65,39
942,484;65,5
942,699;65,52
942,913;65,35
943,127;65,27
943,341;66,91
943,555;67,33
943,769;67,5
943,983;67,39
944,197;67,47
944,411;67,75
944,625;67,61
944,839;67,7
945,053;68,54
945,267;69,08
945,481;69,17
945,695;69,75
945,909;69,56
946,123;70,04
946,336;69,75
946,55;68,89
946,764;68,81
946,978;68,48
947,192;68,55
947,405;68,45
947,619;68,73
947,833;67,76
948,046;67,42
948,26;67,08
948,474;67,58
948,687;68,12
948,901;67,58
949,114;67,44
949,328;67,53
949,541;67,06
949,755;66,46
949,968;66,44
950,182;65,97
950,395;66,05
950,609;65,77
950,822;65,98
951,035;66,22
951,249;66
951,462;66,18
951,675;66,53
951,889;67
952,102;66,54
952,315;66,55
952,528;66,81
952,741;67,02
952,955;67,33
953,168;67,11
953,381;67,69
953,594;68,22
953,807;68,06
954,02;68,5
954,233;68,61
954,446;68,58
954,659;68,38
954,872;68,79
955,085;68,97
955,298;68,49
955,511;68,6
955,724;68,87
955,937;68,71
956,15;68,56
956,362;68,03
956,575;68,55
956,788;68,27
957,001;67,85
957,214;68,07
957,426;67,66
957,639;67,25
957,852;67,16
958,064;66,78
958,277;66,66
958,49;66,13
958,702;66,31
958,915;66,41
959,127;66,43
959,34;66,33
959,552;66,2
959,765;66,42
959,977;66,79
960,19;66,58
960,402;66,32
960,615;65,99
960,827;66,29
961,039;65,99
961,252;66,47
961,464;66,42
961,676;66,07
961,889;66,26
962,101;66,56
962,313;66,41
962,525;66,38
962,738;66,31
962,95;66,58
963,162;66,63
963,374;66,66
963,586;66,8
963,798;66,78
964,01;66,81
964,222;66,87
964,434;66,25
964,646;66,45
964,858;66,83
965,07;66,87
965,282;66,8
965,494;66,73
965,706;66,66
965,918;66,89
966,13;67,16
966,342;67,03
966,553;67,24
966,765;67,44
966,977;67,8
967,189;68,34
967,401;68,46
967,612;68,3
967,824;68,24
968,036;68,23
968,247;68,22
968,459;68,11
968,67;68,08
968,882;67,87
969,094;68,15
969,305;68,05
969,517;68,43
969,728;68,65
969,94;68,78
970,151;68,71
970,362;69
970,574;69,45
970,785;69,42
970,997;69,01
971,208;68,55
971,419;68,49
971,631;68,43
971,842;68,59
972,053;68,59
972,264;69,07
972,476;69,15
972,687;69,12
972,898;69,15
973,109;69,55
973,32;70,15
973,531;70,26
973,742;70,32
973,954;70,01
974,165;69,95
974,376;70,11
974,587;70,43
974,798;70,27
975,009;70,06
975,22;70,36
975,43;71,5
975,641;71,99
975,852;72,28
976,063;72,39
976,274;72,14
976,485;71,96
976,695;71,59
976,906;71,59
977,117;71,48
977,328;71,55
977,538;71,51
977,749;71,44
977,96;71,39
978,17;71,66
978,381;71,92
978,592;72,2
978,802;72,37
979,013;72,18
979,223;72,15
979,434;72,23
979,644;72,13
979,855;71,92
980,065;72,09
980,276;71,78
980,486;71,82
980,696;72,22
980,907;72,35
981,117;72,79
981,327;73,39
981,538;73,79
981,748;74,27
981,958;74,37
982,169;74,58
982,379;74,41
982,589;74,64
982,799;75,03
983,009;75,04
983,219;74,92
983,43;75,35
983,64;75,82
983,85;76,11
984,06;76,42
984,27;75,96
984,48;76,13
984,69;76,56
984,9;76,3
985,11;76,26
985,32;76,72
985,529;76,26
985,739;75,67
985,949;76,05
986,159;75,84
986,369;75,61
986,579;75,7
986,788;76,06
986,998;75,82
987,208;75,24
987,417;74,84
987,627;75,27
987,837;75,11
988,046;74,69
988,256;74,68
988,466;74,13
988,675;74,01
988,885;73,6
989,094;73,47
989,304;73,65
989,513;73,53
989,723;73,71
989,932;73,76
990,142;74,05
990,351;73,86
990,56;74,35
990,77;74,42
990,979;74,82
991,188;74,46
991,398;74,62
991,607;75,54
991,816;76,32
992,025;76,25
992,235;76,8
992,444;77,68
992,653;77,39
992,862;77,91
993,071;78,04
993,28;77,75
993,489;78,25
993,698;78,39
993,908;78,68
994,117;78,83
994,326;79,68
994,534;79,52
994,743;79,82
994,952;79,52
995,161;80,05
995,37;83,31
995,579;84,39
995,788;84,65
995,997;84,29
996,205;83,42
996,414;83,77
996,623;83,08
996,832;82,66
997,04;82,29
997,249;82,52
997,458;82,89
997,666;84,37
997,875;84,46
998,084;84,38
998,292;84,39
998,501;84,3
998,709;83,9
998,918;84,09
999,126;83,82
999,335;84,7
999,543;84,36
999,752;80,53
999,96;79,95
1000,169;80,71
1000,377;80,48
1000,585;82,35
1000,794;82,31
1001,002;82,95
1001,21;83,15
1001,418;84,26
1001,627;84,35
1001,835;85,84
1002,043;85,46
1002,251;85,72
1002,459;87,18
1002,668;87,24
1002,876;87,58
1003,084;87,9
1003,292;87,71
1003,5;88,31
1003,708;89,18
1003,916;89,61
1004,124;90,23
1004,332;91,1
1004,54;90,67
1004,748;91,3
1004,956;89,92
1005,163;89,55
1005,371;90,01
1005,579;90,01
1005,787;89,12
1005,995;89,35
1006,202;88,7
1006,41;88,89
1006,618;88,41
1006,826;87,85
1007,033;88,29
1007,241;88,61
1007,449;88,8
1007,656;89,32
1007,864;88,7
1008,071;87,73
1008,279;87,93
1008,486;88,47
1008,694;86,89
1008,901;86,47
1009,109;86,71
1009,316;87,47
1009,524;88,93
1009,731;88,14
1009,938;88,41
1010,146;89,53
1010,353;90,51
1010,56;89,61
1010,768;89,86
1010,975;90,78
1011,182;90,23
1011,389;89,68
1011,597;88,66
1011,804;88,32
1012,011;89,18
1012,218;90,34
1012,425;90,83
1012,632;91,91
1012,839;91,06
1013,046;92,23
1013,253;92,87
1013,46;92,92
1013,667;93,11
1013,874;91,86
1014,081;92,37
1014,288;92,67
1014,495;93,01
1014,702;92,69
1014,909;93,88
1015,116;93,89
1015,323;94,06
1015,529;94,89
1015,736;95,14
1015,943;96,98
1016,15;97,55
1016,356;97,01
1016,563;96,47
1016,77;95,64
1016,976;94,89
1017,183;96,02
1017,389;95,93
1017,596;96,89
1017,803;97,11
1018,009;97,15
1018,216;98,34
1018,422;100,14
1018,629;100,11
1018,835;99,74
1019,041;99,68
1019,248;99,73
1019,454;100,12
1019,661;101,37
1019,867;101,6
1020,073;102,41
1020,279;102,14
1020,486;102,48
1020,692;102,37
1020,898;103,45
1021,104;103,44
1021,311;103,4
1021,517;102,33
1021,723;103,8
1021,929;103,9
1022,135;104,17
1022,341;104,72
1022,547;104,36
1022,753;102,7
1022,959;103,35
1023,165;103,43
1023,371;102,35
1023,577;101,65
1023,783;100,65
1023,989;97,87
1024,195;99,45
1024,401;101,18
1024,607;101,57
1024,812;101,76
1025,018;102,81
1025,224;102,97
1025,43;103,2
1025,635;104,6
1025,841;107,46
1026,047;107,01
1026,252;108,37
1026,458;109,34
1026,664;109,33
1026,869;109,96
1027,075;111,86
1027,28;112,41
1027,486;113,05
1027,691;115,58
1027,897;115,57
1028,102;116,91
1028,308;117,75
1028,513;116,52
1028,719;116,06
1028,924;116,28
1029,129;115,65
1029,335;116,41
1029,54;115,67
1029,745;115,96
1029,95;116,93
1030,156;113,28
1030,361;113,73
1030,566;113,77
1030,771;112,84
1030,976;113,3
1031,182;113,32
1031,387;111,73
1031,592;113,22
1031,797;114,1
1032,002;112,93
1032,207;114,48
1032,412;114,26
1032,617;115,78
1032,822;114,65
1033,027;115,05
1033,232;116,11
1033,437;117,5
1033,642;118,13
1033,846;118,77
1034,051;119
1034,256;117,26
1034,461;119,42
1034,666;118,12
1034,87;117,08
1035,075;118,11
1035,28;116,66
1035,484;117,72
1035,689;118,91
1035,894;115,92
1036,098;115,21
1036,303;116,21
1036,507;115,57
1036,712;117,43
1036,917;118,17
1037,121;119,98
1037,325;117,87
1037,53;119,14
1037,734;118,65
1037,939;119,02
1038,143;121,59
1038,348;124,77
1038,552;126,22
1038,756;126,41
1038,961;127,76
1039,165;126,38
1039,369;126,59
1039,573;125,92
1039,778;128,42
1039,982;127,92
1040,186;133
1040,39;135,23
1040,594;133,92
1040,798;135,39
1041,002;131,75
1041,206;132,58
1041,41;134,75
1041,614;136,64
1041,818;134,28
1042,022;134,83
1042,226;134,04
1042,43;132,29
1042,634;135,2
1042,838;136,9
1043,042;137,9
1043,246;137,12
1043,45;138,57
1043,653;137,18
1043,857;141,32
1044,061;140,32
1044,265;139,72
1044,468;138,17
1044,672;139,33
1044,876;143,08
1045,079;142,66
1045,283;145,11
1045,487;142,27
1045,69;142,68
1045,894;143,48
1046,097;144,92
1046,301;142,3
1046,504;142,56
1046,708;143,87
1046,911;138,97
1047,115;137,14
1047,318;138,6
1047,522;143,01
1047,725;142,87
1047,928;144,1
1048,132;145,88
1048,335;144,83
1048,538;148,49
1048,741;149,69
1048,945;148,76
1049,148;147,79
1049,351;149,59
1049,554;153,21
1049,757;153,89
1049,96;154,75
1050,163;154,78
1050,367;152,02
1050,57;158,18
1050,773;157,76
1050,976;156,58
1051,179;161,1
1051,382;164,44
1051,585;166,67
1051,787;167,72
1051,99;168,58
1052,193;170,12
1052,396;173,15
1052,599;172,69
1052,802;166,24
1053,005;163,76
1053,207;167,08
1053,41;163,34
1053,613;165,22
1053,815;161,66
1054,018;158,96
1054,221;160,81
1054,423;161,99
1054,626;164,98
1054,829;164,54
1055,031;167,78
1055,234;170,97
1055,436;165,32
1055,639;160,23
1055,841;155,84
1056,044;152,8
1056,246;153,98
