Data from TV_VeronaWhite_Reflection__1__14.txt Node;
"Date: Thu Sep 11 15:41:41 CEST 2025 User: sycur";
186,01;416,69
186,281;-182,64
186,552;4,82
186,822;-102,8
187,093;0
187,364;-477,36
187,635;-150,08
187,905;71,73
188,176;31
188,447;26,92
188,717;26,97
188,988;23,46
189,258;21,05
189,529;19,38
189,8;21,35
190,07;18,69
190,341;18,02
190,611;15,1
190,882;15,45
191,152;14,48
191,423;13,64
191,693;13,05
191,964;12,75
192,234;12,81
192,505;11,99
192,775;13,14
193,045;11,84
193,316;11,5
193,586;10,97
193,856;11,16
194,127;11,11
194,397;10,71
194,667;10,75
194,938;10,37
195,208;10,61
195,478;9,48
195,748;9,73
196,019;10,04
196,289;10,55
196,559;10,68
196,829;10,46
197,099;10,83
197,37;10,36
197,64;10,23
197,91;10,49
198,18;10,74
198,45;10,16
198,72;10,4
198,99;10,35
199,26;10,39
199,53;10,18
199,8;9,84
200,07;9,56
200,34;9,15
200,61;9,16
200,88;9,02
201,15;9,47
201,42;9,2
201,69;8,85
201,96;8,64
202,23;8,35
202,499;8,33
202,769;8,4
203,039;8,57
203,309;8,56
203,579;8,43
203,849;8,27
204,118;8,09
204,388;7,66
204,658;7,59
204,927;7,61
205,197;7,5
205,467;7,4
205,736;7,34
206,006;7,26
206,276;7,13
206,545;7,06
206,815;6,8
207,085;6,66
207,354;6,76
207,624;6,74
207,893;6,66
208,163;6,63
208,432;6,31
208,702;6,13
208,971;6,04
209,241;5,88
209,51;5,74
209,78;5,77
210,049;5,81
210,318;5,81
210,588;5,77
210,857;5,68
211,127;5,56
211,396;5,47
211,665;5,53
211,935;5,5
212,204;5,45
212,473;5,31
212,742;5,39
213,012;5,25
213,281;5,14
213,55;5,18
213,819;5,03
214,088;4,96
214,358;4,94
214,627;4,89
214,896;4,78
215,165;4,8
215,434;4,73
215,703;4,74
215,972;4,64
216,241;4,55
216,51;4,54
216,779;4,6
217,048;4,63
217,317;4,59
217,586;4,52
217,855;4,44
218,124;4,51
218,393;4,44
218,662;4,4
218,931;4,36
219,2;4,27
219,469;4,28
219,738;4,29
220,006;4,23
220,275;4,2
220,544;4,2
220,813;4,1
221,082;4,04
221,35;3,98
221,619;3,91
221,888;3,84
222,157;3,84
222,425;3,76
222,694;3,68
222,963;3,63
223,231;3,63
223,5;3,61
223,769;3,57
224,037;3,57
224,306;3,57
224,574;3,56
224,843;3,53
225,111;3,51
225,38;3,49
225,648;3,48
225,917;3,47
226,185;3,49
226,454;3,48
226,722;3,45
226,991;3,44
227,259;3,43
227,528;3,44
227,796;3,39
228,064;3,37
228,333;3,36
228,601;3,35
228,869;3,32
229,138;3,3
229,406;3,26
229,674;3,24
229,942;3,21
230,211;3,2
230,479;3,2
230,747;3,18
231,015;3,15
231,283;3,15
231,552;3,16
231,82;3,12
232,088;3,11
232,356;3,1
232,624;3,1
232,892;3,09
233,16;3,07
233,428;3,06
233,696;3,06
233,964;3,04
234,232;3,02
234,5;3,01
234,768;2,99
235,036;3
235,304;2,98
235,572;2,96
235,84;2,93
236,108;2,92
236,376;2,9
236,644;2,91
236,912;2,88
237,179;2,83
237,447;2,83
237,715;2,83
237,983;2,81
238,251;2,8
238,518;2,8
238,786;2,8
239,054;2,79
239,322;2,76
239,589;2,77
239,857;2,77
240,125;2,78
240,392;2,78
240,66;2,78
240,927;2,76
241,195;2,77
241,463;2,78
241,73;2,79
241,998;2,79
242,265;2,77
242,533;2,77
242,8;2,79
243,068;2,78
243,335;2,76
243,603;2,76
243,87;2,75
244,138;2,73
244,405;2,73
244,672;2,72
244,94;2,73
245,207;2,71
245,474;2,7
245,742;2,67
246,009;2,68
246,276;2,66
246,544;2,66
246,811;2,66
247,078;2,65
247,345;2,62
247,613;2,62
247,88;2,61
248,147;2,61
248,414;2,6
248,681;2,59
248,948;2,59
249,215;2,59
249,483;2,59
249,75;2,6
250,017;2,59
250,284;2,58
250,551;2,58
250,818;2,59
251,085;2,59
251,352;2,6
251,619;2,58
251,886;2,59
252,153;2,59
252,42;2,59
252,687;2,59
252,953;2,59
253,22;2,58
253,487;2,59
253,754;2,59
254,021;2,58
254,288;2,58
254,555;2,57
254,821;2,57
255,088;2,57
255,355;2,56
255,622;2,57
255,888;2,56
256,155;2,56
256,422;2,55
256,688;2,55
256,955;2,55
257,222;2,55
257,488;2,55
257,755;2,54
258,022;2,53
258,288;2,52
258,555;2,51
258,821;2,53
259,088;2,51
259,354;2,5
259,621;2,51
259,887;2,51
260,154;2,51
260,42;2,49
260,687;2,49
260,953;2,49
261,219;2,48
261,486;2,48
261,752;2,46
262,019;2,47
262,285;2,46
262,551;2,45
262,818;2,45
263,084;2,44
263,35;2,45
263,616;2,46
263,883;2,46
264,149;2,47
264,415;2,45
264,681;2,45
264,947;2,46
265,214;2,45
265,48;2,45
265,746;2,43
266,012;2,44
266,278;2,43
266,544;2,42
266,81;2,42
267,076;2,41
267,342;2,41
267,608;2,41
267,874;2,41
268,14;2,41
268,406;2,4
268,672;2,41
268,938;2,4
269,204;2,39
269,47;2,39
269,736;2,38
270,002;2,37
270,268;2,37
270,533;2,37
270,799;2,37
271,065;2,37
271,331;2,36
271,597;2,36
271,862;2,35
272,128;2,36
272,394;2,37
272,66;2,38
272,925;2,37
273,191;2,36
273,457;2,37
273,722;2,35
273,988;2,36
274,254;2,37
274,519;2,37
274,785;2,37
275,05;2,37
275,316;2,37
275,582;2,37
275,847;2,36
276,113;2,35
276,378;2,34
276,644;2,34
276,909;2,34
277,174;2,34
277,44;2,34
277,705;2,34
277,971;2,34
278,236;2,34
278,501;2,34
278,767;2,33
279,032;2,31
279,297;2,32
279,563;2,32
279,828;2,31
280,093;2,31
280,358;2,31
280,624;2,3
280,889;2,3
281,154;2,3
281,419;2,3
281,684;2,29
281,95;2,29
282,215;2,3
282,48;2,3
282,745;2,3
283,01;2,3
283,275;2,3
283,54;2,3
283,805;2,3
284,07;2,3
284,335;2,31
284,6;2,31
284,865;2,32
285,13;2,31
285,395;2,31
285,66;2,3
285,925;2,29
286,19;2,29
286,455;2,28
286,72;2,27
286,985;2,28
287,249;2,29
287,514;2,3
287,779;2,29
288,044;2,29
288,309;2,28
288,573;2,28
288,838;2,28
289,103;2,27
289,367;2,27
289,632;2,26
289,897;2,26
290,161;2,26
290,426;2,25
290,691;2,25
290,955;2,25
291,22;2,25
291,484;2,25
291,749;2,24
292,014;2,25
292,278;2,25
292,543;2,24
292,807;2,25
293,072;2,24
293,336;2,25
293,6;2,25
293,865;2,25
294,129;2,24
294,394;2,25
294,658;2,26
294,922;2,25
295,187;2,25
295,451;2,26
295,715;2,25
295,98;2,25
296,244;2,26
296,508;2,25
296,773;2,25
297,037;2,25
297,301;2,26
297,565;2,25
297,829;2,25
298,094;2,26
298,358;2,25
298,622;2,25
298,886;2,24
299,15;2,23
299,414;2,23
299,678;2,24
299,942;2,23
300,206;2,23
300,47;2,23
300,734;2,23
300,998;2,22
301,262;2,22
301,526;2,22
301,79;2,22
302,054;2,22
302,318;2,22
302,582;2,22
302,846;2,22
303,11;2,22
303,374;2,22
303,637;2,21
303,901;2,21
304,165;2,22
304,429;2,22
304,693;2,22
304,956;2,21
305,22;2,2
305,484;2,2
305,747;2,19
306,011;2,18
306,275;2,17
306,538;2,18
306,802;2,18
307,066;2,18
307,329;2,18
307,593;2,17
307,856;2,17
308,12;2,16
308,384;2,15
308,647;2,15
308,911;2,16
309,174;2,15
309,438;2,15
309,701;2,16
309,964;2,17
310,228;2,17
310,491;2,18
310,755;2,18
311,018;2,19
311,281;2,18
311,545;2,19
311,808;2,2
312,071;2,19
312,335;2,19
312,598;2,19
312,861;2,2
313,124;2,2
313,388;2,2
313,651;2,21
313,914;2,21
314,177;2,22
314,44;2,22
314,704;2,22
314,967;2,21
315,23;2,19
315,493;2,18
315,756;2,18
316,019;2,17
316,282;2,18
316,545;2,18
316,808;2,2
317,071;2,2
317,334;2,21
317,597;2,21
317,86;2,21
318,123;2,22
318,386;2,21
318,649;2,2
318,912;2,19
319,175;2,19
319,437;2,19
319,7;2,18
319,963;2,18
320,226;2,19
320,489;2,19
320,751;2,19
321,014;2,2
321,277;2,2
321,54;2,19
321,802;2,19
322,065;2,18
322,328;2,16
322,59;2,17
322,853;2,16
323,116;2,14
323,378;2,14
323,641;2,12
323,903;2,12
324,166;2,13
324,428;2,13
324,691;2,14
324,953;2,14
325,216;2,14
325,478;2,13
325,741;2,11
326,003;2,12
326,266;2,09
326,528;2,1
326,791;2,09
327,053;2,09
327,315;2,08
327,578;2,09
327,84;2,09
328,102;2,09
328,365;2,08
328,627;2,08
328,889;2,08
329,151;2,09
329,414;2,1
329,676;2,09
329,938;2,08
330,2;2,08
330,462;2,08
330,725;2,08
330,987;2,09
331,249;2,1
331,511;2,09
331,773;2,1
332,035;2,1
332,297;2,09
332,559;2,11
332,821;2,1
333,083;2,09
333,345;2,1
333,607;2,09
333,869;2,1
334,131;2,1
334,393;2,1
334,655;2,1
334,917;2,1
335,179;2,1
335,44;2,1
335,702;2,1
335,964;2,1
336,226;2,1
336,488;2,09
336,749;2,1
337,011;2,11
337,273;2,1
337,535;2,11
337,796;2,11
338,058;2,1
338,32;2,11
338,581;2,11
338,843;2,1
339,105;2,1
339,366;2,11
339,628;2,11
339,889;2,11
340,151;2,11
340,412;2,11
340,674;2,12
340,935;2,12
341,197;2,12
341,458;2,11
341,72;2,12
341,981;2,13
342,243;2,13
342,504;2,12
342,766;2,14
343,027;2,14
343,288;2,15
343,55;2,14
343,811;2,14
344,072;2,15
344,334;2,16
344,595;2,16
344,856;2,17
345,117;2,17
345,379;2,18
345,64;2,18
345,901;2,18
346,162;2,17
346,423;2,18
346,684;2,17
346,946;2,19
347,207;2,18
347,468;2,18
347,729;2,16
347,99;2,17
348,251;2,15
348,512;2,16
348,773;2,14
349,034;2,14
349,295;2,14
349,556;2,13
349,817;2,12
350,078;2,12
350,339;2,12
350,6;2,13
350,86;2,11
351,121;2,11
351,382;2,1
351,643;2,1
351,904;2,1
352,165;2,11
352,425;2,11
352,686;2,11
352,947;2,11
353,208;2,1
353,468;2,1
353,729;2,1
353,99;2,1
354,25;2,1
354,511;2,11
354,772;2,11
355,032;2,11
355,293;2,13
355,553;2,1
355,814;2,1
356,074;2,11
356,335;2,11
356,596;2,11
356,856;2,1
357,116;2,12
357,377;2,12
357,637;2,11
357,898;2,11
358,158;2,09
358,419;2,11
358,679;2,13
358,939;2,12
359,2;2,12
359,46;2,11
359,72;2,13
359,981;2,11
360,241;2,12
360,501;2,12
360,761;2,12
361,022;2,13
361,282;2,13
361,542;2,12
361,802;2,14
362,062;2,13
362,323;2,14
362,583;2,14
362,843;2,14
363,103;2,14
363,363;2,14
363,623;2,14
363,883;2,13
364,143;2,13
364,403;2,14
364,663;2,15
364,923;2,16
365,183;2,16
365,443;2,18
365,703;2,17
365,963;2,17
366,223;2,16
366,483;2,18
366,743;2,17
367,002;2,17
367,262;2,18
367,522;2,18
367,782;2,18
368,042;2,18
368,301;2,19
368,561;2,2
368,821;2,2
369,081;2,2
369,34;2,21
369,6;2,21
369,86;2,22
370,119;2,2
370,379;2,2
370,638;2,21
370,898;2,2
371,158;2,21
371,417;2,21
371,677;2,23
371,936;2,23
372,196;2,25
372,455;2,24
372,715;2,23
372,974;2,24
373,234;2,24
373,493;2,23
373,753;2,25
374,012;2,27
374,271;2,28
374,531;2,27
374,79;2,26
375,049;2,28
375,309;2,29
375,568;2,31
375,827;2,31
376,086;2,32
376,346;2,34
376,605;2,33
376,864;2,34
377,123;2,35
377,383;2,34
377,642;2,36
377,901;2,36
378,16;2,38
378,419;2,38
378,678;2,37
378,937;2,38
379,196;2,37
379,455;2,37
379,714;2,38
379,973;2,39
380,232;2,41
380,491;2,4
380,75;2,38
381,009;2,38
381,268;2,39
381,527;2,4
381,786;2,4
382,045;2,4
382,304;2,39
382,563;2,38
382,821;2,38
383,08;2,38
383,339;2,4
383,598;2,4
383,857;2,42
384,115;2,44
384,374;2,44
384,633;2,43
384,891;2,43
385,15;2,43
385,409;2,43
385,667;2,44
385,926;2,45
386,185;2,47
386,443;2,46
386,702;2,47
386,96;2,45
387,219;2,45
387,477;2,46
387,736;2,47
387,994;2,48
388,253;2,5
388,511;2,52
388,77;2,5
389,028;2,5
389,287;2,51
389,545;2,52
389,803;2,53
390,062;2,54
390,32;2,55
390,578;2,57
390,837;2,58
391,095;2,59
391,353;2,6
391,612;2,6
391,87;2,63
392,128;2,62
392,386;2,65
392,644;2,66
392,903;2,67
393,161;2,67
393,419;2,69
393,677;2,68
393,935;2,67
394,193;2,68
394,451;2,7
394,709;2,69
394,967;2,68
395,225;2,69
395,483;2,71
395,741;2,71
395,999;2,72
396,257;2,72
396,515;2,72
396,773;2,72
397,031;2,73
397,289;2,74
397,547;2,75
397,805;2,75
398,062;2,75
398,32;2,77
398,578;2,79
398,836;2,79
399,094;2,8
399,351;2,81
399,609;2,82
399,867;2,81
400,124;2,83
400,382;2,85
400,64;2,85
400,897;2,85
401,155;2,86
401,413;2,88
401,67;2,88
401,928;2,88
402,185;2,88
402,443;2,88
402,701;2,88
402,958;2,88
403,216;2,89
403,473;2,9
403,73;2,9
403,988;2,89
404,245;2,88
404,503;2,89
404,76;2,9
405,018;2,9
405,275;2,91
405,532;2,9
405,79;2,9
406,047;2,89
406,304;2,91
406,561;2,9
406,819;2,89
407,076;2,88
407,333;2,86
407,59;2,88
407,848;2,9
408,105;2,89
408,362;2,91
408,619;2,9
408,876;2,9
409,133;2,89
409,39;2,88
409,647;2,89
409,904;2,88
410,161;2,87
410,418;2,88
410,675;2,89
410,932;2,9
411,189;2,91
411,446;2,92
411,703;2,93
411,96;2,95
412,217;2,95
412,474;2,97
412,731;2,99
412,988;2,99
413,245;2,98
413,501;2,99
413,758;2,99
414,015;3,01
414,272;3,02
414,529;3,03
414,785;3,05
415,042;3,04
415,299;3,06
415,555;3,08
415,812;3,08
416,069;3,08
416,325;3,09
416,582;3,1
416,838;3,12
417,095;3,12
417,352;3,11
417,608;3,12
417,865;3,11
418,121;3,13
418,378;3,13
418,634;3,15
418,891;3,15
419,147;3,14
419,403;3,14
419,66;3,16
419,916;3,18
420,173;3,17
420,429;3,2
420,685;3,19
420,942;3,21
421,198;3,22
421,454;3,23
421,711;3,24
421,967;3,26
422,223;3,27
422,479;3,27
422,735;3,29
422,992;3,29
423,248;3,31
423,504;3,31
423,76;3,33
424,016;3,33
424,272;3,35
424,528;3,39
424,784;3,39
425,041;3,39
425,297;3,39
425,553;3,4
425,809;3,43
426,065;3,45
426,32;3,44
426,576;3,46
426,832;3,47
427,088;3,46
427,344;3,47
427,6;3,47
427,856;3,49
428,112;3,49
428,368;3,5
428,623;3,53
428,879;3,53
429,135;3,52
429,391;3,53
429,646;3,55
429,902;3,55
430,158;3,56
430,414;3,56
430,669;3,58
430,925;3,6
431,181;3,59
431,436;3,61
431,692;3,63
431,947;3,64
432,203;3,64
432,458;3,65
432,714;3,65
432,97;3,64
433,225;3,65
433,481;3,66
433,736;3,66
433,991;3,67
434,247;3,67
434,502;3,7
434,758;3,73
435,013;3,74
435,268;3,77
435,524;3,78
435,779;3,81
436,034;3,83
436,29;3,84
436,545;3,87
436,8;3,88
437,056;3,89
437,311;3,91
437,566;3,94
437,821;3,96
438,076;3,98
438,331;4
438,587;4,01
438,842;4,02
439,097;4,05
439,352;4,07
439,607;4,09
439,862;4,1
440,117;4,09
440,372;4,1
440,627;4,09
440,882;4,1
441,137;4,1
441,392;4,11
441,647;4,13
441,902;4,14
442,157;4,14
442,412;4,15
442,667;4,15
442,921;4,15
443,176;4,16
443,431;4,2
443,686;4,21
443,941;4,24
444,195;4,25
444,45;4,27
444,705;4,28
444,96;4,3
445,214;4,32
445,469;4,36
445,724;4,38
445,978;4,39
446,233;4,42
446,487;4,43
446,742;4,45
446,997;4,46
447,251;4,46
447,506;4,48
447,76;4,49
448,015;4,51
448,269;4,52
448,524;4,53
448,778;4,53
449,033;4,55
449,287;4,55
449,541;4,56
449,796;4,57
450,05;4,59
450,305;4,62
450,559;4,63
450,813;4,63
451,067;4,64
451,322;4,67
451,576;4,69
451,83;4,71
452,084;4,72
452,339;4,74
452,593;4,74
452,847;4,76
453,101;4,78
453,355;4,8
453,609;4,82
453,864;4,82
454,118;4,83
454,372;4,83
454,626;4,85
454,88;4,86
455,134;4,87
455,388;4,87
455,642;4,87
455,896;4,89
456,15;4,9
456,404;4,89
456,658;4,91
456,912;4,92
457,165;4,92
457,419;4,93
457,673;4,94
457,927;4,96
458,181;4,99
458,435;5,01
458,688;5,01
458,942;5,03
459,196;5,05
459,45;5,07
459,703;5,12
459,957;5,14
460,211;5,17
460,464;5,17
460,718;5,19
460,972;5,22
461,225;5,25
461,479;5,27
461,732;5,29
461,986;5,3
462,239;5,32
462,493;5,34
462,746;5,36
463;5,39
463,253;5,43
463,507;5,43
463,76;5,44
464,014;5,45
464,267;5,46
464,52;5,49
464,774;5,51
465,027;5,5
465,28;5,51
465,534;5,52
465,787;5,54
466,04;5,56
466,294;5,56
466,547;5,55
466,8;5,57
467,053;5,57
467,306;5,58
467,56;5,6
467,813;5,62
468,066;5,63
468,319;5,64
468,572;5,65
468,825;5,67
469,078;5,67
469,331;5,71
469,584;5,73
469,837;5,74
470,09;5,75
470,343;5,77
470,596;5,79
470,849;5,81
471,102;5,83
471,355;5,85
471,608;5,87
471,861;5,91
472,114;5,94
472,367;5,97
472,619;5,99
472,872;6,02
473,125;6,03
473,378;6,05
473,631;6,07
473,883;6,08
474,136;6,09
474,389;6,12
474,641;6,13
474,894;6,16
475,147;6,18
475,399;6,2
475,652;6,22
475,905;6,25
476,157;6,27
476,41;6,29
476,662;6,32
476,915;6,34
477,167;6,36
477,42;6,38
477,672;6,4
477,925;6,44
478,177;6,45
478,43;6,48
478,682;6,5
478,934;6,52
479,187;6,54
479,439;6,58
479,691;6,6
479,944;6,63
480,196;6,65
480,448;6,67
480,701;6,7
480,953;6,73
481,205;6,75
481,457;6,77
481,709;6,79
481,962;6,83
482,214;6,87
482,466;6,92
482,718;6,99
482,97;7,07
483,222;7,16
483,474;7,24
483,726;7,32
483,978;7,39
484,23;7,45
484,482;7,49
484,734;7,52
484,986;7,55
485,238;7,56
485,49;7,59
485,742;7,62
485,994;7,64
486,246;7,66
486,498;7,68
486,75;7,7
487,001;7,72
487,253;7,74
487,505;7,76
487,757;7,76
488,009;7,76
488,26;7,74
488,512;7,72
488,764;7,7
489,015;7,67
489,267;7,64
489,519;7,63
489,77;7,62
490,022;7,63
490,274;7,63
490,525;7,65
490,777;7,65
491,028;7,67
491,28;7,69
491,531;7,71
491,783;7,72
492,034;7,75
492,286;7,76
492,537;7,78
492,789;7,82
493,04;7,85
493,291;7,87
493,543;7,91
493,794;7,94
494,045;7,96
494,297;7,99
494,548;8,02
494,799;8,05
495,051;8,09
495,302;8,11
495,553;8,14
495,804;8,17
496,056;8,19
496,307;8,21
496,558;8,24
496,809;8,27
497,06;8,31
497,311;8,33
497,562;8,36
497,813;8,39
498,064;8,41
498,316;8,44
498,567;8,47
498,818;8,48
499,069;8,52
499,319;8,54
499,57;8,57
499,821;8,59
500,072;8,62
500,323;8,65
500,574;8,69
500,825;8,71
501,076;8,75
501,327;8,79
501,577;8,83
501,828;8,86
502,079;8,89
502,33;8,91
502,58;8,95
502,831;8,97
503,082;9,01
503,333;9,04
503,583;9,07
503,834;9,11
504,084;9,13
504,335;9,15
504,586;9,18
504,836;9,21
505,087;9,25
505,337;9,28
505,588;9,3
505,838;9,33
506,089;9,38
506,339;9,41
506,59;9,43
506,84;9,46
507,091;9,49
507,341;9,51
507,591;9,55
507,842;9,57
508,092;9,61
508,343;9,62
508,593;9,65
508,843;9,67
509,093;9,7
509,344;9,73
509,594;9,76
509,844;9,79
510,094;9,83
510,345;9,85
510,595;9,89
510,845;9,91
511,095;9,94
511,345;9,97
511,595;10
511,845;10,02
512,095;10,04
512,345;10,06
512,595;10,09
512,845;10,12
513,095;10,16
513,345;10,19
513,595;10,24
513,845;10,26
514,095;10,3
514,345;10,32
514,595;10,37
514,845;10,4
515,095;10,44
515,345;10,46
515,594;10,5
515,844;10,52
516,094;10,57
516,344;10,6
516,593;10,62
516,843;10,65
517,093;10,69
517,343;10,73
517,592;10,77
517,842;10,81
518,092;10,85
518,341;10,87
518,591;10,91
518,84;10,94
519,09;10,97
519,34;11,01
519,589;11,04
519,839;11,06
520,088;11,1
520,338;11,12
520,587;11,16
520,836;11,18
521,086;11,21
521,335;11,23
521,585;11,26
521,834;11,29
522,083;11,33
522,333;11,37
522,582;11,4
522,831;11,44
523,081;11,48
523,33;11,52
523,579;11,55
523,828;11,59
524,078;11,62
524,327;11,65
524,576;11,69
524,825;11,72
525,074;11,75
525,323;11,77
525,573;11,81
525,822;11,84
526,071;11,88
526,32;11,92
526,569;11,96
526,818;11,99
527,067;12,03
527,316;12,06
527,565;12,08
527,814;12,1
528,063;12,13
528,312;12,15
528,56;12,17
528,809;12,19
529,058;12,21
529,307;12,23
529,556;12,26
529,805;12,29
530,053;12,32
530,302;12,35
530,551;12,39
530,8;12,42
531,048;12,45
531,297;12,47
531,546;12,5
531,794;12,53
532,043;12,56
532,292;12,59
532,54;12,62
532,789;12,65
533,037;12,7
533,286;12,72
533,535;12,75
533,783;12,78
534,032;12,82
534,28;12,85
534,528;12,89
534,777;12,91
535,025;12,94
535,274;12,97
535,522;12,99
535,771;13,02
536,019;13,05
536,267;13,07
536,516;13,11
536,764;13,14
537,012;13,16
537,26;13,19
537,509;13,21
537,757;13,24
538,005;13,26
538,253;13,28
538,501;13,31
538,75;13,33
538,998;13,36
539,246;13,38
539,494;13,4
539,742;13,42
539,99;13,45
540,238;13,46
540,486;13,5
540,734;13,52
540,982;13,55
541,23;13,57
541,478;13,6
541,726;13,61
541,974;13,64
542,222;13,67
542,47;13,69
542,718;13,71
542,966;13,74
543,213;13,76
543,461;13,79
543,709;13,81
543,957;13,83
544,205;13,84
544,452;13,87
544,7;13,88
544,948;13,9
545,196;13,92
545,443;13,96
545,691;13,97
545,939;14
546,186;14,01
546,434;14,03
546,681;14,04
546,929;14,06
547,176;14,07
547,424;14,09
547,671;14,11
547,919;14,13
548,166;14,14
548,414;14,17
548,661;14,19
548,909;14,2
549,156;14,23
549,404;14,25
549,651;14,26
549,898;14,3
550,146;14,32
550,393;14,35
550,64;14,35
550,888;14,37
551,135;14,39
551,382;14,42
551,629;14,43
551,876;14,46
552,124;14,49
552,371;14,51
552,618;14,52
552,865;14,54
553,112;14,56
553,359;14,59
553,606;14,59
553,854;14,6
554,101;14,62
554,348;14,65
554,595;14,66
554,842;14,67
555,089;14,67
555,336;14,7
555,582;14,71
555,829;14,73
556,076;14,74
556,323;14,76
556,57;14,77
556,817;14,79
557,064;14,8
557,311;14,8
557,557;14,81
557,804;14,84
558,051;14,84
558,298;14,86
558,544;14,86
558,791;14,88
559,038;14,9
559,284;14,92
559,531;14,92
559,778;14,93
560,024;14,95
560,271;14,96
560,517;14,96
560,764;14,98
561,011;14,98
561,257;15
561,504;15
561,75;14,99
561,997;15
562,243;15,03
562,489;15,03
562,736;15,04
562,982;15,03
563,229;15,04
563,475;15,04
563,721;15,06
563,968;15,07
564,214;15,07
564,46;15,07
564,707;15,09
564,953;15,09
565,199;15,1
565,445;15,12
565,691;15,14
565,938;15,15
566,184;15,17
566,43;15,19
566,676;15,22
566,922;15,24
567,168;15,27
567,414;15,3
567,66;15,33
567,906;15,35
568,152;15,38
568,398;15,41
568,644;15,45
568,89;15,48
569,136;15,52
569,382;15,54
569,628;15,56
569,874;15,58
570,12;15,61
570,366;15,63
570,612;15,65
570,857;15,67
571,103;15,7
571,349;15,72
571,595;15,74
571,84;15,76
572,086;15,78
572,332;15,8
572,578;15,81
572,823;15,83
573,069;15,85
573,315;15,87
573,56;15,88
573,806;15,87
574,051;15,89
574,297;15,89
574,542;15,91
574,788;15,92
575,034;15,94
575,279;15,96
575,524;15,98
575,77;15,99
576,015;16
576,261;16,02
576,506;16,03
576,752;16,03
576,997;16,04
577,242;16,04
577,488;16,05
577,733;16,04
577,978;16,05
578,223;16,05
578,469;16,07
578,714;16,08
578,959;16,1
579,204;16,12
579,45;16,13
579,695;16,14
579,94;16,15
580,185;16,16
580,43;16,16
580,675;16,16
580,92;16,16
581,165;16,16
581,41;16,16
581,655;16,15
581,9;16,16
582,145;16,15
582,39;16,16
582,635;16,17
582,88;16,18
583,125;16,18
583,37;16,19
583,615;16,18
583,86;16,18
584,105;16,17
584,349;16,16
584,594;16,15
584,839;16,15
585,084;16,14
585,328;16,14
585,573;16,13
585,818;16,13
586,063;16,13
586,307;16,13
586,552;16,13
586,797;16,13
587,041;16,12
587,286;16,13
587,53;16,11
587,775;16,1
588,019;16,09
588,264;16,08
588,508;16,07
588,753;16,05
588,997;16,04
589,242;16,03
589,486;16,02
589,731;16,02
589,975;16,01
590,22;16
590,464;15,99
590,708;15,99
590,953;15,98
591,197;15,98
591,441;15,98
591,685;15,98
591,93;15,98
592,174;15,99
592,418;15,98
592,662;15,99
592,907;15,99
593,151;15,99
593,395;15,99
593,639;15,99
593,883;15,99
594,127;16
594,371;16
594,615;16
594,859;16
595,103;16,01
595,347;16,01
595,591;16,01
595,835;16
596,079;16,01
596,323;16
596,567;16
596,811;15,99
597,055;15,99
597,299;15,98
597,542;16
597,786;16
598,03;16,01
598,274;16,01
598,518;16,01
598,761;16,02
599,005;16,03
599,249;16,03
599,492;16,04
599,736;16,04
599,98;16,04
600,223;16,05
600,467;16,05
600,711;16,06
600,954;16,06
601,198;16,06
601,441;16,06
601,685;16,06
601,928;16,06
602,172;16,06
602,415;16,06
602,659;16,05
602,902;16,05
603,145;16,04
603,389;16,04
603,632;16,04
603,876;16,04
604,119;16,04
604,362;16,04
604,606;16,03
604,849;16,04
605,092;16,04
605,335;16,03
605,579;16,02
605,822;16,02
606,065;16,02
606,308;16,02
606,551;16,02
606,794;16,01
607,037;16,01
607,281;16,01
607,524;16,01
607,767;16,01
608,01;16
608,253;16,01
608,496;16,01
608,739;16,02
608,982;16,01
609,225;16,01
609,468;16
609,711;16
609,953;15,98
610,196;15,98
610,439;15,98
610,682;15,98
610,925;15,97
611,168;15,97
611,41;15,96
611,653;15,96
611,896;15,96
612,139;15,96
612,381;15,95
612,624;15,96
612,867;15,96
613,109;15,96
613,352;15,95
613,595;15,94
613,837;15,94
614,08;15,94
614,322;15,94
614,565;15,93
614,807;15,93
615,05;15,94
615,292;15,95
615,535;15,94
615,777;15,94
616,02;15,94
616,262;15,93
616,505;15,94
616,747;15,93
616,989;15,93
617,232;15,94
617,474;15,95
617,716;15,94
617,959;15,94
618,201;15,95
618,443;15,94
618,685;15,93
618,927;15,94
619,17;15,94
619,412;15,94
619,654;15,94
619,896;15,94
620,138;15,95
620,38;15,96
620,622;15,95
620,864;15,97
621,107;15,97
621,349;15,97
621,591;15,98
621,833;15,99
622,075;15,99
622,316;16
622,558;16
622,8;16,01
623,042;16,02
623,284;16,03
623,526;16,04
623,768;16,05
624,01;16,05
624,251;16,06
624,493;16,06
624,735;16,06
624,977;16,07
625,218;16,07
625,46;16,07
625,702;16,08
625,943;16,07
626,185;16,07
626,427;16,07
626,668;16,07
626,91;16,06
627,152;16,07
627,393;16,06
627,635;16,06
627,876;16,06
628,118;16,05
628,359;16,04
628,601;16,03
628,842;16,02
629,084;16,02
629,325;16,01
629,566;16
629,808;16
630,049;15,99
630,29;15,97
630,532;15,95
630,773;15,94
631,014;15,95
631,256;15,93
631,497;15,94
631,738;15,93
631,979;15,92
632,22;15,9
632,462;15,89
632,703;15,87
632,944;15,87
633,185;15,86
633,426;15,87
633,667;15,86
633,908;15,86
634,149;15,86
634,39;15,87
634,631;15,87
634,872;15,87
635,113;15,87
635,354;15,87
635,595;15,87
635,836;15,87
636,077;15,86
636,318;15,86
636,559;15,85
636,8;15,85
637,04;15,84
637,281;15,85
637,522;15,85
637,763;15,86
638,003;15,85
638,244;15,85
638,485;15,85
638,726;15,85
638,966;15,84
639,207;15,84
639,448;15,83
639,688;15,83
639,929;15,83
640,169;15,83
640,41;15,82
640,65;15,83
640,891;15,82
641,131;15,83
641,372;15,81
641,612;15,82
641,853;15,81
642,093;15,81
642,334;15,81
642,574;15,81
642,814;15,8
643,055;15,8
643,295;15,8
643,535;15,8
643,776;15,79
644,016;15,8
644,256;15,78
644,496;15,79
644,737;15,79
644,977;15,79
645,217;15,78
645,457;15,79
645,697;15,78
645,938;15,79
646,178;15,79
646,418;15,81
646,658;15,81
646,898;15,83
647,138;15,83
647,378;15,83
647,618;15,83
647,858;15,84
648,098;15,85
648,338;15,85
648,578;15,86
648,818;15,86
649,057;15,86
649,297;15,88
649,537;15,88
649,777;15,89
650,017;15,89
650,257;15,9
650,496;15,9
650,736;15,92
650,976;15,92
661,028;15,86
661,267;15,82
661,506;15,79
661,744;15,77
661,983;15,75
662,222;15,75
662,461;15,75
662,7;15,75
662,939;15,74
663,177;15,74
663,416;15,73
663,655;15,75
663,894;15,75
664,132;15,76
664,371;15,75
664,61;15,75
664,848;15,76
665,087;15,77
665,326;15,78
665,564;15,79
665,803;15,78
666,041;15,78
666,28;15,78
666,518;15,79
666,757;15,79
666,995;15,79
667,234;15,8
667,472;15,81
667,711;15,81
667,949;15,82
668,187;15,83
668,426;15,83
668,664;15,83
668,902;15,83
669,141;15,84
669,379;15,85
669,617;15,87
669,856;15,87
670,094;15,89
670,332;15,88
670,57;15,9
670,808;15,9
671,046;15,92
671,285;15,92
671,523;15,91
671,761;15,92
671,999;15,93
672,237;15,92
672,475;15,93
672,713;15,93
672,951;15,92
673,189;15,92
673,427;15,92
673,665;15,92
673,903;15,92
674,141;15,92
674,379;15,92
674,617;15,91
674,854;15,91
675,092;15,9
675,33;15,91
675,568;15,9
675,806;15,92
676,043;15,92
676,281;15,93
676,519;15,94
676,756;15,93
676,994;15,93
677,232;15,94
677,469;15,95
677,707;15,95
677,945;15,95
678,182;15,96
678,42;15,97
678,657;15,97
678,895;15,97
679,132;15,97
679,37;15,96
679,607;15,98
679,845;15,98
680,082;15,98
680,32;15,98
680,557;15,98
680,794;15,97
681,032;15,98
681,269;15,97
681,507;15,98
681,744;15,99
681,981;15,99
682,218;16
682,456;15,99
682,693;15,99
682,93;16
683,167;15,99
683,404;15,99
683,642;15,99
683,879;16
684,116;16,01
684,353;16,02
684,59;16,01
684,827;16,02
685,064;16,02
685,301;16,03
685,538;16,03
685,775;16,04
686,012;16,05
686,249;16,06
686,486;16,06
686,723;16,06
686,96;16,07
687,197;16,06
687,433;16,06
687,67;16,07
687,907;16,07
688,144;16,08
688,381;16,08
688,617;16,08
688,854;16,08
689,091;16,08
689,327;16,09
689,564;16,1
689,801;16,1
690,037;16,1
690,274;16,09
690,511;16,1
690,747;16,1
690,984;16,09
691,22;16,1
691,457;16,1
691,693;16,1
691,93;16,1
692,166;16,1
692,403;16,1
692,639;16,11
692,876;16,12
693,112;16,12
693,348;16,11
693,585;16,11
693,821;16,12
694,057;16,12
694,294;16,12
694,53;16,1
694,766;16,11
695,002;16,11
695,239;16,11
695,475;16,11
695,711;16,12
695,947;16,12
696,183;16,13
696,419;16,13
696,656;16,14
696,892;16,14
697,128;16,16
697,364;16,15
697,6;16,15
697,836;16,15
698,072;16,15
698,308;16,16
698,544;16,16
698,78;16,15
699,016;16,16
699,251;16,17
699,487;16,19
699,723;16,19
699,959;16,2
700,195;16,2
700,431;16,21
700,666;16,2
700,902;16,21
701,138;16,21
701,374;16,21
701,609;16,2
701,845;16,21
702,081;16,21
702,316;16,22
702,552;16,22
702,788;16,21
703,023;16,21
703,259;16,22
703,494;16,22
703,73;16,23
703,965;16,23
704,201;16,23
704,436;16,24
704,672;16,24
704,907;16,24
705,143;16,26
705,378;16,26
705,613;16,26
705,849;16,28
706,084;16,29
706,319;16,3
706,555;16,31
706,79;16,32
707,025;16,33
707,26;16,34
707,496;16,35
707,731;16,37
707,966;16,39
708,201;16,39
708,436;16,41
708,671;16,41
708,907;16,41
709,142;16,42
709,377;16,41
709,612;16,42
709,847;16,42
710,082;16,41
710,317;16,42
710,552;16,43
710,787;16,42
711,022;16,41
711,257;16,41
711,492;16,41
711,726;16,42
711,961;16,42
712,196;16,42
712,431;16,41
712,666;16,43
712,901;16,41
713,135;16,41
713,37;16,4
713,605;16,41
713,839;16,41
714,074;16,42
714,309;16,43
714,543;16,43
714,778;16,43
715,013;16,43
715,247;16,44
715,482;16,44
715,716;16,44
715,951;16,44
716,185;16,45
716,42;16,46
716,654;16,45
716,889;16,46
717,123;16,45
717,358;16,46
717,592;16,45
717,827;16,45
718,061;16,46
718,295;16,47
718,53;16,47
718,764;16,49
718,998;16,48
719,232;16,47
719,467;16,46
719,701;16,48
719,935;16,49
720,169;16,48
720,403;16,49
720,638;16,51
720,872;16,51
721,106;16,5
721,34;16,51
721,574;16,52
721,808;16,51
722,042;16,53
722,276;16,53
722,51;16,55
722,744;16,56
722,978;16,57
723,212;16,59
723,446;16,6
723,68;16,59
723,914;16,6
724,147;16,62
724,381;16,65
724,615;16,65
724,849;16,67
725,083;16,68
725,316;16,69
725,55;16,7
725,784;16,72
726,018;16,74
726,251;16,75
726,485;16,76
726,719;16,8
726,952;16,81
727,186;16,82
727,419;16,83
727,653;16,85
727,887;16,86
728,12;16,86
728,354;16,87
728,587;16,89
728,821;16,92
729,054;16,94
729,287;16,95
729,521;16,97
729,754;16,98
729,988;17,01
730,221;17,03
730,454;17,05
730,688;17,05
730,921;17,06
731,154;17,07
731,387;17,09
731,621;17,1
731,854;17,12
732,087;17,14
732,32;17,16
732,553;17,16
732,787;17,19
733,02;17,21
733,253;17,23
733,486;17,23
733,719;17,25
733,952;17,27
734,185;17,27
734,418;17,28
734,651;17,3
734,884;17,3
735,117;17,32
735,35;17,32
735,583;17,33
735,816;17,34
736,049;17,35
736,281;17,34
736,514;17,34
736,747;17,34
736,98;17,34
737,213;17,34
737,445;17,36
737,678;17,35
737,911;17,34
738,144;17,34
738,376;17,35
738,609;17,35
738,842;17,34
739,074;17,34
739,307;17,33
739,539;17,33
739,772;17,33
740,004;17,33
740,237;17,34
740,469;17,34
740,702;17,34
740,934;17,34
741,167;17,35
741,399;17,36
741,632;17,37
741,864;17,37
742,096;17,39
742,329;17,38
742,561;17,39
742,793;17,4
743,026;17,41
743,258;17,41
743,49;17,44
743,723;17,44
743,955;17,46
744,187;17,48
744,419;17,49
744,651;17,49
744,883;17,5
745,115;17,52
745,348;17,54
745,58;17,54
745,812;17,56
746,044;17,57
746,276;17,58
746,508;17,59
746,74;17,61
746,972;17,6
747,204;17,62
747,436;17,61
747,667;17,62
747,899;17,64
748,131;17,64
748,363;17,64
748,595;17,65
748,827;17,65
749,058;17,66
749,29;17,66
749,522;17,67
749,754;17,69
749,985;17,7
750,217;17,7
750,449;17,71
750,68;17,73
750,912;17,74
751,144;17,73
751,375;17,73
751,607;17,74
751,838;17,76
752,07;17,78
752,301;17,8
752,533;17,82
752,764;17,84
752,996;17,85
753,227;17,87
753,459;17,89
753,69;17,91
753,921;17,92
754,153;17,94
754,384;17,96
754,615;17,99
754,847;18
755,078;18,03
755,309;18,05
755,54;18,06
755,772;18,09
756,003;18,12
756,234;18,15
756,465;18,17
756,696;18,17
756,927;18,19
757,159;18,2
757,39;18,21
757,621;18,23
757,852;18,25
758,083;18,26
758,314;18,28
758,545;18,3
758,776;18,33
759,007;18,36
759,238;18,38
759,469;18,38
759,699;18,4
759,93;18,4
760,161;18,41
760,392;18,41
760,623;18,43
760,854;18,43
761,084;18,45
761,315;18,47
761,546;18,49
761,776;18,51
762,007;18,52
762,238;18,53
762,468;18,54
762,699;18,55
762,93;18,57
763,16;18,57
763,391;18,57
763,621;18,57
763,852;18,57
764,083;18,57
764,313;18,58
764,543;18,58
764,774;18,59
765,004;18,6
765,235;18,62
765,465;18,61
765,696;18,62
765,926;18,62
766,156;18,62
766,387;18,62
766,617;18,63
766,847;18,65
767,077;18,67
767,308;18,68
767,538;18,69
767,768;18,7
767,998;18,72
768,228;18,73
768,459;18,74
768,689;18,74
768,919;18,75
769,149;18,77
769,379;18,78
769,609;18,79
769,839;18,79
770,069;18,8
770,299;18,82
770,529;18,83
770,759;18,85
770,989;18,85
771,219;18,87
771,449;18,87
771,678;18,88
771,908;18,88
772,138;18,9
772,368;18,89
772,598;18,89
772,827;18,9
773,057;18,9
773,287;18,9
773,517;18,93
773,746;18,94
773,976;18,93
774,206;18,93
774,435;18,95
774,665;18,95
774,894;18,95
775,124;18,96
775,354;18,96
775,583;18,96
775,813;18,98
776,042;19
776,272;19,01
776,501;19,02
776,73;19,03
776,96;19,03
777,189;19,05
777,419;19,06
777,648;19,08
777,877;19,1
778,107;19,11
778,336;19,12
778,565;19,12
778,794;19,13
779,024;19,16
779,253;19,16
779,482;19,19
779,711;19,21
779,94;19,23
780,17;19,24
780,399;19,27
780,628;19,29
780,857;19,3
781,086;19,3
781,315;19,3
781,544;19,31
781,773;19,32
782,002;19,32
782,231;19,33
782,46;19,33
782,689;19,33
782,918;19,35
783,147;19,35
783,375;19,37
783,604;19,39
783,833;19,39
784,062;19,39
784,291;19,38
784,519;19,38
784,748;19,37
784,977;19,39
785,206;19,38
785,434;19,38
785,663;19,37
785,892;19,38
786,12;19,39
786,349;19,4
786,577;19,4
786,806;19,4
787,034;19,42
787,263;19,43
787,492;19,44
787,72;19,43
787,948;19,43
788,177;19,44
788,405;19,44
788,634;19,44
788,862;19,45
789,09;19,46
789,319;19,45
789,547;19,49
789,775;19,48
790,004;19,49
790,232;19,5
790,46;19,51
790,688;19,53
790,917;19,54
791,145;19,56
791,373;19,58
791,601;19,58
791,829;19,57
792,057;19,58
792,286;19,59
792,514;19,61
792,742;19,62
792,97;19,61
793,198;19,62
793,426;19,63
793,654;19,64
793,882;19,65
794,109;19,67
794,337;19,64
794,565;19,64
794,793;19,64
795,021;19,64
795,249;19,65
795,477;19,64
795,704;19,64
795,932;19,61
796,16;19,59
796,388;19,59
796,615;19,57
796,843;19,56
797,071;19,57
797,298;19,57
797,526;19,57
797,754;19,56
797,981;19,58
798,209;19,58
798,436;19,58
798,664;19,58
798,891;19,59
799,119;19,61
799,346;19,62
799,574;19,61
799,801;19,6
800,029;19,59
800,256;19,6
800,483;19,6
800,711;19,62
800,938;19,64
801,165;19,65
801,393;19,67
801,62;19,68
801,847;19,68
802,074;19,65
802,302;19,64
802,529;19,63
802,756;19,62
802,983;19,64
803,21;19,61
803,437;19,61
803,665;19,61
803,892;19,63
804,119;19,63
804,346;19,65
804,573;19,66
804,8;19,67
805,027;19,67
805,254;19,68
805,481;19,67
805,708;19,68
805,934;19,67
806,161;19,67
806,388;19,67
806,615;19,69
806,842;19,71
807,069;19,71
807,295;19,74
807,522;19,74
807,749;19,74
807,976;19,75
808,202;19,77
808,429;19,76
808,656;19,76
808,882;19,76
809,109;19,74
809,335;19,75
809,562;19,74
809,789;19,74
810,015;19,74
810,242;19,75
810,468;19,74
810,695;19,76
810,921;19,76
811,147;19,77
811,374;19,78
811,6;19,77
811,827;19,77
812,053;19,76
812,279;19,77
812,506;19,76
812,732;19,77
812,958;19,75
813,185;19,74
813,411;19,76
813,637;19,76
813,863;19,77
814,089;19,76
814,315;19,75
814,542;19,76
814,768;19,74
814,994;19,74
815,22;19,73
815,446;19,72
815,672;19,71
815,898;19,71
816,124;19,7
816,35;19,69
816,576;19,69
816,802;19,69
817,028;19,66
817,254;19,66
817,48;19,65
817,705;19,65
817,931;19,65
818,157;19,61
818,383;19,59
818,609;19,58
818,834;19,58
819,06;19,59
819,286;19,57
819,512;19,57
819,737;19,56
819,963;19,57
820,189;19,56
820,414;19,56
820,64;19,54
820,865;19,52
821,091;19,51
821,316;19,47
821,542;19,46
821,767;19,46
821,993;19,48
822,218;19,46
822,444;19,45
822,669;19,44
822,895;19,44
823,12;19,43
823,345;19,44
823,571;19,44
823,796;19,43
824,021;19,43
824,247;19,43
824,472;19,42
824,697;19,42
824,922;19,42
825,147;19,42
825,373;19,41
825,598;19,43
825,823;19,43
826,048;19,44
826,273;19,45
826,498;19,43
826,723;19,4
826,948;19,41
827,173;19,4
827,398;19,39
827,623;19,39
827,848;19,4
828,073;19,38
828,298;19,36
828,523;19,35
828,748;19,35
828,973;19,33
829,197;19,31
829,422;19,31
829,647;19,3
829,872;19,27
830,097;19,25
830,321;19,23
830,546;19,23
830,771;19,23
830,995;19,2
831,22;19,19
831,445;19,19
831,669;19,16
831,894;19,18
832,118;19,16
832,343;19,15
832,567;19,13
832,792;19,14
833,016;19,13
833,241;19,13
833,465;19,1
833,69;19,1
833,914;19,11
834,139;19,11
834,363;19,08
834,587;19,07
834,812;19,09
835,036;19,07
835,26;19,03
835,485;19,02
835,709;19,01
835,933;19
836,157;18,97
836,381;18,96
836,606;18,96
836,83;18,95
837,054;18,93
837,278;18,93
837,502;18,93
837,726;18,92
837,95;18,9
838,174;18,9
838,398;18,88
838,622;18,84
838,846;18,81
839,07;18,82
839,294;18,82
839,518;18,79
839,742;18,78
839,966;18,8
840,189;18,81
840,413;18,81
840,637;18,82
840,861;18,81
841,085;18,8
841,308;18,8
841,532;18,78
841,756;18,77
841,979;18,77
842,203;18,73
842,427;18,74
842,65;18,72
842,874;18,71
843,098;18,71
843,321;18,72
843,545;18,72
843,768;18,69
843,992;18,69
844,215;18,67
844,439;18,67
844,662;18,66
844,886;18,64
845,109;18,65
845,332;18,66
845,556;18,65
845,779;18,67
846,002;18,64
846,226;18,65
846,449;18,66
846,672;18,64
846,895;18,66
847,119;18,62
847,342;18,62
847,565;18,62
847,788;18,62
848,011;18,62
848,234;18,62
848,457;18,62
848,681;18,6
848,904;18,61
849,127;18,59
849,35;18,58
849,573;18,57
849,796;18,57
850,019;18,55
850,241;18,56
850,464;18,54
850,687;18,54
850,91;18,54
851,133;18,53
851,356;18,53
851,579;18,52
851,801;18,54
852,024;18,55
852,247;18,54
852,47;18,52
852,692;18,52
852,915;18,5
853,138;18,5
853,36;18,5
853,583;18,5
853,806;18,52
854,028;18,51
854,251;18,5
854,473;18,48
854,696;18,49
854,918;18,47
855,141;18,46
855,363;18,44
855,586;18,43
855,808;18,41
856,031;18,39
856,253;18,38
856,475;18,36
856,698;18,37
856,92;18,37
857,142;18,36
857,365;18,32
857,587;18,32
857,809;18,31
858,031;18,29
858,253;18,28
858,476;18,24
858,698;18,25
858,92;18,26
859,142;18,24
859,364;18,21
859,586;18,21
859,808;18,18
860,03;18,16
860,252;18,16
860,474;18,14
860,696;18,15
860,918;18,14
861,14;18,14
861,362;18,1
861,584;18,09
861,806;18,07
862,028;18,09
862,25;18,08
862,471;18,06
862,693;18,05
862,915;18,02
863,137;18,02
863,358;18,02
863,58;18
863,802;18
864,024;18
864,245;18,01
864,467;18
864,688;18
864,91;17,97
865,132;17,98
865,353;17,96
865,575;17,93
865,796;17,94
866,018;17,92
866,239;17,91
866,461;17,93
866,682;17,93
866,903;17,92
867,125;17,9
867,346;17,91
867,567;17,93
867,789;17,92
868,01;17,9
868,231;17,9
868,453;17,86
868,674;17,87
868,895;17,85
869,116;17,86
869,337;17,85
869,559;17,85
869,78;17,83
870,001;17,81
870,222;17,82
870,443;17,78
870,664;17,8
870,885;17,78
871,106;17,77
871,327;17,76
871,548;17,76
871,769;17,76
871,99;17,75
872,211;17,7
872,432;17,69
872,653;17,66
872,874;17,65
873,094;17,66
873,315;17,65
873,536;17,63
873,757;17,62
873,978;17,61
874,198;17,63
874,419;17,59
874,64;17,59
874,86;17,53
875,081;17,56
875,302;17,55
875,522;17,53
875,743;17,49
875,963;17,47
876,184;17,44
876,404;17,43
876,625;17,42
876,845;17,43
877,066;17,4
877,286;17,4
877,507;17,39
877,727;17,38
877,947;17,37
878,168;17,38
878,388;17,34
878,609;17,34
878,829;17,32
879,049;17,36
879,269;17,34
879,49;17,36
879,71;17,31
879,93;17,31
880,15;17,32
880,37;17,32
880,59;17,32
880,811;17,33
881,031;17,33
881,251;17,33
881,471;17,33
881,691;17,37
881,911;17,38
882,131;17,39
882,351;17,41
882,571;17,39
882,791;17,38
883,011;17,4
883,23;17,37
883,45;17,36
883,67;17,34
883,89;17,37
884,11;17,37
884,33;17,38
884,549;17,36
884,769;17,35
884,989;17,33
885,209;17,32
885,428;17,32
885,648;17,31
885,868;17,29
886,087;17,27
886,307;17,25
886,526;17,21
886,746;17,21
886,965;17,18
887,185;17,15
887,404;17,17
887,624;17,18
887,843;17,2
888,063;17,22
888,282;17,22
888,502;17,22
888,721;17,24
888,94;17,24
889,16;17,21
889,379;17,23
889,598;17,25
889,818;17,26
890,037;17,26
890,256;17,27
890,475;17,27
890,694;17,3
890,914;17,31
891,133;17,34
891,352;17,38
891,571;17,4
891,79;17,44
892,009;17,43
892,228;17,45
892,447;17,45
892,666;17,42
892,885;17,42
893,104;17,4
893,323;17,4
893,542;17,41
893,761;17,41
893,98;17,39
894,199;17,43
894,417;17,41
894,636;17,41
894,855;17,43
895,074;17,44
895,293;17,44
895,511;17,44
895,73;17,45
895,949;17,4
896,167;17,39
896,386;17,36
896,605;17,36
896,823;17,36
897,042;17,36
897,26;17,37
897,479;17,38
897,697;17,37
897,916;17,41
898,134;17,39
898,353;17,42
898,571;17,43
898,79;17,38
899,008;17,41
899,227;17,39
899,445;17,35
899,663;17,38
899,882;17,37
900,1;17,38
900,318;17,36
900,536;17,38
900,755;17,36
900,973;17,38
901,191;17,36
901,409;17,36
901,627;17,36
901,846;17,34
902,064;17,3
902,282;17,33
902,5;17,28
902,718;17,29
902,936;17,3
903,154;17,3
903,372;17,31
903,59;17,31
903,808;17,29
904,026;17,32
904,244;17,28
904,462;17,24
904,679;17,19
904,897;17,2
905,115;17,2
905,333;17,2
905,551;17,18
905,768;17,18
905,986;17,14
906,204;17,17
906,422;17,2
906,639;17,2
906,857;17,2
907,074;17,21
907,292;17,21
907,51;17,18
907,727;17,16
907,945;17,24
908,162;17,23
908,38;17,24
908,597;17,26
908,815;17,26
909,032;17,32
909,25;17,34
909,467;17,33
909,684;17,32
909,902;17,31
910,119;17,35
910,337;17,33
910,554;17,36
910,771;17,3
910,988;17,3
911,206;17,32
911,423;17,33
911,64;17,33
911,857;17,32
912,074;17,33
912,291;17,36
912,509;17,26
912,726;17,26
912,943;17,26
913,16;17,23
913,377;17,21
913,594;17,21
913,811;17,23
914,028;17,24
914,245;17,25
914,462;17,24
914,679;17,23
914,896;17,25
915,112;17,23
915,329;17,27
915,546;17,26
915,763;17,32
915,98;17,29
916,196;17,29
916,413;17,28
916,63;17,27
916,847;17,3
917,063;17,32
917,28;17,3
917,497;17,32
917,713;17,33
917,93;17,37
918,146;17,33
918,363;17,28
918,579;17,29
918,796;17,29
919,012;17,29
919,229;17,31
919,445;17,35
919,662;17,39
919,878;17,38
920,095;17,38
920,311;17,3
920,527;17,31
920,744;17,3
920,96;17,29
921,176;17,33
921,392;17,3
921,609;17,34
921,825;17,39
922,041;17,39
922,257;17,36
922,473;17,4
922,69;17,43
922,906;17,46
923,122;17,48
923,338;17,47
923,554;17,45
923,77;17,38
923,986;17,37
924,202;17,34
924,418;17,34
924,634;17,34
924,85;17,42
925,066;17,46
925,282;17,47
925,497;17,5
925,713;17,51
925,929;17,52
926,145;17,5
926,361;17,47
926,576;17,49
926,792;17,51
927,008;17,51
927,224;17,5
927,439;17,52
927,655;17,5
927,871;17,52
928,086;17,59
928,302;17,62
928,517;17,64
928,733;17,64
928,948;17,63
929,164;17,65
929,379;17,61
929,595;17,59
929,81;17,62
930,026;17,6
930,241;17,6
930,456;17,63
930,672;17,66
930,887;17,68
931,102;17,68
931,318;17,71
931,533;17,69
931,748;17,7
931,964;17,66
932,179;17,67
932,394;17,63
932,609;17,65
932,824;17,67
933,039;17,65
933,255;17,68
933,47;17,68
933,685;17,7
933,9;17,67
934,115;17,67
934,33;17,68
934,545;17,73
934,76;17,74
934,975;17,71
935,19;17,66
935,404;17,67
935,619;17,76
935,834;17,83
936,049;17,86
936,264;17,95
936,479;18
936,693;18,06
936,908;18,21
937,123;18,19
937,338;18,24
937,552;18,36
937,767;18,4
937,982;18,67
938,196;18,8
938,411;18,97
938,625;19,08
938,84;19,13
939,055;19,21
939,269;19,42
939,484;19,61
939,698;19,86
939,912;20,09
940,127;20,1
940,341;20,04
940,556;20,11
940,77;20,22
940,984;20,46
941,199;20,57
941,413;20,48
941,627;20,59
941,842;20,77
942,056;20,73
942,27;20,93
942,484;20,7
942,699;20,74
942,913;20,89
943,127;20,85
943,341;21,1
943,555;21,23
943,769;21,07
943,983;21,01
944,197;20,96
944,411;20,81
944,625;20,93
944,839;20,99
945,053;21,13
945,267;21,13
945,481;21,13
945,695;21,26
945,909;21,45
946,123;21,59
946,336;21,34
946,55;21,4
946,764;21,35
946,978;21,47
947,192;21,43
947,405;21,34
947,619;21,55
947,833;21,32
948,046;21,3
948,26;21,24
948,474;21,28
948,687;21,18
948,901;21,32
949,114;21,25
949,328;21,48
949,541;21,5
949,755;21,43
949,968;21,34
950,182;21,34
950,395;21,02
950,609;20,86
950,822;20,94
951,035;20,88
951,249;20,83
951,462;20,63
951,675;20,69
951,889;20,6
952,102;20,42
952,315;20,43
952,528;20,38
952,741;20,43
952,955;20,48
953,168;20,6
953,381;20,48
953,594;20,49
953,807;20,3
954,02;20,27
954,233;20,31
954,446;20,3
954,659;20,16
954,872;20,48
955,085;20,5
955,298;20,59
955,511;20,65
955,724;20,68
955,937;20,88
956,15;20,91
956,362;20,91
956,575;20,96
956,788;20,87
957,001;20,79
957,214;20,87
957,426;20,87
957,639;20,75
957,852;20,64
958,064;20,6
958,277;20,61
958,49;20,6
958,702;20,56
958,915;20,68
959,127;20,79
959,34;20,66
959,552;20,6
959,765;20,58
959,977;20,56
960,19;20,52
960,402;20,37
960,615;20,35
960,827;20,45
961,039;20,49
961,252;20,56
961,464;20,57
961,676;20,39
961,889;20,34
962,101;20,42
962,313;20,57
962,525;20,52
962,738;20,59
962,95;20,6
963,162;20,61
963,374;20,5
963,586;20,56
963,798;20,5
964,01;20,59
964,222;20,56
964,434;20,68
964,646;20,79
964,858;20,87
965,07;20,89
965,282;20,95
965,494;20,99
965,706;20,95
965,918;21,1
966,13;21,24
966,342;21,14
966,553;21,13
966,765;21
966,977;20,98
967,189;20,96
967,401;20,93
967,612;20,93
967,824;20,98
968,036;20,82
968,247;20,89
968,459;21
968,67;21,06
968,882;21
969,094;20,9
969,305;20,93
969,517;20,86
969,728;20,84
969,94;20,68
970,151;20,75
970,362;20,74
970,574;20,78
970,785;20,91
970,997;20,89
971,208;20,91
971,419;20,95
971,631;20,93
971,842;20,97
972,053;21
972,264;20,93
972,476;21,03
972,687;21,14
972,898;21,1
973,109;21,07
973,32;21,01
973,531;21,13
973,742;21
973,954;20,86
974,165;20,9
974,376;21,06
974,587;21,09
974,798;21,01
975,009;20,96
975,22;21,02
975,43;21,01
975,641;21,11
975,852;21,14
976,063;21,22
976,274;21,23
976,485;21,09
976,695;21,18
976,906;21,17
977,117;21,07
977,328;21,04
977,538;21,06
977,749;21,03
977,96;20,98
978,17;21,17
978,381;21,24
978,592;21,17
978,802;21,18
979,013;21,17
979,223;21,14
979,434;21,16
979,644;21,14
979,855;21,24
980,065;21,29
980,276;21,35
980,486;21,23
980,696;21,17
980,907;21,39
981,117;21,31
981,327;21,27
981,538;21,24
981,748;21,31
981,958;21,43
982,169;21,76
982,379;21,73
982,589;21,72
982,799;21,81
983,009;21,88
983,219;21,91
983,43;22,04
983,64;22,09
983,85;22,18
984,06;22,29
984,27;22,3
984,48;22,45
984,69;22,44
984,9;22,47
985,11;22,63
985,32;22,56
985,529;22,7
985,739;22,72
985,949;22,89
986,159;22,78
986,369;22,77
986,579;22,62
986,788;22,75
986,998;22,85
987,208;22,92
987,417;22,88
987,627;22,82
987,837;22,85
988,046;22,91
988,256;22,91
988,466;22,7
988,675;22,7
988,885;22,65
989,094;22,76
989,304;22,68
989,513;22,7
989,723;22,91
989,932;22,75
990,142;22,99
990,351;23,01
990,56;23,17
990,77;23,04
990,979;22,92
991,188;22,94
991,398;22,84
991,607;22,97
991,816;23,13
992,025;23,23
992,235;23,11
992,444;23,25
992,653;23,28
992,862;23,31
993,071;23,29
993,28;23,3
993,489;23,27
993,698;23,47
993,908;23,46
994,117;23,4
994,326;23,57
994,534;23,37
994,743;23,49
994,952;23,32
995,161;23,52
995,37;23,92
995,579;23,92
995,788;23,97
995,997;23,81
996,205;23,61
996,414;23,37
996,623;23,29
996,832;23,11
997,04;23,05
997,249;23,22
997,458;23,3
997,666;23,43
997,875;23,43
998,084;23,27
998,292;23,35
998,501;23,26
998,709;23,21
998,918;23,51
999,126;23,44
999,335;23,56
999,543;23,39
999,752;23,21
999,96;23,25
1000,169;23,23
1000,377;23,26
1000,585;23,58
1000,794;23,73
1001,002;23,98
1001,21;24,02
1001,418;24,13
1001,627;24
1001,835;24,09
1002,043;23,99
1002,251;24,16
1002,459;24,42
1002,668;24,34
1002,876;24,45
1003,084;24,59
1003,292;24,35
1003,5;24,31
1003,708;24,56
1003,916;24,7
1004,124;24,71
1004,332;24,59
1004,54;24,83
1004,748;25,1
1004,956;25,09
1005,163;25,33
1005,371;25,57
1005,579;25,45
1005,787;25,34
1005,995;25,59
1006,202;25,64
1006,41;25,48
1006,618;25,44
1006,826;25,25
1007,033;25,23
1007,241;25,42
1007,449;25,46
1007,656;25,38
1007,864;25,62
1008,071;25,54
1008,279;25,63
1008,486;25,82
1008,694;25,94
1008,901;25,56
1009,109;25,39
1009,316;25,36
1009,524;25,35
1009,731;25
1009,938;25,1
1010,146;25,21
1010,353;25,3
1010,56;25,36
1010,768;25,53
1010,975;25,63
1011,182;25,87
1011,389;25,96
1011,597;25,66
1011,804;25,83
1012,011;26,22
1012,218;26,13
1012,425;26,19
1012,632;26,03
1012,839;25,77
1013,046;25,79
1013,253;26,07
1013,46;26,15
1013,667;26,15
1013,874;26,03
1014,081;26,1
1014,288;26,39
1014,495;26,6
1014,702;26,27
1014,909;26,32
1015,116;26,33
1015,323;26,15
1015,529;26,33
1015,736;26,59
1015,943;26,81
1016,15;27
1016,356;26,78
1016,563;26,93
1016,77;26,99
1016,976;27,06
1017,183;27,35
1017,389;27,47
1017,596;27,66
1017,803;27,74
1018,009;27,63
1018,216;27,53
1018,422;27,93
1018,629;28,16
1018,835;28,23
1019,041;28,59
1019,248;28,06
1019,454;28,1
1019,661;28,38
1019,867;28,25
1020,073;27,94
1020,279;27,96
1020,486;27,8
1020,692;27,73
1020,898;27,48
1021,104;27,38
1021,311;27,66
1021,517;27,43
1021,723;27,2
1021,929;27,05
1022,135;27,21
1022,341;27,1
1022,547;27,29
1022,753;27,1
1022,959;26,84
1023,165;26,89
1023,371;27,09
1023,577;27,45
1023,783;27,34
1023,989;27,03
1024,195;27,11
1024,401;27,64
1024,607;27,92
1024,812;27,97
1025,018;28,15
1025,224;27,86
1025,43;28,12
1025,635;28,25
1025,841;28,7
1026,047;28,75
1026,252;28,85
1026,458;28,65
1026,664;28,7
1026,869;29,04
1027,075;28,49
1027,28;28,49
1027,486;28,49
1027,691;28,74
1027,897;28,99
1028,102;28,93
1028,308;29,11
1028,513;29
1028,719;29,09
1028,924;28,55
1029,129;28,75
1029,335;29,25
1029,54;29,7
1029,745;29,39
1029,95;29,56
1030,156;29,27
1030,361;30,01
1030,566;30,19
1030,771;30,1
1030,976;30,24
1031,182;30,32
1031,387;31
1031,592;31,54
1031,797;31,6
1032,002;31,24
1032,207;30,88
1032,412;31,57
1032,617;31,88
1032,822;31,56
1033,027;31,41
1033,232;31,91
1033,437;31,68
1033,642;31,26
1033,846;31,23
1034,051;31,29
1034,256;30,45
1034,461;30,65
1034,666;29,57
1034,87;29,43
1035,075;29,9
1035,28;29,78
1035,484;29,68
1035,689;29,84
1035,894;29,32
1036,098;28,92
1036,303;28,82
1036,507;28,82
1036,712;28,11
1036,917;27,77
1037,121;28,36
1037,325;28
1037,53;27,93
1037,734;28,32
1037,939;28,48
1038,143;29,28
1038,348;29,44
1038,552;30,46
1038,756;29,62
1038,961;30,66
1039,165;30,62
1039,369;30,63
1039,573;31,25
1039,778;30,88
1039,982;30,36
1040,186;30,56
1040,39;30,4
1040,594;30,16
1040,798;29,72
1041,002;30,57
1041,206;30,75
1041,41;31,2
1041,614;31,39
1041,818;31,9
1042,022;30,9
1042,226;31,38
1042,43;30,91
1042,634;31,81
1042,838;31,17
1043,042;31,88
1043,246;30,98
1043,45;31,6
1043,653;31,23
1043,857;31,78
1044,061;33,12
1044,265;32,75
1044,468;33,19
1044,672;33,14
1044,876;33,8
1045,079;34,6
1045,283;34,21
1045,487;34,73
1045,69;34,47
1045,894;35,2
1046,097;34,83
1046,301;36,03
1046,504;35,29
1046,708;34,46
1046,911;33,98
1047,115;34,58
1047,318;35,17
1047,522;35,74
1047,725;35,89
1047,928;36,22
1048,132;35,76
1048,335;36,36
1048,538;36,6
1048,741;36,67
1048,945;36,88
1049,148;36,48
1049,351;37,74
1049,554;37,85
1049,757;37,24
1049,96;36,9
1050,163;36,53
1050,367;36,45
1050,57;36,26
1050,773;36,46
1050,976;38,19
1051,179;37,79
1051,382;37,01
1051,585;35,92
1051,787;36,15
1051,99;34,96
1052,193;34,54
1052,396;33,74
1052,599;30,83
1052,802;32,48
1053,005;32,64
1053,207;34,81
1053,41;34,37
1053,613;33,02
1053,815;33,15
1054,018;33,7
1054,221;36
1054,423;35,56
1054,626;35,41
1054,829;35,31
1055,031;35,38
1055,234;34,42
1055,436;34,25
1055,639;35,14
1055,841;35,83
1056,044;35,62
1056,246;37,06
