Data from TV_VeronaWhite_Reflection__2__15.txt Node;
"Date: Thu Sep 11 15:49:26 CEST 2025 User: sycur";
186,01;-743,72
186,281;972,83
186,552;372,66
186,822;252,1
187,093;0
187,364;-730,03
187,635;-129,99
187,905;58,95
188,176;35,52
188,447;25,62
188,717;24,58
188,988;27,04
189,258;26,12
189,529;26,19
189,8;22,8
190,07;21,71
190,341;20,19
190,611;17,06
190,882;16,19
191,152;15,85
191,423;14,9
191,693;13,68
191,964;13,58
192,234;13,11
192,505;11,88
192,775;12,22
193,045;10,02
193,316;10,21
193,586;9,79
193,856;8,51
194,127;9,33
194,397;8,71
194,667;9,57
194,938;8,86
195,208;8,78
195,478;8,64
195,748;8,58
196,019;8,84
196,289;9,61
196,559;9,46
196,829;8,69
197,099;8,87
197,37;8,43
197,64;7,95
197,91;8,31
198,18;8,02
198,45;7,6
198,72;7,99
198,99;7,92
199,26;8,06
199,53;8,61
199,8;8,35
200,07;8,26
200,34;7,81
200,61;8,01
200,88;7,97
201,15;8,2
201,42;7,92
201,69;7,32
201,96;6,83
202,23;6,57
202,499;6,4
202,769;6,42
203,039;6,65
203,309;6,79
203,579;6,6
203,849;6,74
204,118;6,33
204,388;6,06
204,658;5,98
204,927;5,98
205,197;5,81
205,467;5,39
205,736;5,27
206,006;5,05
206,276;4,92
206,545;4,65
206,815;4,55
207,085;4,47
207,354;4,64
207,624;4,67
207,893;4,5
208,163;4,59
208,432;4,38
208,702;4,12
208,971;4,14
209,241;4,04
209,51;3,95
209,78;4,07
210,049;4,16
210,318;4,19
210,588;4,06
210,857;4
211,127;4,1
211,396;4,07
211,665;4,11
211,935;4,08
212,204;4,21
212,473;4,05
212,742;4,11
213,012;3,98
213,281;3,95
213,55;4,05
213,819;3,88
214,088;3,87
214,358;3,89
214,627;3,78
214,896;3,75
215,165;3,71
215,434;3,65
215,703;3,62
215,972;3,49
216,241;3,47
216,51;3,49
216,779;3,4
217,048;3,33
217,317;3,33
217,586;3,3
217,855;3,21
218,124;3,29
218,393;3,26
218,662;3,26
218,931;3,19
219,2;3,19
219,469;3,24
219,738;3,23
220,006;3,21
220,275;3,18
220,544;3,22
220,813;3,18
221,082;3,15
221,35;3,11
221,619;3,1
221,888;3,09
222,157;3,07
222,425;3,08
222,694;3,04
222,963;2,98
223,231;2,95
223,5;2,94
223,769;2,9
224,037;2,85
224,306;2,86
224,574;2,88
224,843;2,84
225,111;2,83
225,38;2,82
225,648;2,84
225,917;2,82
226,185;2,8
226,454;2,77
226,722;2,76
226,991;2,76
227,259;2,74
227,528;2,74
227,796;2,68
228,064;2,66
228,333;2,67
228,601;2,67
228,869;2,64
229,138;2,62
229,406;2,57
229,674;2,58
229,942;2,57
230,211;2,56
230,479;2,56
230,747;2,55
231,015;2,52
231,283;2,51
231,552;2,52
231,82;2,49
232,088;2,48
232,356;2,47
232,624;2,45
232,892;2,46
233,16;2,44
233,428;2,44
233,696;2,43
233,964;2,43
234,232;2,4
234,5;2,38
234,768;2,36
235,036;2,37
235,304;2,36
235,572;2,33
235,84;2,31
236,108;2,32
236,376;2,32
236,644;2,32
236,912;2,29
237,179;2,25
237,447;2,25
237,715;2,25
237,983;2,24
238,251;2,23
238,518;2,21
238,786;2,22
239,054;2,2
239,322;2,17
239,589;2,16
239,857;2,16
240,125;2,16
240,392;2,16
240,66;2,16
240,927;2,14
241,195;2,14
241,463;2,14
241,73;2,13
241,998;2,11
242,265;2,1
242,533;2,11
242,8;2,12
243,068;2,11
243,335;2,1
243,603;2,09
243,87;2,08
244,138;2,06
244,405;2,05
244,672;2,05
244,94;2,05
245,207;2,06
245,474;2,06
245,742;2,06
246,009;2,06
246,276;2,06
246,544;2,05
246,811;2,06
247,078;2,05
247,345;2,03
247,613;2,03
247,88;2,04
248,147;2,02
248,414;2
248,681;2
248,948;2
249,215;2
249,483;2
249,75;2,01
250,017;2
250,284;2,01
250,551;2,01
250,818;2,01
251,085;2
251,352;1,99
251,619;1,99
251,886;1,99
252,153;1,98
252,42;1,99
252,687;1,99
252,953;2,01
253,22;2
253,487;2,02
253,754;2,02
254,021;2,03
254,288;2,02
254,555;2,03
254,821;2,03
255,088;2,04
255,355;2,04
255,622;2,04
255,888;2,02
256,155;2,02
256,422;2,02
256,688;2,01
256,955;2,02
257,222;2,01
257,488;2,01
257,755;2,01
258,022;2
258,288;1,98
258,555;1,97
258,821;1,97
259,088;1,94
259,354;1,94
259,621;1,94
259,887;1,94
260,154;1,93
260,42;1,91
260,687;1,91
260,953;1,91
261,219;1,9
261,486;1,9
261,752;1,89
262,019;1,89
262,285;1,89
262,551;1,89
262,818;1,89
263,084;1,89
263,35;1,89
263,616;1,88
263,883;1,89
264,149;1,89
264,415;1,89
264,681;1,89
264,947;1,89
265,214;1,89
265,48;1,89
265,746;1,88
266,012;1,89
266,278;1,89
266,544;1,9
266,81;1,9
267,076;1,9
267,342;1,89
267,608;1,91
267,874;1,92
268,14;1,91
268,406;1,9
268,672;1,91
268,938;1,91
269,204;1,91
269,47;1,91
269,736;1,9
270,002;1,9
270,268;1,91
270,533;1,91
270,799;1,91
271,065;1,91
271,331;1,91
271,597;1,91
271,862;1,9
272,128;1,89
272,394;1,89
272,66;1,9
272,925;1,89
273,191;1,88
273,457;1,87
273,722;1,87
273,988;1,87
274,254;1,87
274,519;1,87
274,785;1,87
275,05;1,87
275,316;1,88
275,582;1,87
275,847;1,86
276,113;1,87
276,378;1,87
276,644;1,86
276,909;1,86
277,174;1,86
277,44;1,88
277,705;1,88
277,971;1,88
278,236;1,88
278,501;1,88
278,767;1,89
279,032;1,88
279,297;1,9
279,563;1,9
279,828;1,9
280,093;1,9
280,358;1,89
280,624;1,9
280,889;1,9
281,154;1,91
281,419;1,92
281,684;1,91
281,95;1,92
282,215;1,93
282,48;1,94
282,745;1,93
283,01;1,93
283,275;1,93
283,54;1,92
283,805;1,93
284,07;1,93
284,335;1,93
284,6;1,93
284,865;1,92
285,13;1,92
285,395;1,91
285,66;1,92
285,925;1,92
286,19;1,92
286,455;1,9
286,72;1,89
286,985;1,89
287,249;1,9
287,514;1,9
287,779;1,9
288,044;1,92
288,309;1,93
288,573;1,92
288,838;1,93
289,103;1,92
289,367;1,92
289,632;1,92
289,897;1,92
290,161;1,93
290,426;1,93
290,691;1,93
290,955;1,94
291,22;1,94
291,484;1,95
291,749;1,95
292,014;1,96
292,278;1,97
292,543;1,97
292,807;1,98
293,072;1,98
293,336;1,98
293,6;1,97
293,865;1,96
294,129;1,97
294,394;1,97
294,658;1,98
294,922;1,99
295,187;1,99
295,451;1,98
295,715;1,98
295,98;1,99
296,244;1,99
296,508;1,98
296,773;1,97
297,037;1,97
297,301;1,97
297,565;1,97
297,829;1,95
298,094;1,96
298,358;1,95
298,622;1,94
298,886;1,94
299,15;1,94
299,414;1,94
299,678;1,94
299,942;1,94
300,206;1,93
300,47;1,93
300,734;1,93
300,998;1,93
301,262;1,94
301,526;1,93
301,79;1,94
302,054;1,95
302,318;1,95
302,582;1,95
302,846;1,95
303,11;1,96
303,374;1,98
303,637;1,98
303,901;1,99
304,165;2
304,429;1,99
304,693;1,99
304,956;1,99
305,22;1,99
305,484;1,99
305,747;2
306,011;1,99
306,275;1,99
306,538;2
306,802;1,98
307,066;1,99
307,329;1,99
307,593;1,99
307,856;1,99
308,12;1,99
308,384;1,99
308,647;1,98
308,911;1,98
309,174;1,97
309,438;1,97
309,701;1,97
309,964;1,98
310,228;1,98
310,491;1,99
310,755;1,98
311,018;1,98
311,281;1,98
311,545;1,99
311,808;1,99
312,071;1,99
312,335;2
312,598;2
312,861;1,99
313,124;1,99
313,388;1,99
313,651;2
313,914;2
314,177;2
314,44;1,99
314,704;2
314,967;1,99
315,23;1,98
315,493;1,98
315,756;1,98
316,019;1,98
316,282;1,99
316,545;1,99
316,808;2
317,071;2
317,334;2,01
317,597;2
317,86;2,01
318,123;2,01
318,386;2,02
318,649;2,01
318,912;2,01
319,175;2,02
319,437;2,02
319,7;2,03
319,963;2,03
320,226;2,04
320,489;2,04
320,751;2,06
321,014;2,05
321,277;2,05
321,54;2,05
321,802;2,05
322,065;2,05
322,328;2,04
322,59;2,05
322,853;2,04
323,116;2,04
323,378;2,04
323,641;2,04
323,903;2,03
324,166;2,04
324,428;2,04
324,691;2,03
324,953;2,03
325,216;2,03
325,478;2,02
325,741;2,01
326,003;2,02
326,266;2
326,528;2,01
326,791;2,01
327,053;2
327,315;2
327,578;2,01
327,84;2
328,102;1,99
328,365;1,99
328,627;1,99
328,889;2
329,151;2
329,414;2,01
329,676;2
329,938;2
330,2;1,99
330,462;1,99
330,725;2
330,987;2,02
331,249;2,02
331,511;2,02
331,773;2,02
332,035;2,02
332,297;2,02
332,559;2,04
332,821;2,04
333,083;2,04
333,345;2,05
333,607;2,05
333,869;2,04
334,131;2,04
334,393;2,05
334,655;2,05
334,917;2,05
335,179;2,05
335,44;2,05
335,702;2,06
335,964;2,06
336,226;2,05
336,488;2,05
336,749;2,06
337,011;2,08
337,273;2,09
337,535;2,09
337,796;2,09
338,058;2,09
338,32;2,08
338,581;2,08
338,843;2,07
339,105;2,08
339,366;2,09
339,628;2,09
339,889;2,09
340,151;2,1
340,412;2,11
340,674;2,12
340,935;2,13
341,197;2,14
341,458;2,15
341,72;2,16
341,981;2,17
342,243;2,17
342,504;2,16
342,766;2,17
343,027;2,17
343,288;2,19
343,55;2,19
343,811;2,19
344,072;2,21
344,334;2,23
344,595;2,23
344,856;2,23
345,117;2,23
345,379;2,24
345,64;2,24
345,901;2,24
346,162;2,23
346,423;2,23
346,684;2,21
346,946;2,21
347,207;2,22
347,468;2,21
347,729;2,2
347,99;2,2
348,251;2,19
348,512;2,2
348,773;2,18
349,034;2,19
349,295;2,19
349,556;2,18
349,817;2,16
350,078;2,15
350,339;2,16
350,6;2,17
350,86;2,16
351,121;2,16
351,382;2,15
351,643;2,14
351,904;2,15
352,165;2,15
352,425;2,16
352,686;2,16
352,947;2,16
353,208;2,15
353,468;2,16
353,729;2,16
353,99;2,16
354,25;2,16
354,511;2,17
354,772;2,17
355,032;2,16
355,293;2,2
355,553;2,19
355,814;2,19
356,074;2,19
356,335;2,2
356,596;2,2
356,856;2,21
357,116;2,22
357,377;2,23
357,637;2,24
357,898;2,23
358,158;2,22
358,419;2,24
358,679;2,25
358,939;2,24
359,2;2,25
359,46;2,26
359,72;2,27
359,981;2,28
360,241;2,29
360,501;2,31
360,761;2,3
361,022;2,32
361,282;2,33
361,542;2,33
361,802;2,34
362,062;2,35
362,323;2,36
362,583;2,37
362,843;2,38
363,103;2,38
363,363;2,38
363,623;2,4
363,883;2,4
364,143;2,41
364,403;2,42
364,663;2,43
364,923;2,44
365,183;2,44
365,443;2,44
365,703;2,45
365,963;2,45
366,223;2,44
366,483;2,45
366,743;2,46
367,002;2,47
367,262;2,49
367,522;2,49
367,782;2,49
368,042;2,48
368,301;2,48
368,561;2,48
368,821;2,5
369,081;2,49
369,34;2,51
369,6;2,52
369,86;2,53
370,119;2,52
370,379;2,52
370,638;2,53
370,898;2,53
371,158;2,54
371,417;2,55
371,677;2,58
371,936;2,6
372,196;2,6
372,455;2,61
372,715;2,6
372,974;2,63
373,234;2,64
373,493;2,65
373,753;2,67
374,012;2,69
374,271;2,7
374,531;2,7
374,79;2,7
375,049;2,72
375,309;2,74
375,568;2,76
375,827;2,78
376,086;2,79
376,346;2,81
376,605;2,81
376,864;2,82
377,123;2,84
377,383;2,83
377,642;2,85
377,901;2,86
378,16;2,86
378,419;2,86
378,678;2,86
378,937;2,86
379,196;2,87
379,455;2,87
379,714;2,88
379,973;2,88
380,232;2,91
380,491;2,92
380,75;2,93
381,009;2,92
381,268;2,93
381,527;2,94
381,786;2,95
382,045;2,95
382,304;2,96
382,563;2,95
382,821;2,97
383,08;2,97
383,339;2,98
383,598;3
383,857;3,02
384,115;3,04
384,374;3,06
384,633;3,06
384,891;3,06
385,15;3,07
385,409;3,09
385,667;3,09
385,926;3,1
386,185;3,11
386,443;3,11
386,702;3,14
386,96;3,13
387,219;3,14
387,477;3,15
387,736;3,17
387,994;3,18
388,253;3,18
388,511;3,22
388,77;3,21
389,028;3,21
389,287;3,23
389,545;3,24
389,803;3,26
390,062;3,27
390,32;3,29
390,578;3,29
390,837;3,31
391,095;3,31
391,353;3,31
391,612;3,32
391,87;3,33
392,128;3,32
392,386;3,34
392,644;3,35
392,903;3,37
393,161;3,37
393,419;3,39
393,677;3,4
393,935;3,38
394,193;3,4
394,451;3,42
394,709;3,42
394,967;3,42
395,225;3,44
395,483;3,45
395,741;3,47
395,999;3,49
396,257;3,51
396,515;3,52
396,773;3,54
397,031;3,55
397,289;3,57
397,547;3,59
397,805;3,61
398,062;3,63
398,32;3,63
398,578;3,64
398,836;3,65
399,094;3,66
399,351;3,67
399,609;3,69
399,867;3,68
400,124;3,7
400,382;3,72
400,64;3,73
400,897;3,74
401,155;3,75
401,413;3,77
401,67;3,77
401,928;3,78
402,185;3,79
402,443;3,78
402,701;3,79
402,958;3,8
403,216;3,81
403,473;3,81
403,73;3,81
403,988;3,82
404,245;3,8
404,503;3,82
404,76;3,83
405,018;3,82
405,275;3,84
405,532;3,84
405,79;3,85
406,047;3,84
406,304;3,85
406,561;3,85
406,819;3,83
407,076;3,84
407,333;3,83
407,59;3,83
407,848;3,85
408,105;3,86
408,362;3,86
408,619;3,86
408,876;3,88
409,133;3,88
409,39;3,89
409,647;3,91
409,904;3,9
410,161;3,91
410,418;3,93
410,675;3,95
410,932;3,97
411,189;3,97
411,446;3,98
411,703;3,99
411,96;4,01
412,217;4,02
412,474;4,04
412,731;4,06
412,988;4,08
413,245;4,09
413,501;4,09
413,758;4,09
414,015;4,11
414,272;4,1
414,529;4,11
414,785;4,1
415,042;4,1
415,299;4,12
415,555;4,12
415,812;4,11
416,069;4,11
416,325;4,11
416,582;4,09
416,838;4,11
417,095;4,1
417,352;4,1
417,608;4,11
417,865;4,11
418,121;4,13
418,378;4,14
418,634;4,15
418,891;4,16
419,147;4,16
419,403;4,17
419,66;4,19
419,916;4,21
420,173;4,23
420,429;4,25
420,685;4,27
420,942;4,29
421,198;4,31
421,454;4,31
421,711;4,33
421,967;4,36
422,223;4,38
422,479;4,4
422,735;4,42
422,992;4,43
423,248;4,44
423,504;4,44
423,76;4,44
424,016;4,46
424,272;4,47
424,528;4,48
424,784;4,5
425,041;4,5
425,297;4,5
425,553;4,51
425,809;4,52
426,065;4,53
426,32;4,54
426,576;4,57
426,832;4,57
427,088;4,56
427,344;4,57
427,6;4,57
427,856;4,58
428,112;4,59
428,368;4,61
428,623;4,62
428,879;4,65
429,135;4,65
429,391;4,67
429,646;4,69
429,902;4,68
430,158;4,7
430,414;4,71
430,669;4,72
430,925;4,75
431,181;4,76
431,436;4,78
431,692;4,78
431,947;4,79
432,203;4,81
432,458;4,84
432,714;4,86
432,97;4,86
433,225;4,87
433,481;4,89
433,736;4,91
433,991;4,92
434,247;4,92
434,502;4,94
434,758;4,95
435,013;4,95
435,268;4,99
435,524;5,01
435,779;5,05
436,034;5,06
436,29;5,05
436,545;5,08
436,8;5,09
437,056;5,12
437,311;5,13
437,566;5,15
437,821;5,16
438,076;5,18
438,331;5,21
438,587;5,21
438,842;5,22
439,097;5,24
439,352;5,27
439,607;5,29
439,862;5,31
440,117;5,33
440,372;5,36
440,627;5,35
440,882;5,36
441,137;5,37
441,392;5,41
441,647;5,43
441,902;5,44
442,157;5,46
442,412;5,48
442,667;5,5
442,921;5,51
443,176;5,53
443,431;5,54
443,686;5,56
443,941;5,59
444,195;5,6
444,45;5,63
444,705;5,64
444,96;5,65
445,214;5,67
445,469;5,69
445,724;5,7
445,978;5,74
446,233;5,75
446,487;5,75
446,742;5,75
446,997;5,77
447,251;5,77
447,506;5,79
447,76;5,78
448,015;5,79
448,269;5,8
448,524;5,82
448,778;5,84
449,033;5,85
449,287;5,87
449,541;5,88
449,796;5,9
450,05;5,9
450,305;5,92
450,559;5,93
450,813;5,94
451,067;5,96
451,322;5,97
451,576;5,99
451,83;6,02
452,084;6,04
452,339;6,06
452,593;6,08
452,847;6,09
453,101;6,11
453,355;6,14
453,609;6,16
453,864;6,16
454,118;6,17
454,372;6,17
454,626;6,19
454,88;6,21
455,134;6,21
455,388;6,23
455,642;6,24
455,896;6,27
456,15;6,28
456,404;6,31
456,658;6,32
456,912;6,34
457,165;6,36
457,419;6,38
457,673;6,4
457,927;6,42
458,181;6,46
458,435;6,48
458,688;6,51
458,942;6,52
459,196;6,54
459,45;6,55
459,703;6,59
459,957;6,61
460,211;6,62
460,464;6,63
460,718;6,65
460,972;6,68
461,225;6,69
461,479;6,71
461,732;6,73
461,986;6,74
462,239;6,76
462,493;6,78
462,746;6,79
463;6,81
463,253;6,85
463,507;6,85
463,76;6,87
464,014;6,88
464,267;6,9
464,52;6,94
464,774;6,97
465,027;6,96
465,28;6,98
465,534;7
465,787;7,02
466,04;7,04
466,294;7,07
466,547;7,06
466,8;7,08
467,053;7,08
467,306;7,1
467,56;7,09
467,813;7,11
468,066;7,13
468,319;7,14
468,572;7,13
468,825;7,14
469,078;7,16
469,331;7,2
469,584;7,21
469,837;7,23
470,09;7,25
470,343;7,28
470,596;7,31
470,849;7,34
471,102;7,37
471,355;7,39
471,608;7,4
471,861;7,44
472,114;7,47
472,367;7,5
472,619;7,53
472,872;7,57
473,125;7,59
473,378;7,6
473,631;7,63
473,883;7,67
474,136;7,7
474,389;7,72
474,641;7,73
474,894;7,75
475,147;7,76
475,399;7,79
475,652;7,81
475,905;7,83
476,157;7,85
476,41;7,88
476,662;7,9
476,915;7,94
477,167;7,95
477,42;7,99
477,672;8,01
477,925;8,04
478,177;8,06
478,43;8,09
478,682;8,12
478,934;8,14
479,187;8,16
479,439;8,18
479,691;8,22
479,944;8,25
480,196;8,28
480,448;8,3
480,701;8,32
480,953;8,35
481,205;8,38
481,457;8,41
481,709;8,44
481,962;8,49
482,214;8,53
482,466;8,61
482,718;8,68
482,97;8,78
483,222;8,88
483,474;8,97
483,726;9,06
483,978;9,14
484,23;9,2
484,482;9,25
484,734;9,29
484,986;9,32
485,238;9,34
485,49;9,38
485,742;9,41
485,994;9,44
486,246;9,46
486,498;9,48
486,75;9,5
487,001;9,52
487,253;9,53
487,505;9,54
487,757;9,53
488,009;9,52
488,26;9,5
488,512;9,47
488,764;9,43
489,015;9,41
489,267;9,37
489,519;9,35
489,77;9,33
490,022;9,34
490,274;9,34
490,525;9,36
490,777;9,35
491,028;9,38
491,28;9,38
491,531;9,4
491,783;9,41
492,034;9,43
492,286;9,43
492,537;9,45
492,789;9,47
493,04;9,49
493,291;9,5
493,543;9,53
493,794;9,56
494,045;9,58
494,297;9,6
494,548;9,62
494,799;9,64
495,051;9,67
495,302;9,7
495,553;9,71
495,804;9,73
496,056;9,76
496,307;9,78
496,558;9,81
496,809;9,84
497,06;9,87
497,311;9,89
497,562;9,93
497,813;9,96
498,064;9,99
498,316;10,02
498,567;10,04
498,818;10,06
499,069;10,1
499,319;10,12
499,57;10,14
499,821;10,16
500,072;10,2
500,323;10,24
500,574;10,27
500,825;10,3
501,076;10,33
501,327;10,35
501,577;10,39
501,828;10,42
502,079;10,44
502,33;10,45
502,58;10,49
502,831;10,51
503,082;10,56
503,333;10,59
503,583;10,63
503,834;10,66
504,084;10,7
504,335;10,71
504,586;10,75
504,836;10,78
505,087;10,81
505,337;10,83
505,588;10,85
505,838;10,87
506,089;10,91
506,339;10,94
506,59;10,97
506,84;10,99
507,091;11,01
507,341;11,03
507,591;11,07
507,842;11,1
508,092;11,13
508,343;11,14
508,593;11,17
508,843;11,18
509,093;11,22
509,344;11,23
509,594;11,26
509,844;11,28
510,094;11,31
510,345;11,33
510,595;11,37
510,845;11,39
511,095;11,43
511,345;11,44
511,595;11,48
511,845;11,5
512,095;11,53
512,345;11,55
512,595;11,58
512,845;11,61
513,095;11,64
513,345;11,67
513,595;11,7
513,845;11,71
514,095;11,75
514,345;11,76
514,595;11,8
514,845;11,83
515,095;11,86
515,345;11,88
515,594;11,91
515,844;11,93
516,094;11,97
516,344;12
516,593;12,03
516,843;12,05
517,093;12,09
517,343;12,12
517,592;12,17
517,842;12,2
518,092;12,24
518,341;12,28
518,591;12,31
518,84;12,34
519,09;12,38
519,34;12,4
519,589;12,44
519,839;12,46
520,088;12,5
520,338;12,53
520,587;12,56
520,836;12,58
521,086;12,6
521,335;12,63
521,585;12,66
521,834;12,67
522,083;12,7
522,333;12,73
522,582;12,76
522,831;12,77
523,081;12,8
523,33;12,82
523,579;12,85
523,828;12,88
524,078;12,91
524,327;12,93
524,576;12,98
524,825;13
525,074;13,04
525,323;13,05
525,573;13,09
525,822;13,12
526,071;13,17
526,32;13,21
526,569;13,25
526,818;13,27
527,067;13,31
527,316;13,33
527,565;13,35
527,814;13,37
528,063;13,41
528,312;13,43
528,56;13,46
528,809;13,47
529,058;13,5
529,307;13,52
529,556;13,55
529,805;13,56
530,053;13,59
530,302;13,62
530,551;13,66
530,8;13,68
531,048;13,71
531,297;13,73
531,546;13,75
531,794;13,77
532,043;13,8
532,292;13,84
532,54;13,88
532,789;13,91
533,037;13,95
533,286;13,97
533,535;14
533,783;14,02
534,032;14,06
534,28;14,09
534,528;14,12
534,777;14,14
535,025;14,18
535,274;14,2
535,522;14,22
535,771;14,24
536,019;14,26
536,267;14,28
536,516;14,31
536,764;14,34
537,012;14,36
537,26;14,38
537,509;14,4
537,757;14,41
538,005;14,43
538,253;14,45
538,501;14,48
538,75;14,5
538,998;14,52
539,246;14,55
539,494;14,56
539,742;14,57
539,99;14,59
540,238;14,6
540,486;14,64
540,734;14,65
540,982;14,68
541,23;14,71
541,478;14,73
541,726;14,75
541,974;14,78
542,222;14,8
542,47;14,83
542,718;14,84
542,966;14,87
543,213;14,88
543,461;14,9
543,709;14,91
543,957;14,93
544,205;14,94
544,452;14,97
544,7;14,98
544,948;15,01
545,196;15,02
545,443;15,05
545,691;15,06
545,939;15,08
546,186;15,09
546,434;15,1
546,681;15,12
546,929;15,13
547,176;15,13
547,424;15,14
547,671;15,15
547,919;15,17
548,166;15,19
548,414;15,22
548,661;15,23
548,909;15,25
549,156;15,28
549,404;15,3
549,651;15,31
549,898;15,34
550,146;15,35
550,393;15,37
550,64;15,39
550,888;15,41
551,135;15,43
551,382;15,46
551,629;15,46
551,876;15,48
552,124;15,5
552,371;15,52
552,618;15,53
552,865;15,55
553,112;15,57
553,359;15,59
553,606;15,6
553,854;15,62
554,101;15,64
554,348;15,65
554,595;15,66
554,842;15,68
555,089;15,68
555,336;15,7
555,582;15,71
555,829;15,71
556,076;15,71
556,323;15,73
556,57;15,74
556,817;15,75
557,064;15,76
557,311;15,77
557,557;15,77
557,804;15,79
558,051;15,8
558,298;15,82
558,544;15,82
558,791;15,83
559,038;15,84
559,284;15,85
559,531;15,84
559,778;15,86
560,024;15,86
560,271;15,88
560,517;15,88
560,764;15,89
561,011;15,9
561,257;15,92
561,504;15,92
561,75;15,93
561,997;15,95
562,243;15,97
562,489;15,97
562,736;15,98
562,982;15,98
563,229;15,99
563,475;15,99
563,721;16
563,968;16
564,214;16,01
564,46;16,01
564,707;16,04
564,953;16,04
565,199;16,05
565,445;16,07
565,691;16,08
565,938;16,09
566,184;16,11
566,43;16,12
566,676;16,14
566,922;16,15
567,168;16,17
567,414;16,19
567,66;16,22
567,906;16,24
568,152;16,26
568,398;16,28
568,644;16,31
568,89;16,32
569,136;16,36
569,382;16,38
569,628;16,4
569,874;16,41
570,12;16,43
570,366;16,46
570,612;16,48
570,857;16,49
571,103;16,51
571,349;16,54
571,595;16,56
571,84;16,58
572,086;16,6
572,332;16,62
572,578;16,63
572,823;16,64
573,069;16,65
573,315;16,66
573,56;16,68
573,806;16,68
574,051;16,69
574,297;16,7
574,542;16,71
574,788;16,72
575,034;16,73
575,279;16,74
575,524;16,76
575,77;16,77
576,015;16,78
576,261;16,79
576,506;16,79
576,752;16,78
576,997;16,79
577,242;16,79
577,488;16,79
577,733;16,79
577,978;16,79
578,223;16,79
578,469;16,8
578,714;16,81
578,959;16,82
579,204;16,83
579,45;16,84
579,695;16,85
579,94;16,86
580,185;16,87
580,43;16,87
580,675;16,87
580,92;16,86
581,165;16,85
581,41;16,85
581,655;16,84
581,9;16,84
582,145;16,84
582,39;16,84
582,635;16,84
582,88;16,86
583,125;16,85
583,37;16,86
583,615;16,85
583,86;16,85
584,105;16,84
584,349;16,84
584,594;16,82
584,839;16,82
585,084;16,8
585,328;16,8
585,573;16,78
585,818;16,77
586,063;16,77
586,307;16,77
586,552;16,77
586,797;16,76
587,041;16,76
587,286;16,76
587,53;16,74
587,775;16,73
588,019;16,71
588,264;16,71
588,508;16,69
588,753;16,68
588,997;16,66
589,242;16,65
589,486;16,63
589,731;16,63
589,975;16,62
590,22;16,62
590,464;16,61
590,708;16,62
590,953;16,61
591,197;16,61
591,441;16,61
591,685;16,62
591,93;16,62
592,174;16,62
592,418;16,62
592,662;16,63
592,907;16,63
593,151;16,64
593,395;16,63
593,639;16,64
593,883;16,63
594,127;16,64
594,371;16,64
594,615;16,64
594,859;16,63
595,103;16,62
595,347;16,61
595,591;16,6
595,835;16,59
596,079;16,59
596,323;16,58
596,567;16,58
596,811;16,57
597,055;16,58
597,299;16,57
597,542;16,57
597,786;16,56
598,03;16,56
598,274;16,56
598,518;16,57
598,761;16,57
599,005;16,57
599,249;16,58
599,492;16,59
599,736;16,59
599,98;16,6
600,223;16,6
600,467;16,61
600,711;16,61
600,954;16,62
601,198;16,62
601,441;16,62
601,685;16,62
601,928;16,62
602,172;16,61
602,415;16,61
602,659;16,6
602,902;16,6
603,145;16,58
603,389;16,58
603,632;16,58
603,876;16,57
604,119;16,57
604,362;16,57
604,606;16,55
604,849;16,55
605,092;16,54
605,335;16,54
605,579;16,53
605,822;16,53
606,065;16,52
606,308;16,51
606,551;16,51
606,794;16,5
607,037;16,49
607,281;16,49
607,524;16,48
607,767;16,48
608,01;16,47
608,253;16,48
608,496;16,47
608,739;16,47
608,982;16,47
609,225;16,46
609,468;16,45
609,711;16,45
609,953;16,44
610,196;16,44
610,439;16,44
610,682;16,44
610,925;16,43
611,168;16,44
611,41;16,43
611,653;16,44
611,896;16,43
612,139;16,43
612,381;16,42
612,624;16,43
612,867;16,42
613,109;16,42
613,352;16,42
613,595;16,42
613,837;16,41
614,08;16,4
614,322;16,4
614,565;16,39
614,807;16,39
615,05;16,39
615,292;16,38
615,535;16,38
615,777;16,38
616,02;16,38
616,262;16,36
616,505;16,36
616,747;16,35
616,989;16,36
617,232;16,35
617,474;16,36
617,716;16,36
617,959;16,35
618,201;16,35
618,443;16,34
618,685;16,33
618,927;16,34
619,17;16,33
619,412;16,33
619,654;16,33
619,896;16,33
620,138;16,33
620,38;16,33
620,622;16,33
620,864;16,34
621,107;16,34
621,349;16,35
621,591;16,35
621,833;16,36
622,075;16,36
622,316;16,37
622,558;16,37
622,8;16,37
623,042;16,38
623,284;16,39
623,526;16,4
623,768;16,42
624,01;16,41
624,251;16,43
624,493;16,42
624,735;16,43
624,977;16,43
625,218;16,43
625,46;16,43
625,702;16,43
625,943;16,43
626,185;16,43
626,427;16,43
626,668;16,42
626,91;16,42
627,152;16,41
627,393;16,4
627,635;16,38
627,876;16,38
628,118;16,37
628,359;16,36
628,601;16,36
628,842;16,34
629,084;16,34
629,325;16,32
629,566;16,32
629,808;16,31
630,049;16,3
630,29;16,29
630,532;16,28
630,773;16,26
631,014;16,25
631,256;16,23
631,497;16,23
631,738;16,21
631,979;16,2
632,22;16,19
632,462;16,18
632,703;16,18
632,944;16,19
633,185;16,17
633,426;16,17
633,667;16,17
633,908;16,17
634,149;16,15
634,39;16,16
634,631;16,15
634,872;16,14
635,113;16,13
635,354;16,14
635,595;16,13
635,836;16,14
636,077;16,13
636,318;16,14
636,559;16,13
636,8;16,14
637,04;16,14
637,281;16,14
637,522;16,13
637,763;16,13
638,003;16,11
638,244;16,12
638,485;16,1
638,726;16,09
638,966;16,09
639,207;16,09
639,448;16,08
639,688;16,08
639,929;16,08
640,169;16,09
640,41;16,07
640,65;16,06
640,891;16,05
641,131;16,06
641,372;16,04
641,612;16,04
641,853;16,02
642,093;16,02
642,334;16,02
642,574;16,03
642,814;16,02
643,055;16,03
643,295;16,03
643,535;16,03
643,776;16,02
644,016;16,03
644,256;16,02
644,496;16,02
644,737;16,01
644,977;16,01
645,217;16,01
645,457;16,02
645,697;16,03
645,938;16,03
646,178;16,02
646,418;16,03
646,658;16,03
646,898;16,05
647,138;16,06
647,378;16,06
647,618;16,05
647,858;16,06
648,098;16,05
648,338;16,06
648,578;16,07
648,818;16,08
649,057;16,07
649,297;16,08
649,537;16,08
649,777;16,09
650,017;16,08
650,257;16,09
650,496;16,08
650,736;16,08
650,976;16,07
661,028;15,95
661,267;15,92
661,506;15,89
661,744;15,88
661,983;15,86
662,222;15,86
662,461;15,85
662,7;15,86
662,939;15,84
663,177;15,85
663,416;15,85
663,655;15,86
663,894;15,86
664,132;15,87
664,371;15,87
664,61;15,88
664,848;15,89
665,087;15,9
665,326;15,9
665,564;15,9
665,803;15,9
666,041;15,91
666,28;15,91
666,518;15,91
666,757;15,92
666,995;15,92
667,234;15,93
667,472;15,94
667,711;15,94
667,949;15,94
668,187;15,94
668,426;15,94
668,664;15,94
668,902;15,94
669,141;15,94
669,379;15,95
669,617;15,95
669,856;15,95
670,094;15,96
670,332;15,96
670,57;15,98
670,808;15,98
671,046;15,99
671,285;15,99
671,523;15,99
671,761;15,98
671,999;15,98
672,237;15,98
672,475;15,99
672,713;15,99
672,951;16
673,189;15,99
673,427;16
673,665;16
673,903;16,01
674,141;16
674,379;16
674,617;15,99
674,854;16
675,092;15,99
675,33;15,99
675,568;15,99
675,806;16
676,043;15,99
676,281;16
676,519;16
676,756;16,01
676,994;16,01
677,232;16,01
677,469;16,01
677,707;16,01
677,945;16,01
678,182;16,03
678,42;16,04
678,657;16,05
678,895;16,05
679,132;16,06
679,37;16,05
679,607;16,07
679,845;16,07
680,082;16,07
680,32;16,06
680,557;16,06
680,794;16,06
681,032;16,07
681,269;16,06
681,507;16,06
681,744;16,06
681,981;16,06
682,218;16,06
682,456;16,07
682,693;16,06
682,93;16,06
683,167;16,06
683,404;16,05
683,642;16,04
683,879;16,05
684,116;16,06
684,353;16,06
684,59;16,05
684,827;16,05
685,064;16,06
685,301;16,07
685,538;16,06
685,775;16,07
686,012;16,06
686,249;16,06
686,486;16,06
686,723;16,06
686,96;16,06
687,197;16,06
687,433;16,06
687,67;16,07
687,907;16,07
688,144;16,07
688,381;16,07
688,617;16,06
688,854;16,06
689,091;16,05
689,327;16,06
689,564;16,07
689,801;16,06
690,037;16,06
690,274;16,05
690,511;16,06
690,747;16,06
690,984;16,08
691,22;16,09
691,457;16,09
691,693;16,1
691,93;16,1
692,166;16,1
692,403;16,1
692,639;16,1
692,876;16,1
693,112;16,1
693,348;16,1
693,585;16,1
693,821;16,1
694,057;16,11
694,294;16,11
694,53;16,1
694,766;16,11
695,002;16,11
695,239;16,13
695,475;16,12
695,711;16,13
695,947;16,12
696,183;16,13
696,419;16,13
696,656;16,14
696,892;16,13
697,128;16,15
697,364;16,15
697,6;16,16
697,836;16,16
698,072;16,17
698,308;16,17
698,544;16,18
698,78;16,17
699,016;16,16
699,251;16,16
699,487;16,17
699,723;16,17
699,959;16,17
700,195;16,17
700,431;16,17
700,666;16,17
700,902;16,16
701,138;16,16
701,374;16,16
701,609;16,15
701,845;16,17
702,081;16,15
702,316;16,16
702,552;16,15
702,788;16,15
703,023;16,14
703,259;16,15
703,494;16,15
703,73;16,16
703,965;16,16
704,201;16,16
704,436;16,16
704,672;16,16
704,907;16,16
705,143;16,17
705,378;16,17
705,613;16,18
705,849;16,19
706,084;16,2
706,319;16,19
706,555;16,2
706,79;16,19
707,025;16,21
707,26;16,21
707,496;16,22
707,731;16,23
707,966;16,23
708,201;16,24
708,436;16,24
708,671;16,24
708,907;16,25
709,142;16,25
709,377;16,25
709,612;16,26
709,847;16,26
710,082;16,26
710,317;16,27
710,552;16,27
710,787;16,27
711,022;16,26
711,257;16,27
711,492;16,26
711,726;16,27
711,961;16,27
712,196;16,28
712,431;16,27
712,666;16,28
712,901;16,29
713,135;16,28
713,37;16,28
713,605;16,29
713,839;16,3
714,074;16,3
714,309;16,3
714,543;16,31
714,778;16,32
715,013;16,31
715,247;16,31
715,482;16,32
715,716;16,31
715,951;16,32
716,185;16,32
716,42;16,32
716,654;16,33
716,889;16,33
717,123;16,33
717,358;16,32
717,592;16,31
717,827;16,31
718,061;16,31
718,295;16,32
718,53;16,32
718,764;16,32
718,998;16,32
719,232;16,32
719,467;16,32
719,701;16,31
719,935;16,32
720,169;16,32
720,403;16,31
720,638;16,32
720,872;16,32
721,106;16,31
721,34;16,32
721,574;16,32
721,808;16,31
722,042;16,32
722,276;16,33
722,51;16,34
722,744;16,35
722,978;16,36
723,212;16,36
723,446;16,36
723,68;16,38
723,914;16,39
724,147;16,4
724,381;16,42
724,615;16,43
724,849;16,44
725,083;16,46
725,316;16,48
725,55;16,49
725,784;16,51
726,018;16,54
726,251;16,56
726,485;16,57
726,719;16,58
726,952;16,58
727,186;16,6
727,419;16,62
727,653;16,62
727,887;16,63
728,12;16,65
728,354;16,66
728,587;16,67
728,821;16,68
729,054;16,69
729,287;16,7
729,521;16,71
729,754;16,71
729,988;16,73
730,221;16,73
730,454;16,75
730,688;16,76
730,921;16,76
731,154;16,77
731,387;16,79
731,621;16,81
731,854;16,84
732,087;16,85
732,32;16,86
732,553;16,87
732,787;16,89
733,02;16,91
733,253;16,93
733,486;16,94
733,719;16,94
733,952;16,95
734,185;16,96
734,418;16,96
734,651;16,97
734,884;16,97
735,117;16,98
735,35;16,97
735,583;16,98
735,816;16,99
736,049;17
736,281;17,01
736,514;17
736,747;17
736,98;16,99
737,213;17
737,445;17,01
737,678;17,01
737,911;17
738,144;16,99
738,376;17
738,609;16,99
738,842;16,98
739,074;16,97
739,307;16,97
739,539;16,98
739,772;16,98
740,004;16,99
740,237;16,99
740,469;16,99
740,702;16,99
740,934;16,99
741,167;16,98
741,399;16,99
741,632;16,98
741,864;16,98
742,096;16,99
742,329;16,99
742,561;16,99
742,793;16,99
743,026;16,99
743,258;16,98
743,49;16,99
743,723;17,01
743,955;17,02
744,187;17,03
744,419;17,04
744,651;17,05
744,883;17,05
745,115;17,05
745,348;17,05
745,58;17,05
745,812;17,06
746,044;17,06
746,276;17,07
746,508;17,09
746,74;17,1
746,972;17,09
747,204;17,1
747,436;17,11
747,667;17,13
747,899;17,14
748,131;17,16
748,363;17,17
748,595;17,18
748,827;17,19
749,058;17,2
749,29;17,21
749,522;17,22
749,754;17,22
749,985;17,25
750,217;17,27
750,449;17,29
750,68;17,3
750,912;17,31
751,144;17,31
751,375;17,33
751,607;17,33
751,838;17,36
752,07;17,37
752,301;17,38
752,533;17,39
752,764;17,4
752,996;17,41
753,227;17,43
753,459;17,44
753,69;17,45
753,921;17,46
754,153;17,48
754,384;17,5
754,615;17,53
754,847;17,55
755,078;17,57
755,309;17,57
755,54;17,59
755,772;17,6
756,003;17,62
756,234;17,64
756,465;17,66
756,696;17,66
756,927;17,68
757,159;17,68
757,39;17,69
757,621;17,71
757,852;17,73
758,083;17,73
758,314;17,74
758,545;17,76
758,776;17,78
759,007;17,78
759,238;17,78
759,469;17,78
759,699;17,78
759,93;17,77
760,161;17,78
760,392;17,78
760,623;17,8
760,854;17,8
761,084;17,81
761,315;17,82
761,546;17,84
761,776;17,85
762,007;17,87
762,238;17,88
762,468;17,89
762,699;17,89
762,93;17,92
763,16;17,91
763,391;17,92
763,621;17,92
763,852;17,93
764,083;17,94
764,313;17,94
764,543;17,94
764,774;17,94
765,004;17,95
765,235;17,95
765,465;17,96
765,696;17,97
765,926;17,97
766,156;17,97
766,387;17,97
766,617;17,97
766,847;17,98
767,077;17,99
767,308;17,98
767,538;17,99
767,768;17,99
767,998;18,01
768,228;18,01
768,459;18,02
768,689;18,03
768,919;18,05
769,149;18,07
769,379;18,08
769,609;18,1
769,839;18,11
770,069;18,11
770,299;18,11
770,529;18,11
770,759;18,13
770,989;18,13
771,219;18,12
771,449;18,12
771,678;18,12
771,908;18,11
772,138;18,13
772,368;18,13
772,598;18,13
772,827;18,12
773,057;18,13
773,287;18,12
773,517;18,11
773,746;18,1
773,976;18,09
774,206;18,1
774,435;18,1
774,665;18,09
774,894;18,11
775,124;18,11
775,354;18,11
775,583;18,1
775,813;18,11
776,042;18,13
776,272;18,13
776,501;18,14
776,73;18,15
776,96;18,15
777,189;18,17
777,419;18,18
777,648;18,19
777,877;18,2
778,107;18,23
778,336;18,24
778,565;18,25
778,794;18,27
779,024;18,28
779,253;18,29
779,482;18,3
779,711;18,31
779,94;18,32
780,17;18,34
780,399;18,35
780,628;18,36
780,857;18,36
781,086;18,38
781,315;18,39
781,544;18,38
781,773;18,38
782,002;18,37
782,231;18,39
782,46;18,4
782,689;18,4
782,918;18,41
783,147;18,43
783,375;18,43
783,604;18,42
783,833;18,43
784,062;18,44
784,291;18,44
784,519;18,46
784,748;18,47
784,977;18,47
785,206;18,48
785,434;18,49
785,663;18,5
785,892;18,5
786,12;18,5
786,349;18,51
786,577;18,51
786,806;18,51
787,034;18,52
787,263;18,53
787,492;18,54
787,72;18,53
787,948;18,52
788,177;18,55
788,405;18,55
788,634;18,55
788,862;18,55
789,09;18,56
789,319;18,55
789,547;18,55
789,775;18,55
790,004;18,55
790,232;18,55
790,46;18,56
790,688;18,56
790,917;18,56
791,145;18,56
791,373;18,59
791,601;18,6
791,829;18,61
792,057;18,62
792,286;18,61
792,514;18,62
792,742;18,63
792,97;18,62
793,198;18,63
793,426;18,64
793,654;18,64
793,882;18,64
794,109;18,64
794,337;18,62
794,565;18,62
794,793;18,62
795,021;18,62
795,249;18,63
795,477;18,63
795,704;18,63
795,932;18,63
796,16;18,61
796,388;18,6
796,615;18,59
796,843;18,59
797,071;18,58
797,298;18,58
797,526;18,57
797,754;18,57
797,981;18,57
798,209;18,56
798,436;18,57
798,664;18,57
798,891;18,57
799,119;18,57
799,346;18,58
799,574;18,57
799,801;18,57
800,029;18,56
800,256;18,56
800,483;18,57
800,711;18,56
800,938;18,58
801,165;18,58
801,393;18,58
801,62;18,57
801,847;18,58
802,074;18,57
802,302;18,57
802,529;18,56
802,756;18,56
802,983;18,57
803,21;18,57
803,437;18,56
803,665;18,57
803,892;18,58
804,119;18,58
804,346;18,59
804,573;18,59
804,8;18,61
805,027;18,61
805,254;18,6
805,481;18,59
805,708;18,59
805,934;18,61
806,161;18,61
806,388;18,61
806,615;18,6
806,842;18,58
807,069;18,58
807,295;18,6
807,522;18,59
807,749;18,58
807,976;18,56
808,202;18,57
808,429;18,55
808,656;18,55
808,882;18,55
809,109;18,54
809,335;18,53
809,562;18,51
809,789;18,51
810,015;18,51
810,242;18,53
810,468;18,51
810,695;18,49
810,921;18,48
811,147;18,49
811,374;18,5
811,6;18,51
811,827;18,5
812,053;18,47
812,279;18,49
812,506;18,5
812,732;18,51
812,958;18,51
813,185;18,52
813,411;18,53
813,637;18,51
813,863;18,51
814,089;18,51
814,315;18,52
814,542;18,52
814,768;18,51
814,994;18,5
815,22;18,48
815,446;18,49
815,672;18,5
815,898;18,48
816,124;18,46
816,35;18,46
816,576;18,46
816,802;18,47
817,028;18,43
817,254;18,4
817,48;18,4
817,705;18,39
817,931;18,37
818,157;18,35
818,383;18,35
818,609;18,34
818,834;18,34
819,06;18,34
819,286;18,32
819,512;18,32
819,737;18,32
819,963;18,34
820,189;18,31
820,414;18,3
820,64;18,29
820,865;18,27
821,091;18,25
821,316;18,22
821,542;18,22
821,767;18,22
821,993;18,23
822,218;18,21
822,444;18,2
822,669;18,2
822,895;18,19
823,12;18,19
823,345;18,18
823,571;18,16
823,796;18,15
824,021;18,15
824,247;18,15
824,472;18,15
824,697;18,13
824,922;18,14
825,147;18,13
825,373;18,13
825,598;18,15
825,823;18,16
826,048;18,16
826,273;18,16
826,498;18,16
826,723;18,15
826,948;18,14
827,173;18,13
827,398;18,12
827,623;18,12
827,848;18,12
828,073;18,09
828,298;18,09
828,523;18,07
828,748;18,05
828,973;18,02
829,197;17,98
829,422;17,98
829,647;17,95
829,872;17,93
830,097;17,91
830,321;17,89
830,546;17,88
830,771;17,88
830,995;17,84
831,22;17,81
831,445;17,8
831,669;17,79
831,894;17,78
832,118;17,78
832,343;17,76
832,567;17,74
832,792;17,75
833,016;17,74
833,241;17,74
833,465;17,76
833,69;17,77
833,914;17,78
834,139;17,77
834,363;17,76
834,587;17,77
834,812;17,75
835,036;17,74
835,26;17,74
835,485;17,71
835,709;17,7
835,933;17,69
836,157;17,71
836,381;17,7
836,606;17,71
836,83;17,68
837,054;17,66
837,278;17,64
837,502;17,64
837,726;17,64
837,95;17,63
838,174;17,6
838,398;17,59
838,622;17,55
838,846;17,55
839,07;17,56
839,294;17,55
839,518;17,57
839,742;17,56
839,966;17,55
840,189;17,56
840,413;17,57
840,637;17,56
840,861;17,54
841,085;17,53
841,308;17,52
841,532;17,5
841,756;17,51
841,979;17,52
842,203;17,46
842,427;17,46
842,65;17,45
842,874;17,45
843,098;17,43
843,321;17,43
843,545;17,41
843,768;17,38
843,992;17,36
844,215;17,35
844,439;17,34
844,662;17,32
844,886;17,31
845,109;17,29
845,332;17,28
845,556;17,29
845,779;17,29
846,002;17,29
846,226;17,28
846,449;17,29
846,672;17,27
846,895;17,31
847,119;17,28
847,342;17,25
847,565;17,23
847,788;17,22
848,011;17,21
848,234;17,2
848,457;17,2
848,681;17,19
848,904;17,18
849,127;17,17
849,35;17,15
849,573;17,14
849,796;17,13
850,019;17,13
850,241;17,12
850,464;17,1
850,687;17,09
850,91;17,11
851,133;17,08
851,356;17,09
851,579;17,07
851,801;17,08
852,024;17,1
852,247;17,09
852,47;17,08
852,692;17,1
852,915;17,11
853,138;17,1
853,36;17,1
853,583;17,08
853,806;17,09
854,028;17,12
854,251;17,11
854,473;17,11
854,696;17,11
854,918;17,08
855,141;17,08
855,363;17,06
855,586;17,04
855,808;17,02
856,031;17
856,253;16,98
856,475;16,96
856,698;16,95
856,92;16,95
857,142;16,94
857,365;16,89
857,587;16,87
857,809;16,87
858,031;16,89
858,253;16,89
858,476;16,84
858,698;16,84
858,92;16,84
859,142;16,84
859,364;16,82
859,586;16,8
859,808;16,77
860,03;16,75
860,252;16,73
860,474;16,75
860,696;16,74
860,918;16,73
861,14;16,73
861,362;16,71
861,584;16,68
861,806;16,68
862,028;16,68
862,25;16,67
862,471;16,64
862,693;16,6
862,915;16,57
863,137;16,58
863,358;16,54
863,58;16,51
863,802;16,51
864,024;16,5
864,245;16,51
864,467;16,5
864,688;16,5
864,91;16,5
865,132;16,48
865,353;16,45
865,575;16,46
865,796;16,46
866,018;16,48
866,239;16,49
866,461;16,5
866,682;16,52
866,903;16,52
867,125;16,5
867,346;16,5
867,567;16,5
867,789;16,48
868,01;16,48
868,231;16,5
868,453;16,49
868,674;16,48
868,895;16,49
869,116;16,49
869,337;16,48
869,559;16,45
869,78;16,44
870,001;16,46
870,222;16,45
870,443;16,46
870,664;16,42
870,885;16,43
871,106;16,39
871,327;16,36
871,548;16,37
871,769;16,37
871,99;16,36
872,211;16,34
872,432;16,36
872,653;16,35
872,874;16,32
873,094;16,31
873,315;16,33
873,536;16,3
873,757;16,31
873,978;16,3
874,198;16,31
874,419;16,29
874,64;16,25
874,86;16,2
875,081;16,2
875,302;16,21
875,522;16,18
875,743;16,16
875,963;16,15
876,184;16,14
876,404;16,14
876,625;16,11
876,845;16,11
877,066;16,07
877,286;16,06
877,507;16,06
877,727;16,08
877,947;16,05
878,168;16,03
878,388;15,99
878,609;15,97
878,829;15,97
879,049;15,97
879,269;15,96
879,49;15,98
879,71;15,94
879,93;15,91
880,15;15,92
880,37;15,91
880,59;15,9
880,811;15,89
881,031;15,89
881,251;15,92
881,471;15,91
881,691;15,96
881,911;15,96
882,131;15,94
882,351;15,94
882,571;15,94
882,791;15,96
883,011;15,97
883,23;15,96
883,45;15,95
883,67;15,93
883,89;15,97
884,11;16
884,33;15,99
884,549;16
884,769;15,98
884,989;15,96
885,209;16
885,428;15,97
885,648;15,96
885,868;15,94
886,087;15,93
886,307;15,92
886,526;15,91
886,746;15,9
886,965;15,87
887,185;15,88
887,404;15,87
887,624;15,88
887,843;15,89
888,063;15,89
888,282;15,88
888,502;15,88
888,721;15,87
888,94;15,86
889,16;15,82
889,379;15,84
889,598;15,86
889,818;15,87
890,037;15,9
890,256;15,9
890,475;15,88
890,694;15,89
890,914;15,92
891,133;15,95
891,352;15,97
891,571;16,01
891,79;16,01
892,009;16
892,228;16
892,447;15,98
892,666;16,01
892,885;16,02
893,104;16,01
893,323;15,99
893,542;16,02
893,761;16,04
893,98;16,04
894,199;16,03
894,417;15,99
894,636;15,98
894,855;16
895,074;16
895,293;15,97
895,511;15,94
895,73;15,92
895,949;15,9
896,167;15,86
896,386;15,84
896,605;15,82
896,823;15,8
897,042;15,79
897,26;15,74
897,479;15,75
897,697;15,74
897,916;15,75
898,134;15,73
898,353;15,71
898,571;15,72
898,79;15,74
899,008;15,74
899,227;15,74
899,445;15,71
899,663;15,73
899,882;15,75
900,1;15,72
900,318;15,7
900,536;15,73
900,755;15,72
900,973;15,74
901,191;15,72
901,409;15,75
901,627;15,76
901,846;15,76
902,064;15,74
902,282;15,78
902,5;15,74
902,718;15,76
902,936;15,79
903,154;15,77
903,372;15,78
903,59;15,81
903,808;15,79
904,026;15,81
904,244;15,78
904,462;15,75
904,679;15,74
904,897;15,74
905,115;15,69
905,333;15,67
905,551;15,64
905,768;15,64
905,986;15,64
906,204;15,65
906,422;15,66
906,639;15,67
906,857;15,67
907,074;15,66
907,292;15,65
907,51;15,63
907,727;15,64
907,945;15,67
908,162;15,65
908,38;15,65
908,597;15,66
908,815;15,69
909,032;15,73
909,25;15,73
909,467;15,75
909,684;15,78
909,902;15,79
910,119;15,83
910,337;15,85
910,554;15,83
910,771;15,79
910,988;15,82
911,206;15,84
911,423;15,8
911,64;15,84
911,857;15,85
912,074;15,85
912,291;15,84
912,509;15,78
912,726;15,75
912,943;15,77
913,16;15,78
913,377;15,75
913,594;15,75
913,811;15,81
914,028;15,82
914,245;15,8
914,462;15,83
914,679;15,82
914,896;15,84
915,112;15,87
915,329;15,94
915,546;15,93
915,763;15,94
915,98;15,96
916,196;15,94
916,413;15,95
916,63;15,99
916,847;15,98
917,063;15,98
917,28;16,01
917,497;16,01
917,713;16,01
917,93;16,06
918,146;16
918,363;15,94
918,579;15,96
918,796;15,94
919,012;15,93
919,229;15,92
919,445;15,96
919,662;15,95
919,878;15,9
920,095;15,9
920,311;15,87
920,527;15,87
920,744;15,87
920,96;15,88
921,176;15,88
921,392;15,86
921,609;15,87
921,825;15,91
922,041;15,94
922,257;15,89
922,473;15,93
922,69;16
922,906;16,02
923,122;15,99
923,338;15,98
923,554;15,94
923,77;15,96
923,986;15,94
924,202;15,94
924,418;15,96
924,634;15,94
924,85;15,93
925,066;15,95
925,282;15,94
925,497;15,93
925,713;15,92
925,929;15,97
926,145;15,96
926,361;15,92
926,576;15,93
926,792;15,97
927,008;15,94
927,224;15,91
927,439;15,92
927,655;15,95
927,871;16,01
928,086;16,07
928,302;16,08
928,517;16,11
928,733;16,12
928,948;16,14
929,164;16,19
929,379;16,16
929,595;16,17
929,81;16,2
930,026;16,16
930,241;16,18
930,456;16,19
930,672;16,21
930,887;16,21
931,102;16,22
931,318;16,18
931,533;16,16
931,748;16,2
931,964;16,16
932,179;16,13
932,394;16,1
932,609;16,06
932,824;16,07
933,039;16,02
933,255;16,02
933,47;15,99
933,685;15,97
933,9;16,04
934,115;16,03
934,33;16,01
934,545;16,05
934,76;16,04
934,975;15,98
935,19;16,06
935,404;16,11
935,619;16,12
935,834;16,23
936,049;16,26
936,264;16,31
936,479;16,37
936,693;16,45
936,908;16,55
937,123;16,67
937,338;16,71
937,552;16,87
937,767;16,89
937,982;17,02
938,196;17,13
938,411;17,2
938,625;17,3
938,84;17,36
939,055;17,42
939,269;17,56
939,484;17,79
939,698;17,86
939,912;17,9
940,127;18,12
940,341;18,16
940,556;18,36
940,77;18,42
940,984;18,55
941,199;18,79
941,413;18,83
941,627;18,82
941,842;19,01
942,056;18,97
942,27;19,15
942,484;19,21
942,699;19,16
942,913;19,34
943,127;19,16
943,341;19,43
943,555;19,66
943,769;19,69
943,983;19,61
944,197;19,58
944,411;19,59
944,625;19,39
944,839;19,29
945,053;19,39
945,267;19,43
945,481;19,65
945,695;19,45
945,909;19,58
946,123;19,56
946,336;19,46
946,55;19,53
946,764;19,52
946,978;19,52
947,192;19,53
947,405;19,49
947,619;19,73
947,833;19,5
948,046;19,42
948,26;19,37
948,474;19,42
948,687;19,49
948,901;19,64
949,114;19,74
949,328;19,89
949,541;19,82
949,755;19,76
949,968;19,56
950,182;19,56
950,395;19,35
950,609;19,33
950,822;19,31
951,035;19,3
951,249;19,31
951,462;19,23
951,675;19,31
951,889;19,15
952,102;19,09
952,315;19,2
952,528;19,12
952,741;18,92
952,955;18,88
953,168;18,78
953,381;18,74
953,594;18,83
953,807;18,73
954,02;18,64
954,233;18,56
954,446;18,52
954,659;18,56
954,872;18,59
955,085;18,56
955,298;18,6
955,511;18,57
955,724;18,48
955,937;18,64
956,15;18,71
956,362;18,75
956,575;18,7
956,788;18,45
957,001;18,47
957,214;18,7
957,426;18,76
957,639;18,69
957,852;18,53
958,064;18,35
958,277;18,41
958,49;18,46
958,702;18,56
958,915;18,65
959,127;18,63
959,34;18,76
959,552;18,61
959,765;18,66
959,977;18,68
960,19;18,72
960,402;18,54
960,615;18,42
960,827;18,41
961,039;18,43
961,252;18,65
961,464;18,62
961,676;18,59
961,889;18,56
962,101;18,62
962,313;18,7
962,525;18,73
962,738;18,75
962,95;18,74
963,162;18,59
963,374;18,49
963,586;18,49
963,798;18,37
964,01;18,58
964,222;18,45
964,434;18,39
964,646;18,41
964,858;18,53
965,07;18,5
965,282;18,56
965,494;18,64
965,706;18,7
965,918;18,81
966,13;18,76
966,342;18,62
966,553;18,59
966,765;18,67
966,977;18,51
967,189;18,5
967,401;18,48
967,612;18,63
967,824;18,7
968,036;18,69
968,247;18,78
968,459;18,82
968,67;18,93
968,882;18,91
969,094;18,88
969,305;18,83
969,517;18,92
969,728;18,88
969,94;18,81
970,151;18,76
970,362;18,7
970,574;18,74
970,785;18,81
970,997;18,79
971,208;18,6
971,419;18,74
971,631;18,6
971,842;18,65
972,053;18,58
972,264;18,56
972,476;18,48
972,687;18,38
972,898;18,3
973,109;18,24
973,32;18,22
973,531;18,23
973,742;18,2
973,954;18,1
974,165;18,14
974,376;18,25
974,587;18,18
974,798;18,28
975,009;18,27
975,22;18,36
975,43;18,43
975,641;18,56
975,852;18,61
976,063;18,88
976,274;18,89
976,485;18,77
976,695;18,83
976,906;18,92
977,117;18,93
977,328;18,98
977,538;18,96
977,749;18,99
977,96;19,11
978,17;19,29
978,381;19,23
978,592;19,22
978,802;19,19
979,013;19,32
979,223;19,26
979,434;19,29
979,644;19,35
979,855;19,46
980,065;19,44
980,276;19,47
980,486;19,27
980,696;19,25
980,907;19,46
981,117;19,36
981,327;19,25
981,538;19,25
981,748;19,19
981,958;19,26
982,169;19,52
982,379;19,36
982,589;19,25
982,799;19,44
983,009;19,5
983,219;19,4
983,43;19,47
983,64;19,56
983,85;19,53
984,06;19,51
984,27;19,48
984,48;19,57
984,69;19,56
984,9;19,55
985,11;19,59
985,32;19,55
985,529;19,63
985,739;19,66
985,949;19,9
986,159;20,01
986,369;20,15
986,579;20,01
986,788;20,19
986,998;20,24
987,208;20,26
987,417;20,32
987,627;20,47
987,837;20,38
988,046;20,38
988,256;20,36
988,466;20,46
988,675;20,43
988,885;20,51
989,094;20,67
989,304;20,75
989,513;20,74
989,723;20,99
989,932;20,87
990,142;21,03
990,351;20,98
990,56;20,96
990,77;20,91
990,979;20,88
991,188;21,02
991,398;21
991,607;20,97
991,816;20,96
992,025;20,99
992,235;21,09
992,444;21,07
992,653;21,17
992,862;21
993,071;21,14
993,28;21,25
993,489;21,25
993,698;21,45
993,908;21,48
994,117;21,38
994,326;21,52
994,534;21,63
994,743;21,58
994,952;21,58
995,161;21,66
995,37;21,84
995,579;21,7
995,788;21,58
995,997;21,55
996,205;21,49
996,414;21,47
996,623;21,47
996,832;21,52
997,04;21,61
997,249;21,91
997,458;21,91
997,666;21,76
997,875;21,67
998,084;21,45
998,292;21,49
998,501;21,58
998,709;21,6
998,918;21,53
999,126;21,58
999,335;21,71
999,543;21,51
999,752;21,5
999,96;21,71
1000,169;21,91
1000,377;21,92
1000,585;22,14
1000,794;22,18
1001,002;22,05
1001,21;22,04
1001,418;22,05
1001,627;21,63
1001,835;21,81
1002,043;21,66
1002,251;21,54
1002,459;21,65
1002,668;21,49
1002,876;21,3
1003,084;21,49
1003,292;21,6
1003,5;21,55
1003,708;21,79
1003,916;21,84
1004,124;22
1004,332;21,98
1004,54;22,08
1004,748;22,18
1004,956;22,16
1005,163;22,23
1005,371;22,29
1005,579;22,39
1005,787;22,22
1005,995;22,72
1006,202;22,39
1006,41;22,47
1006,618;22,62
1006,826;22,63
1007,033;22,73
1007,241;23,24
1007,449;23,1
1007,656;22,95
1007,864;23,25
1008,071;23,1
1008,279;23,11
1008,486;23,21
1008,694;23,09
1008,901;22,93
1009,109;22,82
1009,316;22,77
1009,524;22,8
1009,731;22,84
1009,938;22,56
1010,146;22,42
1010,353;22,34
1010,56;22,64
1010,768;22,83
1010,975;22,96
1011,182;22,94
1011,389;22,67
1011,597;22,4
1011,804;22,64
1012,011;22,81
1012,218;22,68
1012,425;22,66
1012,632;22,74
1012,839;22,14
1013,046;22,04
1013,253;22,35
1013,46;22,18
1013,667;22,26
1013,874;22,05
1014,081;22,09
1014,288;22,38
1014,495;22,77
1014,702;22,37
1014,909;22,28
1015,116;22,46
1015,323;22,35
1015,529;22,72
1015,736;23,27
1015,943;23,15
1016,15;23,28
1016,356;23,13
1016,563;23,32
1016,77;23,34
1016,976;23,55
1017,183;24,34
1017,389;24,69
1017,596;24,76
1017,803;25,3
1018,009;25,34
1018,216;25,17
1018,422;25,28
1018,629;25,03
1018,835;25,28
1019,041;25,47
1019,248;25,08
1019,454;24,97
1019,661;25,16
1019,867;24,81
1020,073;24,36
1020,279;24,01
1020,486;23,67
1020,692;23,82
1020,898;23,64
1021,104;23,71
1021,311;23,46
1021,517;22,48
1021,723;22,39
1021,929;22,12
1022,135;22,05
1022,341;22,04
1022,547;22,49
1022,753;22,67
1022,959;23,24
1023,165;22,66
1023,371;23
1023,577;23,33
1023,783;23,29
1023,989;23,29
1024,195;23,69
1024,401;24,12
1024,607;24,84
1024,812;25,06
1025,018;25,33
1025,224;25,23
1025,43;24,82
1025,635;24,93
1025,841;25,51
1026,047;25,54
1026,252;25,76
1026,458;25,7
1026,664;25,48
1026,869;25,82
1027,075;25,72
1027,28;25,58
1027,486;25,79
1027,691;25,83
1027,897;25,67
1028,102;25,45
1028,308;25,23
1028,513;24,86
1028,719;25,12
1028,924;24,16
1029,129;24,45
1029,335;24,55
1029,54;24,4
1029,745;24,77
1029,95;25,21
1030,156;25,76
1030,361;25,65
1030,566;26,16
1030,771;26,48
1030,976;26,47
1031,182;26,56
1031,387;26,44
1031,592;26,93
1031,797;27,69
1032,002;27,15
1032,207;26,97
1032,412;27,3
1032,617;28,02
1032,822;27,76
1033,027;27,6
1033,232;28,54
1033,437;28,42
1033,642;27,71
1033,846;28
1034,051;27,84
1034,256;27,83
1034,461;27,21
1034,666;27
1034,87;26,06
1035,075;26,17
1035,28;26,16
1035,484;25,77
1035,689;26,63
1035,894;25,82
1036,098;24,99
1036,303;25,43
1036,507;25,62
1036,712;25,53
1036,917;25,25
1037,121;25,88
1037,325;25,94
1037,53;25,44
1037,734;25,81
1037,939;26,16
1038,143;27,15
1038,348;26,78
1038,552;26
1038,756;25,62
1038,961;26,11
1039,165;25,94
1039,369;25,74
1039,573;25,87
1039,778;26,22
1039,982;25,74
1040,186;25,84
1040,39;26,21
1040,594;26,11
1040,798;25,41
1041,002;25,97
1041,206;25,69
1041,41;25,68
1041,614;25,83
1041,818;26,28
1042,022;25,87
1042,226;25,69
1042,43;25,08
1042,634;25,79
1042,838;26,93
1043,042;27,1
1043,246;26,18
1043,45;28,28
1043,653;27,82
1043,857;28,37
1044,061;28,64
1044,265;27,57
1044,468;28,83
1044,672;28,53
1044,876;28,99
1045,079;30,13
1045,283;29,32
1045,487;29,88
1045,69;30,02
1045,894;30,2
1046,097;30,76
1046,301;30,19
1046,504;29,69
1046,708;29,74
1046,911;29,67
1047,115;28,97
1047,318;29,66
1047,522;30,19
1047,725;28,86
1047,928;29,47
1048,132;29,63
1048,335;30,06
1048,538;29,46
1048,741;29,32
1048,945;29,28
1049,148;29,12
1049,351;29,8
1049,554;30,94
1049,757;29,89
1049,96;29,82
1050,163;29,96
1050,367;28,28
1050,57;28,36
1050,773;30,06
1050,976;29,96
1051,179;30,16
1051,382;30,91
1051,585;30,45
1051,787;31,51
1051,99;30,72
1052,193;30,54
1052,396;29
1052,599;27,51
1052,802;28,46
1053,005;27,22
1053,207;28,97
1053,41;29,24
1053,613;29,46
1053,815;28,1
1054,018;27,59
1054,221;28,58
1054,423;28,04
1054,626;29,34
1054,829;30,27
1055,031;29,46
1055,234;28,8
1055,436;28,39
1055,639;27,49
1055,841;27,76
1056,044;25,99
1056,246;27,46
