Data from TV_VeronaWhite_Reflection__4__17.txt Node;
"Date: Thu Sep 11 15:51:20 CEST 2025 User: sycur";
186,01;-1575,86
186,281;1726,42
186,552;390,66
186,822;184,08
187,093;0
187,364;-286,44
187,635;-73,79
187,905;44,45
188,176;19,25
188,447;21,9
188,717;19,76
188,988;15,22
189,258;20,19
189,529;23,93
189,8;23,67
190,07;21,4
190,341;18,88
190,611;15,48
190,882;14,87
191,152;14,14
191,423;14,92
191,693;14,72
191,964;15,29
192,234;15,11
192,505;13,61
192,775;13,45
193,045;12,43
193,316;12,4
193,586;12,37
193,856;12,37
194,127;12,53
194,397;12,39
194,667;13,23
194,938;12,37
195,208;12,07
195,478;11,51
195,748;11,65
196,019;12,19
196,289;12,96
196,559;13,39
196,829;13,73
197,099;13,35
197,37;13,33
197,64;12,46
197,91;11,97
198,18;12,16
198,45;11,57
198,72;11,7
198,99;11,47
199,26;11,09
199,53;11,02
199,8;10,78
200,07;10,34
200,34;9,99
200,61;9,96
200,88;9,95
201,15;9,97
201,42;9,66
201,69;9,14
201,96;8,85
202,23;8,32
202,499;7,97
202,769;8,21
203,039;8,04
203,309;8,3
203,579;8,31
203,849;8,07
204,118;8,14
204,388;7,95
204,658;8,02
204,927;8,15
205,197;8,06
205,467;7,74
205,736;7,53
206,006;7,33
206,276;7,16
206,545;6,99
206,815;6,82
207,085;6,65
207,354;6,7
207,624;6,67
207,893;6,5
208,163;6,48
208,432;6,11
208,702;5,92
208,971;5,75
209,241;5,61
209,51;5,53
209,78;5,43
210,049;5,32
210,318;5,11
210,588;4,95
210,857;4,84
211,127;4,72
211,396;4,71
211,665;4,74
211,935;4,72
212,204;4,7
212,473;4,6
212,742;4,63
213,012;4,52
213,281;4,38
213,55;4,46
213,819;4,29
214,088;4,26
214,358;4,14
214,627;4,06
214,896;4
215,165;4
215,434;3,97
215,703;3,94
215,972;3,78
216,241;3,74
216,51;3,72
216,779;3,77
217,048;3,73
217,317;3,64
217,586;3,57
217,855;3,44
218,124;3,47
218,393;3,47
218,662;3,4
218,931;3,38
219,2;3,35
219,469;3,33
219,738;3,29
220,006;3,32
220,275;3,33
220,544;3,35
220,813;3,26
221,082;3,2
221,35;3,17
221,619;3,21
221,888;3,16
222,157;3,17
222,425;3,09
222,694;3,05
222,963;3,02
223,231;2,99
223,5;3,01
223,769;2,96
224,037;2,91
224,306;2,92
224,574;2,88
224,843;2,81
225,111;2,82
225,38;2,83
225,648;2,81
225,917;2,76
226,185;2,76
226,454;2,73
226,722;2,72
226,991;2,69
227,259;2,67
227,528;2,66
227,796;2,6
228,064;2,59
228,333;2,6
228,601;2,62
228,869;2,57
229,138;2,54
229,406;2,52
229,674;2,53
229,942;2,52
230,211;2,51
230,479;2,52
230,747;2,5
231,015;2,47
231,283;2,48
231,552;2,48
231,82;2,43
232,088;2,41
232,356;2,4
232,624;2,4
232,892;2,41
233,16;2,39
233,428;2,39
233,696;2,39
233,964;2,36
234,232;2,34
234,5;2,34
234,768;2,34
235,036;2,35
235,304;2,32
235,572;2,31
235,84;2,3
236,108;2,3
236,376;2,29
236,644;2,3
236,912;2,27
237,179;2,26
237,447;2,26
237,715;2,28
237,983;2,27
238,251;2,27
238,518;2,25
238,786;2,27
239,054;2,27
239,322;2,24
239,589;2,24
239,857;2,24
240,125;2,24
240,392;2,24
240,66;2,22
240,927;2,22
241,195;2,21
241,463;2,21
241,73;2,21
241,998;2,19
242,265;2,18
242,533;2,18
242,8;2,19
243,068;2,17
243,335;2,17
243,603;2,16
243,87;2,15
244,138;2,14
244,405;2,13
244,672;2,12
244,94;2,12
245,207;2,11
245,474;2,1
245,742;2,09
246,009;2,08
246,276;2,07
246,544;2,06
246,811;2,05
247,078;2,05
247,345;2,03
247,613;2,03
247,88;2,02
248,147;2,01
248,414;2
248,681;2
248,948;1,98
249,215;1,98
249,483;1,97
249,75;1,97
250,017;1,96
250,284;1,96
250,551;1,95
250,818;1,94
251,085;1,94
251,352;1,94
251,619;1,94
251,886;1,94
252,153;1,94
252,42;1,94
252,687;1,93
252,953;1,94
253,22;1,93
253,487;1,94
253,754;1,93
254,021;1,92
254,288;1,92
254,555;1,92
254,821;1,92
255,088;1,93
255,355;1,92
255,622;1,92
255,888;1,91
256,155;1,91
256,422;1,91
256,688;1,9
256,955;1,9
257,222;1,9
257,488;1,89
257,755;1,89
258,022;1,89
258,288;1,89
258,555;1,88
258,821;1,88
259,088;1,87
259,354;1,86
259,621;1,86
259,887;1,86
260,154;1,86
260,42;1,85
260,687;1,84
260,953;1,84
261,219;1,84
261,486;1,83
261,752;1,83
262,019;1,83
262,285;1,83
262,551;1,83
262,818;1,83
263,084;1,83
263,35;1,83
263,616;1,83
263,883;1,82
264,149;1,81
264,415;1,81
264,681;1,82
264,947;1,82
265,214;1,82
265,48;1,83
265,746;1,82
266,012;1,82
266,278;1,83
266,544;1,82
266,81;1,83
267,076;1,82
267,342;1,82
267,608;1,82
267,874;1,82
268,14;1,81
268,406;1,8
268,672;1,79
268,938;1,8
269,204;1,8
269,47;1,79
269,736;1,78
270,002;1,78
270,268;1,77
270,533;1,76
270,799;1,76
271,065;1,76
271,331;1,76
271,597;1,76
271,862;1,74
272,128;1,74
272,394;1,73
272,66;1,74
272,925;1,74
273,191;1,75
273,457;1,75
273,722;1,75
273,988;1,75
274,254;1,75
274,519;1,76
274,785;1,75
275,05;1,75
275,316;1,76
275,582;1,76
275,847;1,75
276,113;1,76
276,378;1,76
276,644;1,76
276,909;1,75
277,174;1,74
277,44;1,76
277,705;1,76
277,971;1,77
278,236;1,76
278,501;1,76
278,767;1,75
279,032;1,74
279,297;1,74
279,563;1,75
279,828;1,75
280,093;1,75
280,358;1,75
280,624;1,75
280,889;1,75
281,154;1,76
281,419;1,76
281,684;1,74
281,95;1,73
282,215;1,74
282,48;1,75
282,745;1,75
283,01;1,74
283,275;1,73
283,54;1,73
283,805;1,74
284,07;1,74
284,335;1,74
284,6;1,74
284,865;1,75
285,13;1,75
285,395;1,75
285,66;1,75
285,925;1,74
286,19;1,74
286,455;1,74
286,72;1,74
286,985;1,74
287,249;1,75
287,514;1,77
287,779;1,77
288,044;1,78
288,309;1,78
288,573;1,79
288,838;1,79
289,103;1,79
289,367;1,78
289,632;1,79
289,897;1,8
290,161;1,8
290,426;1,8
290,691;1,79
290,955;1,8
291,22;1,81
291,484;1,81
291,749;1,81
292,014;1,81
292,278;1,82
292,543;1,83
292,807;1,83
293,072;1,84
293,336;1,84
293,6;1,84
293,865;1,83
294,129;1,83
294,394;1,83
294,658;1,85
294,922;1,86
295,187;1,85
295,451;1,85
295,715;1,85
295,98;1,86
296,244;1,87
296,508;1,87
296,773;1,87
297,037;1,88
297,301;1,89
297,565;1,89
297,829;1,88
298,094;1,89
298,358;1,88
298,622;1,87
298,886;1,87
299,15;1,87
299,414;1,88
299,678;1,89
299,942;1,89
300,206;1,89
300,47;1,89
300,734;1,9
300,998;1,9
301,262;1,91
301,526;1,9
301,79;1,91
302,054;1,92
302,318;1,91
302,582;1,9
302,846;1,91
303,11;1,92
303,374;1,92
303,637;1,92
303,901;1,93
304,165;1,94
304,429;1,94
304,693;1,94
304,956;1,93
305,22;1,93
305,484;1,93
305,747;1,93
306,011;1,93
306,275;1,92
306,538;1,92
306,802;1,92
307,066;1,93
307,329;1,93
307,593;1,94
307,856;1,94
308,12;1,94
308,384;1,94
308,647;1,94
308,911;1,95
309,174;1,95
309,438;1,96
309,701;1,97
309,964;1,98
310,228;1,99
310,491;1,99
310,755;2
311,018;2
311,281;2
311,545;2,01
311,808;2,02
312,071;2,02
312,335;2,03
312,598;2,03
312,861;2,03
313,124;2,03
313,388;2,03
313,651;2,04
313,914;2,04
314,177;2,04
314,44;2,04
314,704;2,05
314,967;2,04
315,23;2,04
315,493;2,03
315,756;2,03
316,019;2,04
316,282;2,05
316,545;2,05
316,808;2,06
317,071;2,07
317,334;2,08
317,597;2,08
317,86;2,08
318,123;2,08
318,386;2,08
318,649;2,08
318,912;2,08
319,175;2,08
319,437;2,09
319,7;2,1
319,963;2,1
320,226;2,11
320,489;2,11
320,751;2,11
321,014;2,12
321,277;2,12
321,54;2,12
321,802;2,12
322,065;2,12
322,328;2,12
322,59;2,13
322,853;2,12
323,116;2,13
323,378;2,13
323,641;2,13
323,903;2,13
324,166;2,13
324,428;2,13
324,691;2,14
324,953;2,14
325,216;2,14
325,478;2,14
325,741;2,13
326,003;2,13
326,266;2,13
326,528;2,13
326,791;2,14
327,053;2,13
327,315;2,13
327,578;2,14
327,84;2,13
328,102;2,12
328,365;2,12
328,627;2,13
328,889;2,13
329,151;2,14
329,414;2,14
329,676;2,14
329,938;2,14
330,2;2,13
330,462;2,13
330,725;2,13
330,987;2,14
331,249;2,14
331,511;2,15
331,773;2,15
332,035;2,15
332,297;2,17
332,559;2,18
332,821;2,19
333,083;2,18
333,345;2,2
333,607;2,21
333,869;2,21
334,131;2,21
334,393;2,23
334,655;2,22
334,917;2,23
335,179;2,23
335,44;2,22
335,702;2,25
335,964;2,27
336,226;2,27
336,488;2,27
336,749;2,28
337,011;2,29
337,273;2,29
337,535;2,29
337,796;2,29
338,058;2,29
338,32;2,29
338,581;2,29
338,843;2,28
339,105;2,28
339,366;2,29
339,628;2,3
339,889;2,3
340,151;2,31
340,412;2,32
340,674;2,33
340,935;2,33
341,197;2,33
341,458;2,32
341,72;2,33
341,981;2,34
342,243;2,34
342,504;2,33
342,766;2,35
343,027;2,36
343,288;2,37
343,55;2,37
343,811;2,37
344,072;2,37
344,334;2,39
344,595;2,38
344,856;2,39
345,117;2,4
345,379;2,42
345,64;2,42
345,901;2,43
346,162;2,43
346,423;2,43
346,684;2,43
346,946;2,43
347,207;2,44
347,468;2,44
347,729;2,44
347,99;2,44
348,251;2,44
348,512;2,44
348,773;2,44
349,034;2,44
349,295;2,44
349,556;2,43
349,817;2,43
350,078;2,42
350,339;2,41
350,6;2,42
350,86;2,4
351,121;2,4
351,382;2,4
351,643;2,39
351,904;2,4
352,165;2,4
352,425;2,41
352,686;2,43
352,947;2,43
353,208;2,44
353,468;2,44
353,729;2,44
353,99;2,44
354,25;2,44
354,511;2,45
354,772;2,46
355,032;2,46
355,293;2,48
355,553;2,48
355,814;2,5
356,074;2,5
356,335;2,52
356,596;2,53
356,856;2,53
357,116;2,54
357,377;2,55
357,637;2,56
357,898;2,55
358,158;2,54
358,419;2,55
358,679;2,54
358,939;2,55
359,2;2,56
359,46;2,57
359,72;2,59
359,981;2,59
360,241;2,61
360,501;2,63
360,761;2,62
361,022;2,64
361,282;2,64
361,542;2,66
361,802;2,66
362,062;2,66
362,323;2,68
362,583;2,68
362,843;2,69
363,103;2,68
363,363;2,68
363,623;2,7
363,883;2,7
364,143;2,72
364,403;2,72
364,663;2,74
364,923;2,75
365,183;2,76
365,443;2,76
365,703;2,76
365,963;2,77
366,223;2,8
366,483;2,81
366,743;2,81
367,002;2,81
367,262;2,83
367,522;2,83
367,782;2,84
368,042;2,85
368,301;2,85
368,561;2,87
368,821;2,89
369,081;2,88
369,34;2,89
369,6;2,9
369,86;2,91
370,119;2,92
370,379;2,92
370,638;2,93
370,898;2,94
371,158;2,95
371,417;2,96
371,677;2,96
371,936;2,96
372,196;2,97
372,455;2,99
372,715;2,99
372,974;3,01
373,234;3,03
373,493;3,04
373,753;3,06
374,012;3,06
374,271;3,07
374,531;3,1
374,79;3,11
375,049;3,13
375,309;3,14
375,568;3,14
375,827;3,16
376,086;3,17
376,346;3,21
376,605;3,2
376,864;3,21
377,123;3,25
377,383;3,27
377,642;3,3
377,901;3,31
378,16;3,33
378,419;3,34
378,678;3,34
378,937;3,35
379,196;3,36
379,455;3,39
379,714;3,4
379,973;3,41
380,232;3,45
380,491;3,46
380,75;3,47
381,009;3,49
381,268;3,51
381,527;3,52
381,786;3,51
382,045;3,52
382,304;3,53
382,563;3,52
382,821;3,53
383,08;3,54
383,339;3,56
383,598;3,58
383,857;3,61
384,115;3,63
384,374;3,65
384,633;3,66
384,891;3,68
385,15;3,69
385,409;3,7
385,667;3,71
385,926;3,73
386,185;3,75
386,443;3,76
386,702;3,78
386,96;3,8
387,219;3,81
387,477;3,83
387,736;3,85
387,994;3,87
388,253;3,89
388,511;3,92
388,77;3,93
389,028;3,93
389,287;3,93
389,545;3,97
389,803;4
390,062;4,03
390,32;4,05
390,578;4,08
390,837;4,1
391,095;4,11
391,353;4,13
391,612;4,15
391,87;4,17
392,128;4,18
392,386;4,2
392,644;4,24
392,903;4,27
393,161;4,29
393,419;4,3
393,677;4,31
393,935;4,31
394,193;4,34
394,451;4,37
394,709;4,39
394,967;4,39
395,225;4,4
395,483;4,41
395,741;4,43
395,999;4,44
396,257;4,45
396,515;4,46
396,773;4,47
397,031;4,49
397,289;4,51
397,547;4,54
397,805;4,54
398,062;4,55
398,32;4,56
398,578;4,58
398,836;4,61
399,094;4,64
399,351;4,65
399,609;4,65
399,867;4,64
400,124;4,65
400,382;4,67
400,64;4,68
400,897;4,69
401,155;4,71
401,413;4,73
401,67;4,74
401,928;4,76
402,185;4,76
402,443;4,77
402,701;4,78
402,958;4,79
403,216;4,82
403,473;4,81
403,73;4,82
403,988;4,81
404,245;4,8
404,503;4,81
404,76;4,83
405,018;4,84
405,275;4,86
405,532;4,86
405,79;4,87
406,047;4,88
406,304;4,9
406,561;4,89
406,819;4,9
407,076;4,92
407,333;4,92
407,59;4,94
407,848;4,95
408,105;4,97
408,362;4,98
408,619;4,99
408,876;5,02
409,133;5,02
409,39;5,05
409,647;5,05
409,904;5,06
410,161;5,07
410,418;5,1
410,675;5,14
410,932;5,15
411,189;5,16
411,446;5,17
411,703;5,18
411,96;5,2
412,217;5,21
412,474;5,24
412,731;5,26
412,988;5,27
413,245;5,28
413,501;5,28
413,758;5,28
414,015;5,3
414,272;5,31
414,529;5,34
414,785;5,34
415,042;5,37
415,299;5,38
415,555;5,42
415,812;5,42
416,069;5,43
416,325;5,44
416,582;5,44
416,838;5,47
417,095;5,49
417,352;5,5
417,608;5,53
417,865;5,53
418,121;5,53
418,378;5,55
418,634;5,58
418,891;5,61
419,147;5,63
419,403;5,64
419,66;5,66
419,916;5,66
420,173;5,68
420,429;5,71
420,685;5,72
420,942;5,74
421,198;5,76
421,454;5,78
421,711;5,8
421,967;5,83
422,223;5,84
422,479;5,86
422,735;5,89
422,992;5,91
423,248;5,94
423,504;5,97
423,76;5,99
424,016;6
424,272;6,01
424,528;6,03
424,784;6,04
425,041;6,05
425,297;6,08
425,553;6,1
425,809;6,12
426,065;6,16
426,32;6,17
426,576;6,2
426,832;6,19
427,088;6,2
427,344;6,22
427,6;6,25
427,856;6,26
428,112;6,29
428,368;6,3
428,623;6,32
428,879;6,34
429,135;6,35
429,391;6,37
429,646;6,39
429,902;6,42
430,158;6,44
430,414;6,47
430,669;6,49
430,925;6,53
431,181;6,54
431,436;6,57
431,692;6,59
431,947;6,6
432,203;6,65
432,458;6,68
432,714;6,68
432,97;6,7
433,225;6,72
433,481;6,72
433,736;6,75
433,991;6,78
434,247;6,79
434,502;6,83
434,758;6,85
435,013;6,88
435,268;6,92
435,524;6,95
435,779;6,99
436,034;7,01
436,29;7,03
436,545;7,06
436,8;7,08
437,056;7,1
437,311;7,13
437,566;7,17
437,821;7,19
438,076;7,23
438,331;7,27
438,587;7,31
438,842;7,35
439,097;7,4
439,352;7,44
439,607;7,48
439,862;7,51
440,117;7,55
440,372;7,59
440,627;7,61
440,882;7,63
441,137;7,66
441,392;7,73
441,647;7,75
441,902;7,78
442,157;7,81
442,412;7,86
442,667;7,89
442,921;7,91
443,176;7,95
443,431;8
443,686;8,03
443,941;8,06
444,195;8,1
444,45;8,12
444,705;8,15
444,96;8,18
445,214;8,21
445,469;8,25
445,724;8,29
445,978;8,33
446,233;8,36
446,487;8,37
446,742;8,37
446,997;8,41
447,251;8,44
447,506;8,47
447,76;8,47
448,015;8,5
448,269;8,52
448,524;8,55
448,778;8,57
449,033;8,58
449,287;8,6
449,541;8,61
449,796;8,64
450,05;8,65
450,305;8,68
450,559;8,69
450,813;8,72
451,067;8,73
451,322;8,75
451,576;8,79
451,83;8,82
452,084;8,84
452,339;8,86
452,593;8,87
452,847;8,89
453,101;8,93
453,355;8,95
453,609;8,99
453,864;9,01
454,118;9,04
454,372;9,06
454,626;9,09
454,88;9,13
455,134;9,16
455,388;9,19
455,642;9,22
455,896;9,25
456,15;9,27
456,404;9,3
456,658;9,31
456,912;9,34
457,165;9,38
457,419;9,42
457,673;9,44
457,927;9,47
458,181;9,52
458,435;9,55
458,688;9,59
458,942;9,62
459,196;9,65
459,45;9,67
459,703;9,72
459,957;9,74
460,211;9,77
460,464;9,78
460,718;9,81
460,972;9,82
461,225;9,86
461,479;9,89
461,732;9,92
461,986;9,95
462,239;9,98
462,493;10,02
462,746;10,03
463;10,08
463,253;10,12
463,507;10,14
463,76;10,16
464,014;10,19
464,267;10,22
464,52;10,27
464,774;10,32
465,027;10,32
465,28;10,36
465,534;10,38
465,787;10,42
466,04;10,44
466,294;10,47
466,547;10,48
466,8;10,51
467,053;10,52
467,306;10,53
467,56;10,55
467,813;10,58
468,066;10,62
468,319;10,64
468,572;10,65
468,825;10,68
469,078;10,7
469,331;10,74
469,584;10,75
469,837;10,78
470,09;10,79
470,343;10,83
470,596;10,87
470,849;10,9
471,102;10,93
471,355;10,98
471,608;11,02
471,861;11,08
472,114;11,14
472,367;11,2
472,619;11,25
472,872;11,31
473,125;11,33
473,378;11,37
473,631;11,41
473,883;11,46
474,136;11,51
474,389;11,55
474,641;11,59
474,894;11,65
475,147;11,69
475,399;11,75
475,652;11,79
475,905;11,84
476,157;11,88
476,41;11,93
476,662;11,97
476,915;12,01
477,167;12,04
477,42;12,08
477,672;12,12
477,925;12,16
478,177;12,21
478,43;12,26
478,682;12,3
478,934;12,34
479,187;12,38
479,439;12,42
479,691;12,47
479,944;12,5
480,196;12,53
480,448;12,56
480,701;12,59
480,953;12,63
481,205;12,67
481,457;12,72
481,709;12,77
481,962;12,84
482,214;12,92
482,466;13,02
482,718;13,13
482,97;13,26
483,222;13,4
483,474;13,53
483,726;13,64
483,978;13,73
484,23;13,81
484,482;13,88
484,734;13,93
484,986;13,98
485,238;14,02
485,49;14,07
485,742;14,11
485,994;14,14
486,246;14,17
486,498;14,19
486,75;14,22
487,001;14,24
487,253;14,25
487,505;14,26
487,757;14,25
488,009;14,24
488,26;14,21
488,512;14,16
488,764;14,11
489,015;14,06
489,267;14,02
489,519;13,98
489,77;13,96
490,022;13,96
490,274;13,96
490,525;13,98
490,777;13,99
491,028;14,02
491,28;14,04
491,531;14,07
491,783;14,09
492,034;14,12
492,286;14,14
492,537;14,18
492,789;14,2
493,04;14,23
493,291;14,27
493,543;14,31
493,794;14,35
494,045;14,4
494,297;14,44
494,548;14,47
494,799;14,51
495,051;14,55
495,302;14,59
495,553;14,62
495,804;14,64
496,056;14,68
496,307;14,71
496,558;14,74
496,809;14,78
497,06;14,83
497,311;14,87
497,562;14,91
497,813;14,94
498,064;14,99
498,316;15,03
498,567;15,06
498,818;15,09
499,069;15,13
499,319;15,16
499,57;15,2
499,821;15,26
500,072;15,31
500,323;15,36
500,574;15,41
500,825;15,44
501,076;15,5
501,327;15,54
501,577;15,59
501,828;15,63
502,079;15,67
502,33;15,7
502,58;15,74
502,831;15,78
503,082;15,84
503,333;15,87
503,583;15,93
503,834;15,98
504,084;16,02
504,335;16,05
504,586;16,09
504,836;16,13
505,087;16,16
505,337;16,19
505,588;16,23
505,838;16,26
506,089;16,31
506,339;16,33
506,59;16,39
506,84;16,42
507,091;16,46
507,341;16,48
507,591;16,52
507,842;16,56
508,092;16,61
508,343;16,63
508,593;16,67
508,843;16,69
509,093;16,73
509,344;16,77
509,594;16,81
509,844;16,84
510,094;16,88
510,345;16,92
510,595;16,96
510,845;16,99
511,095;17,04
511,345;17,07
511,595;17,12
511,845;17,15
512,095;17,19
512,345;17,22
512,595;17,27
512,845;17,31
513,095;17,36
513,345;17,4
513,595;17,44
513,845;17,48
514,095;17,53
514,345;17,58
514,595;17,63
514,845;17,67
515,095;17,72
515,345;17,76
515,594;17,8
515,844;17,83
516,094;17,88
516,344;17,91
516,593;17,94
516,843;17,98
517,093;18,03
517,343;18,07
517,592;18,11
517,842;18,16
518,092;18,2
518,341;18,23
518,591;18,28
518,84;18,32
519,09;18,35
519,34;18,39
519,589;18,43
519,839;18,46
520,088;18,5
520,338;18,53
520,587;18,57
520,836;18,61
521,086;18,64
521,335;18,68
521,585;18,72
521,834;18,76
522,083;18,8
522,333;18,83
522,582;18,88
522,831;18,92
523,081;18,96
523,33;19
523,579;19,05
523,828;19,08
524,078;19,12
524,327;19,15
524,576;19,2
524,825;19,24
525,074;19,28
525,323;19,31
525,573;19,35
525,822;19,38
526,071;19,42
526,32;19,48
526,569;19,52
526,818;19,56
527,067;19,61
527,316;19,65
527,565;19,68
527,814;19,71
528,063;19,75
528,312;19,78
528,56;19,8
528,809;19,83
529,058;19,87
529,307;19,89
529,556;19,94
529,805;19,96
530,053;19,99
530,302;20,03
530,551;20,07
530,8;20,1
531,048;20,16
531,297;20,19
531,546;20,23
531,794;20,26
532,043;20,29
532,292;20,33
532,54;20,36
532,789;20,4
533,037;20,44
533,286;20,47
533,535;20,5
533,783;20,54
534,032;20,58
534,28;20,61
534,528;20,65
534,777;20,68
535,025;20,72
535,274;20,75
535,522;20,77
535,771;20,8
536,019;20,84
536,267;20,86
536,516;20,89
536,764;20,92
537,012;20,96
537,26;20,98
537,509;21,01
537,757;21,04
538,005;21,08
538,253;21,1
538,501;21,14
538,75;21,16
538,998;21,19
539,246;21,22
539,494;21,24
539,742;21,27
539,99;21,3
540,238;21,32
540,486;21,35
540,734;21,38
540,982;21,42
541,23;21,45
541,478;21,47
541,726;21,5
541,974;21,52
542,222;21,54
542,47;21,57
542,718;21,59
542,966;21,61
543,213;21,62
543,461;21,66
543,709;21,68
543,957;21,7
544,205;21,72
544,452;21,74
544,7;21,76
544,948;21,78
545,196;21,8
545,443;21,82
545,691;21,84
545,939;21,86
546,186;21,88
546,434;21,9
546,681;21,92
546,929;21,94
547,176;21,96
547,424;21,98
547,671;22
547,919;22,02
548,166;22,05
548,414;22,07
548,661;22,08
548,909;22,1
549,156;22,14
549,404;22,16
549,651;22,18
549,898;22,21
550,146;22,23
550,393;22,26
550,64;22,29
550,888;22,31
551,135;22,34
551,382;22,36
551,629;22,38
551,876;22,39
552,124;22,4
552,371;22,43
552,618;22,44
552,865;22,47
553,112;22,49
553,359;22,51
553,606;22,51
553,854;22,53
554,101;22,55
554,348;22,55
554,595;22,56
554,842;22,57
555,089;22,58
555,336;22,6
555,582;22,6
555,829;22,6
556,076;22,61
556,323;22,62
556,57;22,63
556,817;22,64
557,064;22,65
557,311;22,66
557,557;22,66
557,804;22,69
558,051;22,69
558,298;22,71
558,544;22,71
558,791;22,74
559,038;22,76
559,284;22,77
559,531;22,78
559,778;22,79
560,024;22,8
560,271;22,82
560,517;22,83
560,764;22,86
561,011;22,87
561,257;22,89
561,504;22,89
561,75;22,9
561,997;22,92
562,243;22,95
562,489;22,96
562,736;22,98
562,982;22,98
563,229;22,99
563,475;22,98
563,721;23
563,968;23
564,214;23,01
564,46;23,02
564,707;23,03
564,953;23,04
565,199;23,06
565,445;23,07
565,691;23,08
565,938;23,09
566,184;23,11
566,43;23,12
566,676;23,15
566,922;23,17
567,168;23,18
567,414;23,2
567,66;23,24
567,906;23,25
568,152;23,27
568,398;23,31
568,644;23,35
568,89;23,38
569,136;23,42
569,382;23,44
569,628;23,47
569,874;23,49
570,12;23,51
570,366;23,53
570,612;23,56
570,857;23,59
571,103;23,61
571,349;23,63
571,595;23,66
571,84;23,69
572,086;23,72
572,332;23,73
572,578;23,75
572,823;23,76
573,069;23,78
573,315;23,8
573,56;23,8
573,806;23,81
574,051;23,82
574,297;23,83
574,542;23,84
574,788;23,85
575,034;23,87
575,279;23,89
575,524;23,91
575,77;23,92
576,015;23,93
576,261;23,95
576,506;23,96
576,752;23,95
576,997;23,96
577,242;23,96
577,488;23,96
577,733;23,95
577,978;23,96
578,223;23,97
578,469;23,98
578,714;24
578,959;24,01
579,204;24,02
579,45;24,03
579,695;24,05
579,94;24,06
580,185;24,07
580,43;24,07
580,675;24,07
580,92;24,07
581,165;24,06
581,41;24,06
581,655;24,06
581,9;24,06
582,145;24,06
582,39;24,06
582,635;24,07
582,88;24,08
583,125;24,08
583,37;24,09
583,615;24,08
583,86;24,07
584,105;24,07
584,349;24,06
584,594;24,05
584,839;24,04
585,084;24,02
585,328;24,02
585,573;24,01
585,818;24,01
586,063;24
586,307;24
586,552;23,99
586,797;23,99
587,041;23,98
587,286;23,97
587,53;23,97
587,775;23,96
588,019;23,95
588,264;23,95
588,508;23,93
588,753;23,91
588,997;23,9
589,242;23,89
589,486;23,88
589,731;23,88
589,975;23,86
590,22;23,84
590,464;23,84
590,708;23,83
590,953;23,83
591,197;23,83
591,441;23,82
591,685;23,82
591,93;23,82
592,174;23,82
592,418;23,82
592,662;23,82
592,907;23,83
593,151;23,83
593,395;23,83
593,639;23,83
593,883;23,84
594,127;23,83
594,371;23,83
594,615;23,84
594,859;23,83
595,103;23,84
595,347;23,83
595,591;23,82
595,835;23,81
596,079;23,8
596,323;23,8
596,567;23,8
596,811;23,8
597,055;23,8
597,299;23,81
597,542;23,8
597,786;23,8
598,03;23,79
598,274;23,79
598,518;23,78
598,761;23,78
599,005;23,78
599,249;23,78
599,492;23,79
599,736;23,79
599,98;23,79
600,223;23,79
600,467;23,8
600,711;23,81
600,954;23,83
601,198;23,83
601,441;23,82
601,685;23,82
601,928;23,82
602,172;23,82
602,415;23,81
602,659;23,81
602,902;23,8
603,145;23,79
603,389;23,8
603,632;23,79
603,876;23,8
604,119;23,8
604,362;23,8
604,606;23,79
604,849;23,79
605,092;23,79
605,335;23,78
605,579;23,77
605,822;23,77
606,065;23,75
606,308;23,76
606,551;23,77
606,794;23,76
607,037;23,75
607,281;23,75
607,524;23,76
607,767;23,76
608,01;23,76
608,253;23,76
608,496;23,75
608,739;23,74
608,982;23,73
609,225;23,73
609,468;23,71
609,711;23,72
609,953;23,71
610,196;23,7
610,439;23,69
610,682;23,69
610,925;23,69
611,168;23,69
611,41;23,67
611,653;23,66
611,896;23,66
612,139;23,65
612,381;23,64
612,624;23,64
612,867;23,63
613,109;23,63
613,352;23,62
613,595;23,61
613,837;23,61
614,08;23,61
614,322;23,6
614,565;23,62
614,807;23,62
615,05;23,62
615,292;23,62
615,535;23,63
615,777;23,63
616,02;23,63
616,262;23,62
616,505;23,62
616,747;23,61
616,989;23,62
617,232;23,62
617,474;23,62
617,716;23,61
617,959;23,62
618,201;23,62
618,443;23,61
618,685;23,62
618,927;23,62
619,17;23,61
619,412;23,61
619,654;23,6
619,896;23,58
620,138;23,59
620,38;23,59
620,622;23,59
620,864;23,59
621,107;23,59
621,349;23,6
621,591;23,59
621,833;23,6
622,075;23,6
622,316;23,6
622,558;23,6
622,8;23,61
623,042;23,61
623,284;23,62
623,526;23,64
623,768;23,64
624,01;23,64
624,251;23,64
624,493;23,64
624,735;23,64
624,977;23,65
625,218;23,65
625,46;23,65
625,702;23,65
625,943;23,65
626,185;23,64
626,427;23,64
626,668;23,65
626,91;23,65
627,152;23,65
627,393;23,65
627,635;23,66
627,876;23,65
628,118;23,65
628,359;23,64
628,601;23,63
628,842;23,63
629,084;23,62
629,325;23,62
629,566;23,62
629,808;23,61
630,049;23,6
630,29;23,59
630,532;23,58
630,773;23,56
631,014;23,56
631,256;23,56
631,497;23,56
631,738;23,54
631,979;23,53
632,22;23,52
632,462;23,5
632,703;23,5
632,944;23,5
633,185;23,49
633,426;23,49
633,667;23,49
633,908;23,48
634,149;23,48
634,39;23,48
634,631;23,48
634,872;23,49
635,113;23,48
635,354;23,49
635,595;23,49
635,836;23,5
636,077;23,49
636,318;23,5
636,559;23,48
636,8;23,5
637,04;23,5
637,281;23,5
637,522;23,51
637,763;23,5
638,003;23,49
638,244;23,48
638,485;23,47
638,726;23,47
638,966;23,47
639,207;23,47
639,448;23,47
639,688;23,47
639,929;23,47
640,169;23,47
640,41;23,47
640,65;23,46
640,891;23,44
641,131;23,45
641,372;23,43
641,612;23,44
641,853;23,42
642,093;23,41
642,334;23,4
642,574;23,4
642,814;23,41
643,055;23,42
643,295;23,43
643,535;23,43
643,776;23,43
644,016;23,43
644,256;23,42
644,496;23,41
644,737;23,41
644,977;23,41
645,217;23,41
645,457;23,42
645,697;23,42
645,938;23,43
646,178;23,43
646,418;23,45
646,658;23,45
646,898;23,47
647,138;23,48
647,378;23,49
647,618;23,49
647,858;23,49
648,098;23,49
648,338;23,5
648,578;23,5
648,818;23,52
649,057;23,52
649,297;23,54
649,537;23,55
649,777;23,55
650,017;23,56
650,257;23,56
650,496;23,56
650,736;23,57
650,976;23,57
661,028;23,54
661,267;23,5
661,506;23,47
661,744;23,46
661,983;23,44
662,222;23,44
662,461;23,44
662,7;23,45
662,939;23,45
663,177;23,46
663,416;23,46
663,655;23,47
663,894;23,49
664,132;23,5
664,371;23,51
664,61;23,51
664,848;23,52
665,087;23,53
665,326;23,53
665,564;23,55
665,803;23,55
666,041;23,57
666,28;23,58
666,518;23,59
666,757;23,59
666,995;23,6
667,234;23,62
667,472;23,62
667,711;23,62
667,949;23,62
668,187;23,62
668,426;23,63
668,664;23,63
668,902;23,64
669,141;23,65
669,379;23,65
669,617;23,66
669,856;23,66
670,094;23,67
670,332;23,67
670,57;23,68
670,808;23,69
671,046;23,69
671,285;23,69
671,523;23,7
671,761;23,7
671,999;23,71
672,237;23,71
672,475;23,71
672,713;23,71
672,951;23,71
673,189;23,71
673,427;23,72
673,665;23,72
673,903;23,73
674,141;23,73
674,379;23,73
674,617;23,73
674,854;23,75
675,092;23,73
675,33;23,74
675,568;23,74
675,806;23,75
676,043;23,75
676,281;23,77
676,519;23,77
676,756;23,78
676,994;23,8
677,232;23,81
677,469;23,81
677,707;23,82
677,945;23,84
678,182;23,86
678,42;23,86
678,657;23,87
678,895;23,87
679,132;23,88
679,37;23,87
679,607;23,88
679,845;23,89
680,082;23,9
680,32;23,91
680,557;23,93
680,794;23,93
681,032;23,95
681,269;23,94
681,507;23,94
681,744;23,95
681,981;23,93
682,218;23,93
682,456;23,95
682,693;23,95
682,93;23,96
683,167;23,95
683,404;23,96
683,642;23,96
683,879;23,97
684,116;23,98
684,353;23,99
684,59;24
684,827;24,01
685,064;24,02
685,301;24,03
685,538;24,03
685,775;24,04
686,012;24,05
686,249;24,06
686,486;24,06
686,723;24,07
686,96;24,09
687,197;24,09
687,433;24,1
687,67;24,11
687,907;24,12
688,144;24,12
688,381;24,12
688,617;24,12
688,854;24,12
689,091;24,12
689,327;24,13
689,564;24,15
689,801;24,16
690,037;24,16
690,274;24,15
690,511;24,16
690,747;24,17
690,984;24,18
691,22;24,19
691,457;24,19
691,693;24,19
691,93;24,2
692,166;24,21
692,403;24,21
692,639;24,21
692,876;24,21
693,112;24,22
693,348;24,23
693,585;24,24
693,821;24,25
694,057;24,26
694,294;24,26
694,53;24,25
694,766;24,26
695,002;24,26
695,239;24,29
695,475;24,3
695,711;24,3
695,947;24,3
696,183;24,3
696,419;24,31
696,656;24,32
696,892;24,32
697,128;24,32
697,364;24,32
697,6;24,34
697,836;24,34
698,072;24,35
698,308;24,35
698,544;24,36
698,78;24,36
699,016;24,36
699,251;24,35
699,487;24,36
699,723;24,36
699,959;24,37
700,195;24,38
700,431;24,39
700,666;24,39
700,902;24,4
701,138;24,4
701,374;24,41
701,609;24,41
701,845;24,42
702,081;24,42
702,316;24,44
702,552;24,44
702,788;24,45
703,023;24,45
703,259;24,46
703,494;24,47
703,73;24,48
703,965;24,48
704,201;24,5
704,436;24,5
704,672;24,49
704,907;24,5
705,143;24,5
705,378;24,49
705,613;24,5
705,849;24,5
706,084;24,52
706,319;24,51
706,555;24,54
706,79;24,55
707,025;24,57
707,26;24,57
707,496;24,59
707,731;24,59
707,966;24,61
708,201;24,61
708,436;24,63
708,671;24,64
708,907;24,65
709,142;24,65
709,377;24,66
709,612;24,67
709,847;24,67
710,082;24,68
710,317;24,69
710,552;24,69
710,787;24,71
711,022;24,71
711,257;24,72
711,492;24,72
711,726;24,72
711,961;24,71
712,196;24,72
712,431;24,72
712,666;24,72
712,901;24,72
713,135;24,72
713,37;24,73
713,605;24,73
713,839;24,73
714,074;24,74
714,309;24,75
714,543;24,75
714,778;24,75
715,013;24,75
715,247;24,76
715,482;24,77
715,716;24,77
715,951;24,76
716,185;24,77
716,42;24,78
716,654;24,79
716,889;24,8
717,123;24,8
717,358;24,79
717,592;24,79
717,827;24,8
718,061;24,81
718,295;24,81
718,53;24,82
718,764;24,83
718,998;24,83
719,232;24,82
719,467;24,82
719,701;24,84
719,935;24,84
720,169;24,85
720,403;24,85
720,638;24,87
720,872;24,88
721,106;24,88
721,34;24,88
721,574;24,89
721,808;24,89
722,042;24,9
722,276;24,92
722,51;24,94
722,744;24,96
722,978;24,97
723,212;24,98
723,446;24,99
723,68;25
723,914;25,01
724,147;25,04
724,381;25,06
724,615;25,08
724,849;25,1
725,083;25,12
725,316;25,13
725,55;25,15
725,784;25,18
726,018;25,2
726,251;25,22
726,485;25,23
726,719;25,26
726,952;25,28
727,186;25,3
727,419;25,33
727,653;25,35
727,887;25,36
728,12;25,37
728,354;25,38
728,587;25,4
728,821;25,43
729,054;25,44
729,287;25,46
729,521;25,48
729,754;25,49
729,988;25,51
730,221;25,52
730,454;25,53
730,688;25,54
730,921;25,55
731,154;25,56
731,387;25,58
731,621;25,59
731,854;25,6
732,087;25,62
732,32;25,63
732,553;25,64
732,787;25,66
733,02;25,67
733,253;25,71
733,486;25,71
733,719;25,72
733,952;25,72
734,185;25,74
734,418;25,74
734,651;25,76
734,884;25,76
735,117;25,78
735,35;25,77
735,583;25,79
735,816;25,81
736,049;25,81
736,281;25,82
736,514;25,84
736,747;25,83
736,98;25,83
737,213;25,83
737,445;25,84
737,678;25,85
737,911;25,86
738,144;25,85
738,376;25,87
738,609;25,87
738,842;25,88
739,074;25,89
739,307;25,89
739,539;25,9
739,772;25,9
740,004;25,9
740,237;25,93
740,469;25,93
740,702;25,93
740,934;25,94
741,167;25,96
741,399;25,98
741,632;26
741,864;26,02
742,096;26,03
742,329;26,03
742,561;26,02
742,793;26,03
743,026;26,02
743,258;26,03
743,49;26,06
743,723;26,06
743,955;26,08
744,187;26,09
744,419;26,1
744,651;26,12
744,883;26,15
745,115;26,15
745,348;26,16
745,58;26,17
745,812;26,19
746,044;26,17
746,276;26,18
746,508;26,18
746,74;26,19
746,972;26,19
747,204;26,2
747,436;26,21
747,667;26,22
747,899;26,23
748,131;26,25
748,363;26,25
748,595;26,27
748,827;26,27
749,058;26,29
749,29;26,3
749,522;26,31
749,754;26,32
749,985;26,34
750,217;26,35
750,449;26,37
750,68;26,38
750,912;26,39
751,144;26,4
751,375;26,41
751,607;26,42
751,838;26,44
752,07;26,45
752,301;26,48
752,533;26,51
752,764;26,55
752,996;26,56
753,227;26,57
753,459;26,58
753,69;26,6
753,921;26,62
754,153;26,64
754,384;26,66
754,615;26,69
754,847;26,72
755,078;26,74
755,309;26,76
755,54;26,77
755,772;26,8
756,003;26,81
756,234;26,86
756,465;26,89
756,696;26,89
756,927;26,92
757,159;26,93
757,39;26,95
757,621;26,95
757,852;26,97
758,083;26,99
758,314;27
758,545;27,02
758,776;27,03
759,007;27,04
759,238;27,05
759,469;27,05
759,699;27,05
759,93;27,06
760,161;27,08
760,392;27,09
760,623;27,1
760,854;27,12
761,084;27,12
761,315;27,13
761,546;27,16
761,776;27,19
762,007;27,2
762,238;27,2
762,468;27,22
762,699;27,23
762,93;27,25
763,16;27,26
763,391;27,27
763,621;27,28
763,852;27,3
764,083;27,31
764,313;27,32
764,543;27,34
764,774;27,34
765,004;27,34
765,235;27,35
765,465;27,37
765,696;27,37
765,926;27,38
766,156;27,39
766,387;27,39
766,617;27,38
766,847;27,4
767,077;27,42
767,308;27,44
767,538;27,46
767,768;27,45
767,998;27,48
768,228;27,51
768,459;27,53
768,689;27,54
768,919;27,56
769,149;27,59
769,379;27,59
769,609;27,61
769,839;27,62
770,069;27,62
770,299;27,63
770,529;27,64
770,759;27,65
770,989;27,66
771,219;27,67
771,449;27,68
771,678;27,69
771,908;27,7
772,138;27,7
772,368;27,69
772,598;27,7
772,827;27,69
773,057;27,69
773,287;27,68
773,517;27,67
773,746;27,68
773,976;27,69
774,206;27,71
774,435;27,71
774,665;27,71
774,894;27,73
775,124;27,73
775,354;27,73
775,583;27,74
775,813;27,75
776,042;27,77
776,272;27,77
776,501;27,78
776,73;27,78
776,96;27,8
777,189;27,84
777,419;27,84
777,648;27,84
777,877;27,87
778,107;27,88
778,336;27,91
778,565;27,91
778,794;27,91
779,024;27,92
779,253;27,94
779,482;27,96
779,711;27,98
779,94;28
780,17;28,02
780,399;28,04
780,628;28,05
780,857;28,05
781,086;28,06
781,315;28,07
781,544;28,1
781,773;28,09
782,002;28,08
782,231;28,1
782,46;28,13
782,689;28,13
782,918;28,14
783,147;28,15
783,375;28,16
783,604;28,16
783,833;28,18
784,062;28,2
784,291;28,2
784,519;28,21
784,748;28,22
784,977;28,22
785,206;28,22
785,434;28,22
785,663;28,23
785,892;28,25
786,12;28,25
786,349;28,26
786,577;28,28
786,806;28,3
787,034;28,31
787,263;28,3
787,492;28,32
787,72;28,33
787,948;28,33
788,177;28,35
788,405;28,34
788,634;28,34
788,862;28,35
789,09;28,38
789,319;28,37
789,547;28,38
789,775;28,39
790,004;28,39
790,232;28,4
790,46;28,41
790,688;28,41
790,917;28,42
791,145;28,43
791,373;28,45
791,601;28,45
791,829;28,46
792,057;28,47
792,286;28,49
792,514;28,5
792,742;28,52
792,97;28,51
793,198;28,53
793,426;28,54
793,654;28,54
793,882;28,53
794,109;28,56
794,337;28,54
794,565;28,54
794,793;28,55
795,021;28,55
795,249;28,56
795,477;28,56
795,704;28,55
795,932;28,54
796,16;28,51
796,388;28,51
796,615;28,5
796,843;28,49
797,071;28,48
797,298;28,47
797,526;28,46
797,754;28,45
797,981;28,46
798,209;28,46
798,436;28,45
798,664;28,46
798,891;28,44
799,119;28,45
799,346;28,46
799,574;28,46
799,801;28,46
800,029;28,44
800,256;28,44
800,483;28,46
800,711;28,46
800,938;28,48
801,165;28,49
801,393;28,47
801,62;28,46
801,847;28,46
802,074;28,45
802,302;28,46
802,529;28,47
802,756;28,46
802,983;28,47
803,21;28,48
803,437;28,47
803,665;28,48
803,892;28,47
804,119;28,46
804,346;28,48
804,573;28,5
804,8;28,5
805,027;28,5
805,254;28,49
805,481;28,5
805,708;28,51
805,934;28,5
806,161;28,53
806,388;28,54
806,615;28,55
806,842;28,56
807,069;28,57
807,295;28,57
807,522;28,56
807,749;28,56
807,976;28,55
808,202;28,55
808,429;28,54
808,656;28,55
808,882;28,56
809,109;28,54
809,335;28,54
809,562;28,55
809,789;28,56
810,015;28,57
810,242;28,56
810,468;28,56
810,695;28,54
810,921;28,54
811,147;28,54
811,374;28,55
811,6;28,55
811,827;28,55
812,053;28,52
812,279;28,55
812,506;28,53
812,732;28,54
812,958;28,52
813,185;28,52
813,411;28,54
813,637;28,53
813,863;28,52
814,089;28,53
814,315;28,51
814,542;28,51
814,768;28,49
814,994;28,48
815,22;28,48
815,446;28,52
815,672;28,51
815,898;28,52
816,124;28,5
816,35;28,49
816,576;28,47
816,802;28,49
817,028;28,46
817,254;28,46
817,48;28,46
817,705;28,46
817,931;28,45
818,157;28,42
818,383;28,39
818,609;28,41
818,834;28,39
819,06;28,39
819,286;28,39
819,512;28,38
819,737;28,38
819,963;28,37
820,189;28,34
820,414;28,33
820,64;28,3
820,865;28,29
821,091;28,29
821,316;28,25
821,542;28,23
821,767;28,24
821,993;28,23
822,218;28,21
822,444;28,21
822,669;28,22
822,895;28,21
823,12;28,23
823,345;28,21
823,571;28,2
823,796;28,17
824,021;28,16
824,247;28,15
824,472;28,15
824,697;28,13
824,922;28,13
825,147;28,13
825,373;28,13
825,598;28,13
825,823;28,12
826,048;28,14
826,273;28,14
826,498;28,13
826,723;28,12
826,948;28,13
827,173;28,11
827,398;28,09
827,623;28,07
827,848;28,06
828,073;28,05
828,298;28,05
828,523;28,07
828,748;28,06
828,973;28,06
829,197;28,06
829,422;28,05
829,647;28,04
829,872;28,02
830,097;27,98
830,321;27,95
830,546;27,95
830,771;27,92
830,995;27,9
831,22;27,9
831,445;27,87
831,669;27,87
831,894;27,87
832,118;27,88
832,343;27,88
832,567;27,87
832,792;27,88
833,016;27,87
833,241;27,85
833,465;27,85
833,69;27,82
833,914;27,82
834,139;27,82
834,363;27,8
834,587;27,79
834,812;27,8
835,036;27,81
835,26;27,79
835,485;27,77
835,709;27,78
835,933;27,77
836,157;27,77
836,381;27,73
836,606;27,71
836,83;27,69
837,054;27,69
837,278;27,66
837,502;27,65
837,726;27,64
837,95;27,61
838,174;27,6
838,398;27,6
838,622;27,55
838,846;27,52
839,07;27,5
839,294;27,5
839,518;27,5
839,742;27,48
839,966;27,46
840,189;27,45
840,413;27,44
840,637;27,42
840,861;27,39
841,085;27,38
841,308;27,37
841,532;27,36
841,756;27,34
841,979;27,35
842,203;27,32
842,427;27,3
842,65;27,27
842,874;27,26
843,098;27,25
843,321;27,27
843,545;27,26
843,768;27,26
843,992;27,24
844,215;27,23
844,439;27,22
844,662;27,21
844,886;27,2
845,109;27,2
845,332;27,18
845,556;27,21
845,779;27,21
846,002;27,2
846,226;27,21
846,449;27,2
846,672;27,18
846,895;27,17
847,119;27,16
847,342;27,18
847,565;27,16
847,788;27,13
848,011;27,11
848,234;27,1
848,457;27,07
848,681;27,04
848,904;27,01
849,127;26,98
849,35;26,99
849,573;27
849,796;27
850,019;26,99
850,241;26,97
850,464;26,97
850,687;26,99
850,91;26,98
851,133;26,99
851,356;27,01
851,579;27,01
851,801;27,01
852,024;27,01
852,247;27,02
852,47;27,04
852,692;27,06
852,915;27,08
853,138;27,08
853,36;27,1
853,583;27,1
853,806;27,12
854,028;27,13
854,251;27,11
854,473;27,11
854,696;27,12
854,918;27,11
855,141;27,09
855,363;27,04
855,586;27,03
855,808;26,99
856,031;26,95
856,253;26,92
856,475;26,9
856,698;26,87
856,92;26,89
857,142;26,84
857,365;26,81
857,587;26,81
857,809;26,78
858,031;26,77
858,253;26,77
858,476;26,7
858,698;26,66
858,92;26,67
859,142;26,65
859,364;26,62
859,586;26,6
859,808;26,58
860,03;26,59
860,252;26,58
860,474;26,57
860,696;26,56
860,918;26,58
861,14;26,57
861,362;26,55
861,584;26,53
861,806;26,52
862,028;26,53
862,25;26,48
862,471;26,49
862,693;26,45
862,915;26,41
863,137;26,45
863,358;26,45
863,58;26,43
863,802;26,41
864,024;26,39
864,245;26,37
864,467;26,37
864,688;26,35
864,91;26,33
865,132;26,31
865,353;26,28
865,575;26,23
865,796;26,23
866,018;26,22
866,239;26,22
866,461;26,23
866,682;26,21
866,903;26,19
867,125;26,15
867,346;26,14
867,567;26,15
867,789;26,1
868,01;26,07
868,231;26,08
868,453;26,07
868,674;26,07
868,895;26,08
869,116;26,05
869,337;26,02
869,559;25,99
869,78;25,99
870,001;25,99
870,222;25,98
870,443;25,99
870,664;25,98
870,885;25,95
871,106;25,95
871,327;25,92
871,548;25,9
871,769;25,88
871,99;25,93
872,211;25,9
872,432;25,89
872,653;25,9
872,874;25,86
873,094;25,86
873,315;25,84
873,536;25,81
873,757;25,8
873,978;25,79
874,198;25,79
874,419;25,78
874,64;25,77
874,86;25,73
875,081;25,7
875,302;25,72
875,522;25,72
875,743;25,67
875,963;25,67
876,184;25,67
876,404;25,68
876,625;25,61
876,845;25,63
877,066;25,6
877,286;25,61
877,507;25,58
877,727;25,55
877,947;25,56
878,168;25,53
878,388;25,5
878,609;25,47
878,829;25,48
879,049;25,5
879,269;25,49
879,49;25,5
879,71;25,49
879,93;25,44
880,15;25,42
880,37;25,4
880,59;25,4
880,811;25,37
881,031;25,34
881,251;25,35
881,471;25,34
881,691;25,39
881,911;25,37
882,131;25,37
882,351;25,39
882,571;25,37
882,791;25,41
883,011;25,42
883,23;25,42
883,45;25,38
883,67;25,35
883,89;25,37
884,11;25,39
884,33;25,33
884,549;25,35
884,769;25,34
884,989;25,31
885,209;25,28
885,428;25,29
885,648;25,31
885,868;25,3
886,087;25,28
886,307;25,21
886,526;25,18
886,746;25,16
886,965;25,17
887,185;25,14
887,404;25,13
887,624;25,15
887,843;25,15
888,063;25,12
888,282;25,12
888,502;25,09
888,721;25,06
888,94;25,07
889,16;25,04
889,379;25,05
889,598;25,1
889,818;25,11
890,037;25,12
890,256;25,13
890,475;25,16
890,694;25,16
890,914;25,19
891,133;25,21
891,352;25,22
891,571;25,21
891,79;25,25
892,009;25,24
892,228;25,22
892,447;25,23
892,666;25,28
892,885;25,29
893,104;25,27
893,323;25,31
893,542;25,3
893,761;25,29
893,98;25,28
894,199;25,25
894,417;25,25
894,636;25,24
894,855;25,23
895,074;25,18
895,293;25,17
895,511;25,2
895,73;25,17
895,949;25,16
896,167;25,12
896,386;25,08
896,605;25,07
896,823;25,09
897,042;25,1
897,26;25,09
897,479;25,05
897,697;25,06
897,916;25,04
898,134;25,03
898,353;25,04
898,571;25,05
898,79;25,03
899,008;25,03
899,227;25,01
899,445;25
899,663;25,02
899,882;25,02
900,1;24,99
900,318;25
900,536;24,97
900,755;24,96
900,973;24,98
901,191;24,96
901,409;24,94
901,627;24,96
901,846;24,91
902,064;24,89
902,282;24,92
902,5;24,88
902,718;24,94
902,936;24,91
903,154;24,9
903,372;24,94
903,59;24,92
903,808;24,92
904,026;24,96
904,244;24,94
904,462;24,93
904,679;24,89
904,897;24,91
905,115;24,89
905,333;24,9
905,551;24,85
905,768;24,84
905,986;24,82
906,204;24,8
906,422;24,79
906,639;24,81
906,857;24,8
907,074;24,83
907,292;24,8
907,51;24,82
907,727;24,81
907,945;24,8
908,162;24,77
908,38;24,75
908,597;24,73
908,815;24,76
909,032;24,78
909,25;24,8
909,467;24,77
909,684;24,77
909,902;24,74
910,119;24,8
910,337;24,78
910,554;24,77
910,771;24,74
910,988;24,77
911,206;24,8
911,423;24,77
911,64;24,76
911,857;24,75
912,074;24,73
912,291;24,75
912,509;24,76
912,726;24,77
912,943;24,79
913,16;24,77
913,377;24,72
913,594;24,71
913,811;24,71
914,028;24,75
914,245;24,79
914,462;24,82
914,679;24,85
914,896;24,87
915,112;24,89
915,329;24,92
915,546;24,93
915,763;24,92
915,98;24,9
916,196;24,91
916,413;24,9
916,63;24,96
916,847;24,92
917,063;24,86
917,28;24,9
917,497;24,88
917,713;24,87
917,93;24,9
918,146;24,86
918,363;24,86
918,579;24,86
918,796;24,81
919,012;24,79
919,229;24,75
919,445;24,8
919,662;24,8
919,878;24,75
920,095;24,74
920,311;24,74
920,527;24,74
920,744;24,75
920,96;24,74
921,176;24,71
921,392;24,73
921,609;24,79
921,825;24,79
922,041;24,81
922,257;24,8
922,473;24,83
922,69;24,87
922,906;24,85
923,122;24,85
923,338;24,89
923,554;24,9
923,77;24,92
923,986;24,89
924,202;24,93
924,418;24,98
924,634;25
924,85;25,02
925,066;25,04
925,282;25,03
925,497;25,08
925,713;25,07
925,929;25,1
926,145;25,08
926,361;25,09
926,576;25,08
926,792;25,12
927,008;25,14
927,224;25,18
927,439;25,28
927,655;25,27
927,871;25,24
928,086;25,3
928,302;25,32
928,517;25,32
928,733;25,31
928,948;25,3
929,164;25,33
929,379;25,3
929,595;25,31
929,81;25,33
930,026;25,32
930,241;25,33
930,456;25,36
930,672;25,41
930,887;25,36
931,102;25,37
931,318;25,36
931,533;25,32
931,748;25,29
931,964;25,2
932,179;25,24
932,394;25,25
932,609;25,24
932,824;25,2
933,039;25,19
933,255;25,17
933,47;25,15
933,685;25,14
933,9;25,12
934,115;25,09
934,33;25,1
934,545;25,1
934,76;25,06
934,975;25,01
935,19;24,99
935,404;25,09
935,619;25,09
935,834;25,11
936,049;25,15
936,264;25,18
936,479;25,22
936,693;25,25
936,908;25,31
937,123;25,35
937,338;25,47
937,552;25,59
937,767;25,65
937,982;25,86
938,196;25,93
938,411;26,05
938,625;26,13
938,84;26,16
939,055;26,17
939,269;26,38
939,484;26,52
939,698;26,66
939,912;26,7
940,127;26,88
940,341;27,01
940,556;27,05
940,77;27,25
940,984;27,47
941,199;27,6
941,413;27,64
941,627;27,69
941,842;27,69
942,056;27,73
942,27;27,94
942,484;27,78
942,699;27,86
942,913;28,04
943,127;28,06
943,341;28,43
943,555;28,6
943,769;28,52
943,983;28,65
944,197;28,47
944,411;28,53
944,625;28,71
944,839;28,79
945,053;29,09
945,267;28,88
945,481;29,06
945,695;29,08
945,909;29,2
946,123;29,29
946,336;29,41
946,55;29,42
946,764;29,31
946,978;29,31
947,192;29,27
947,405;29,19
947,619;29,45
947,833;29,21
948,046;29,28
948,26;29,4
948,474;29,29
948,687;29,34
948,901;29,23
949,114;29,05
949,328;29,21
949,541;29
949,755;29,02
949,968;28,8
950,182;28,69
950,395;28,53
950,609;28,49
950,822;28,41
951,035;28,45
951,249;28,37
951,462;28,36
951,675;28,37
951,889;28,28
952,102;28,19
952,315;28,22
952,528;28,15
952,741;27,98
952,955;28,04
953,168;28,04
953,381;28,04
953,594;28,15
953,807;27,84
954,02;27,93
954,233;27,95
954,446;27,99
954,659;27,94
954,872;28,04
955,085;27,88
955,298;27,9
955,511;27,9
955,724;28,08
955,937;28,17
956,15;28,28
956,362;28,31
956,575;28,24
956,788;28,05
957,001;28,04
957,214;28,17
957,426;28,13
957,639;28,05
957,852;27,89
958,064;27,8
958,277;27,88
958,49;27,8
958,702;27,77
958,915;27,73
959,127;27,77
959,34;27,76
959,552;27,73
959,765;27,65
959,977;27,5
960,19;27,3
960,402;27,2
960,615;26,97
960,827;26,96
961,039;26,91
961,252;27,07
961,464;27,08
961,676;26,98
961,889;27,05
962,101;27,18
962,313;27,38
962,525;27,35
962,738;27,28
962,95;27,22
963,162;27,2
963,374;27,13
963,586;27,08
963,798;26,93
964,01;26,95
964,222;27,04
964,434;27,13
964,646;27,2
964,858;27,31
965,07;27,36
965,282;27,43
965,494;27,51
965,706;27,53
965,918;27,76
966,13;27,83
966,342;27,65
966,553;27,63
966,765;27,47
966,977;27,41
967,189;27,48
967,401;27,53
967,612;27,69
967,824;27,85
968,036;27,88
968,247;28,06
968,459;28,11
968,67;28,14
968,882;28,17
969,094;28,22
969,305;28,2
969,517;28,22
969,728;28,19
969,94;28,25
970,151;28,2
970,362;28,13
970,574;28,18
970,785;28,29
970,997;28,33
971,208;28,39
971,419;28,52
971,631;28,54
971,842;28,63
972,053;28,51
972,264;28,44
972,476;28,42
972,687;28,33
972,898;28,39
973,109;28,44
973,32;28,46
973,531;28,39
973,742;28,31
973,954;28,34
974,165;28,35
974,376;28,24
974,587;28,29
974,798;28,15
975,009;28,13
975,22;28,06
975,43;28,07
975,641;28,09
975,852;28,21
976,063;28,32
976,274;28,32
976,485;28,28
976,695;28,21
976,906;28,29
977,117;28,32
977,328;28,46
977,538;28,38
977,749;28,17
977,96;28,22
978,17;28,23
978,381;28,2
978,592;28,3
978,802;28,45
979,013;28,47
979,223;28,48
979,434;28,38
979,644;28,51
979,855;28,54
980,065;28,57
980,276;28,46
980,486;28,34
980,696;28,34
980,907;28,46
981,117;28,61
981,327;28,65
981,538;28,59
981,748;28,61
981,958;28,71
982,169;29
982,379;29,15
982,589;29,28
982,799;29,3
983,009;29,36
983,219;29,32
983,43;29,37
983,64;29,4
983,85;29,59
984,06;29,62
984,27;29,66
984,48;29,77
984,69;29,74
984,9;29,78
985,11;29,93
985,32;29,91
985,529;29,88
985,739;29,97
985,949;30
986,159;30,09
986,369;30,18
986,579;30,24
986,788;30,17
986,998;30,29
987,208;30,35
987,417;30,18
987,627;30,23
987,837;30,41
988,046;30,38
988,256;30,35
988,466;30,33
988,675;30,26
988,885;30,24
989,094;30,43
989,304;30,46
989,513;30,28
989,723;30,39
989,932;30,4
990,142;30,43
990,351;30,6
990,56;30,47
990,77;30,38
990,979;30,51
991,188;30,58
991,398;30,53
991,607;30,77
991,816;31,01
992,025;31,14
992,235;31,01
992,444;31,24
992,653;31,31
992,862;31,35
993,071;31,45
993,28;31,72
993,489;31,68
993,698;31,77
993,908;31,93
994,117;32,02
994,326;31,94
994,534;32,05
994,743;32,06
994,952;32,04
995,161;32,23
995,37;32,26
995,579;32,23
995,788;32,26
995,997;32,08
996,205;32,06
996,414;31,82
996,623;31,78
996,832;31,76
997,04;31,82
997,249;31,79
997,458;31,78
997,666;31,58
997,875;31,68
998,084;31,52
998,292;31,52
998,501;31,39
998,709;31,45
998,918;31,24
999,126;31,36
999,335;31,34
999,543;31,06
999,752;31,08
999,96;30,94
1000,169;31,03
1000,377;31,01
1000,585;31,1
1000,794;31,28
1001,002;31,29
1001,21;31,26
1001,418;31,28
1001,627;31,47
1001,835;31,42
1002,043;31,34
1002,251;31,47
1002,459;31,54
1002,668;31,36
1002,876;31,58
1003,084;31,61
1003,292;31,71
1003,5;31,54
1003,708;31,79
1003,916;32,18
1004,124;32,14
1004,332;32,36
1004,54;32,11
1004,748;32,34
1004,956;32,34
1005,163;32,35
1005,371;32,36
1005,579;32,35
1005,787;32,21
1005,995;32,29
1006,202;32,64
1006,41;32,65
1006,618;32,3
1006,826;32,37
1007,033;32,61
1007,241;33,05
1007,449;33,17
1007,656;33,43
1007,864;33,5
1008,071;33,36
1008,279;33,13
1008,486;33,25
1008,694;33,22
1008,901;33,32
1009,109;33,25
1009,316;33,03
1009,524;33,07
1009,731;33,17
1009,938;33,27
1010,146;33,43
1010,353;33,42
1010,56;33,32
1010,768;33,39
1010,975;33,78
1011,182;33,88
1011,389;33,61
1011,597;33,11
1011,804;33,39
1012,011;33,48
1012,218;33,76
1012,425;33,54
1012,632;33,31
1012,839;33,18
1013,046;33,21
1013,253;33,37
1013,46;33,53
1013,667;33,8
1013,874;33,77
1014,081;33,87
1014,288;33,94
1014,495;34,13
1014,702;33,87
1014,909;34,13
1015,116;34,25
1015,323;34,29
1015,529;34,61
1015,736;35,1
1015,943;35,21
1016,15;35,35
1016,356;35,14
1016,563;35,07
1016,77;35,42
1016,976;35,54
1017,183;35,69
1017,389;36,09
1017,596;36,15
1017,803;36,31
1018,009;36,21
1018,216;36,4
1018,422;36,54
1018,629;36,8
1018,835;36,81
1019,041;36,88
1019,248;36,41
1019,454;36,53
1019,661;37,04
1019,867;36,79
1020,073;36,56
1020,279;36,18
1020,486;35,95
1020,692;35,81
1020,898;35,42
1021,104;35,42
1021,311;35,79
1021,517;35,43
1021,723;35,1
1021,929;35,25
1022,135;34,83
1022,341;34,83
1022,547;34,46
1022,753;34,58
1022,959;34,34
1023,165;34,3
1023,371;34,57
1023,577;35,13
1023,783;34,83
1023,989;34,09
1024,195;34,18
1024,401;34,74
1024,607;34,99
1024,812;35,04
1025,018;35,23
1025,224;35,37
1025,43;35,74
1025,635;35,87
1025,841;35,99
1026,047;36,21
1026,252;36,01
1026,458;36,5
1026,664;36,82
1026,869;37,28
1027,075;36,84
1027,28;36,95
1027,486;36,99
1027,691;37,21
1027,897;36,94
1028,102;37,4
1028,308;37,25
1028,513;37,44
1028,719;37,5
1028,924;37,96
1029,129;38,22
1029,335;38,18
1029,54;38,35
1029,745;37,64
1029,95;37,75
1030,156;37,65
1030,361;37,47
1030,566;37,5
1030,771;37
1030,976;36,67
1031,182;36,54
1031,387;36,79
1031,592;36,9
1031,797;37,16
1032,002;36,72
1032,207;36,75
1032,412;36,69
1032,617;37,27
1032,822;36,57
1033,027;36,41
1033,232;36,01
1033,437;36,07
1033,642;36,38
1033,846;37,05
1034,051;38,11
1034,256;37,99
1034,461;38,44
1034,666;38,48
1034,87;38,33
1035,075;38,8
1035,28;38,75
1035,484;39,32
1035,689;39,68
1035,894;39,75
1036,098;39,12
1036,303;39,17
1036,507;38,54
1036,712;38,97
1036,917;38,91
1037,121;39,83
1037,325;39,91
1037,53;40,41
1037,734;40,58
1037,939;40,03
1038,143;39,77
1038,348;39,49
1038,552;39,57
1038,756;38,93
1038,961;39,71
1039,165;40,31
1039,369;40,52
1039,573;41,27
1039,778;41,02
1039,982;41,08
1040,186;41,37
1040,39;41,97
1040,594;42,05
1040,798;41,31
1041,002;41,61
1041,206;41,13
1041,41;41,23
1041,614;40,55
1041,818;40,99
1042,022;40,32
1042,226;41,5
1042,43;41,66
1042,634;42,08
1042,838;42,55
1043,042;42,91
1043,246;41,56
1043,45;41,81
1043,653;41,37
1043,857;41,52
1044,061;41,91
1044,265;40,97
1044,468;41,14
1044,672;41,21
1044,876;41,5
1045,079;42,68
1045,283;42,01
1045,487;42,55
1045,69;43,68
1045,894;43,95
1046,097;42,96
1046,301;42,97
1046,504;41,41
1046,708;40,79
1046,911;40,63
1047,115;40,05
1047,318;40,34
1047,522;40,63
1047,725;40,59
1047,928;41,72
1048,132;42,26
1048,335;43,24
1048,538;42,87
1048,741;43,05
1048,945;42,47
1049,148;42,83
1049,351;44,65
1049,554;45,98
1049,757;45,79
1049,96;45,1
1050,163;44,65
1050,367;43,86
1050,57;44,56
1050,773;45,09
1050,976;46,42
1051,179;46,14
1051,382;46,82
1051,585;45,69
1051,787;45,82
1051,99;45,5
1052,193;44,36
1052,396;41,62
1052,599;40,04
1052,802;41,58
1053,005;40,48
1053,207;41,33
1053,41;40,52
1053,613;39,02
1053,815;37,49
1054,018;37,57
1054,221;37,87
1054,423;38,85
1054,626;40,17
1054,829;39,68
1055,031;40,34
1055,234;39,13
1055,436;38,47
1055,639;37,38
1055,841;39,04
1056,044;40,08
1056,246;39,65
