Data from ombraBrucWhite_Reflection__0__64.txt Node;
"Date: Thu Sep 11 17:26:38 CEST 2025 User: sycur";
186,01;-9797,66
186,281;8340,38
186,552;1573,9
186,822;1327,2
187,093;0
187,364;-1912
187,635;-1228,95
187,905;524,02
188,176;233,44
188,447;179,61
188,717;154,11
188,988;177,22
189,258;183,64
189,529;198,4
189,8;194,9
190,07;173,09
190,341;159,68
190,611;144,86
190,882;139,53
191,152;133,99
191,423;129,04
191,693;126,54
191,964;126,39
192,234;121,42
192,505;114,46
192,775;112,96
193,045;108,1
193,316;102,89
193,586;100,89
193,856;101,85
194,127;100,58
194,397;99,88
194,667;96,73
194,938;95,7
195,208;92,61
195,478;92,28
195,748;91,71
196,019;92,12
196,289;92,27
196,559;91,56
196,829;91,94
197,099;90,82
197,37;89,19
197,64;87,38
197,91;86,42
198,18;86,4
198,45;84,72
198,72;84,5
198,99;83,71
199,26;83,62
199,53;83,37
199,8;83,16
200,07;82,33
200,34;82,24
200,61;81,55
200,88;81,61
201,15;81,09
201,42;80,79
201,69;79,78
201,96;79,65
202,23;79,31
202,499;77,59
202,769;77,66
203,039;77,18
203,309;76,3
203,579;75,8
203,849;75,31
204,118;74,41
204,388;73,3
204,658;72,36
204,927;72
205,197;71,23
205,467;70,21
205,736;69,95
206,006;69,17
206,276;68,35
206,545;67
206,815;66,82
207,085;66,2
207,354;65,78
207,624;65,26
207,893;64,26
208,163;64,27
208,432;63,55
208,702;63,24
208,971;62,61
209,241;62,1
209,51;61,57
209,78;61,55
210,049;61,35
210,318;61,28
210,588;60,97
210,857;60,37
211,127;60,49
211,396;60,01
211,665;59,76
211,935;59,77
212,204;60,22
212,473;59,6
212,742;59,42
213,012;59,42
213,281;59,17
213,55;59,21
213,819;58,81
214,088;58,63
214,358;58,32
214,627;58,49
214,896;58,51
215,165;58,25
215,434;57,87
215,703;57,93
215,972;57,92
216,241;57,67
216,51;57,84
216,779;57,64
217,048;57,78
217,317;57,88
217,586;57,84
217,855;57,61
218,124;58,02
218,393;58,19
218,662;57,99
218,931;57,98
219,2;57,95
219,469;58,11
219,738;58,29
220,006;58,53
220,275;58,61
220,544;58,74
220,813;59,03
221,082;59,17
221,35;59,27
221,619;59,36
221,888;59,63
222,157;59,8
222,425;59,95
222,694;59,92
222,963;60,07
223,231;60,15
223,5;60,27
223,769;60,21
224,037;60,32
224,306;60,49
224,574;60,56
224,843;60,67
225,111;60,86
225,38;60,86
225,648;60,94
225,917;60,96
226,185;61,37
226,454;61,38
226,722;61,51
226,991;61,66
227,259;61,72
227,528;61,78
227,796;61,83
228,064;61,9
228,333;62,11
228,601;62,18
228,869;62,19
229,138;62,2
229,406;62,24
229,674;62,22
229,942;62,25
230,211;62,28
230,479;62,31
230,747;62,19
231,015;62,22
231,283;62,2
231,552;62,21
231,82;61,94
232,088;61,91
232,356;61,84
232,624;61,71
232,892;61,65
233,16;61,54
233,428;61,39
233,696;61,34
233,964;61,21
234,232;61,14
234,5;61,08
234,768;61,06
235,036;61
235,304;60,97
235,572;60,86
235,84;60,82
236,108;60,76
236,376;60,82
236,644;60,81
236,912;60,72
237,179;60,61
237,447;60,57
237,715;60,55
237,983;60,54
238,251;60,46
238,518;60,44
238,786;60,4
239,054;60,35
239,322;60,25
239,589;60,25
239,857;60,19
240,125;60,19
240,392;60,06
240,66;60,02
240,927;59,92
241,195;59,91
241,463;59,83
241,73;59,83
241,998;59,67
242,265;59,55
242,533;59,49
242,8;59,49
243,068;59,42
243,335;59,36
243,603;59,27
243,87;59,27
244,138;59,16
244,405;59,1
244,672;59,05
244,94;59,01
245,207;58,92
245,474;58,86
245,742;58,74
246,009;58,72
246,276;58,66
246,544;58,59
246,811;58,55
247,078;58,5
247,345;58,36
247,613;58,3
247,88;58,19
248,147;58,11
248,414;57,97
248,681;57,86
248,948;57,79
249,215;57,69
249,483;57,55
249,75;57,46
250,017;57,35
250,284;57,24
250,551;57,15
250,818;57,02
251,085;56,89
251,352;56,8
251,619;56,7
251,886;56,62
252,153;56,51
252,42;56,4
252,687;56,31
252,953;56,23
253,22;56,13
253,487;56,13
253,754;56,05
254,021;55,99
254,288;55,88
254,555;55,82
254,821;55,73
255,088;55,69
255,355;55,62
255,622;55,56
255,888;55,49
256,155;55,45
256,422;55,37
256,688;55,33
256,955;55,26
257,222;55,21
257,488;55,12
257,755;55,08
258,022;55
258,288;54,91
258,555;54,82
258,821;54,8
259,088;54,71
259,354;54,65
259,621;54,61
259,887;54,59
260,154;54,49
260,42;54,44
260,687;54,39
260,953;54,35
261,219;54,29
261,486;54,24
261,752;54,18
262,019;54,18
262,285;54,13
262,551;54,08
262,818;54,04
263,084;54
263,35;53,96
263,616;53,95
263,883;53,94
264,149;53,93
264,415;53,87
264,681;53,87
264,947;53,84
265,214;53,79
265,48;53,79
265,746;53,78
266,012;53,78
266,278;53,74
266,544;53,71
266,81;53,74
267,076;53,71
267,342;53,69
267,608;53,66
267,874;53,65
268,14;53,66
268,406;53,62
268,672;53,63
268,938;53,62
269,204;53,57
269,47;53,56
269,736;53,53
270,002;53,53
270,268;53,49
270,533;53,48
270,799;53,47
271,065;53,45
271,331;53,43
271,597;53,41
271,862;53,39
272,128;53,39
272,394;53,35
272,66;53,38
272,925;53,36
273,191;53,34
273,457;53,33
273,722;53,31
273,988;53,31
274,254;53,29
274,519;53,27
274,785;53,27
275,05;53,25
275,316;53,26
275,582;53,24
275,847;53,22
276,113;53,19
276,378;53,17
276,644;53,18
276,909;53,18
277,174;53,17
277,44;53,2
277,705;53,21
277,971;53,21
278,236;53,19
278,501;53,18
278,767;53,15
279,032;53,13
279,297;53,11
279,563;53,07
279,828;53,12
280,093;53,11
280,358;53,08
280,624;53,1
280,889;53,06
281,154;53,08
281,419;53,04
281,684;53
281,95;53,03
282,215;52,98
282,48;52,95
282,745;52,93
283,01;52,87
283,275;52,83
283,54;52,77
283,805;52,74
284,07;52,71
284,335;52,71
284,6;52,68
284,865;52,67
285,13;52,64
285,395;52,56
285,66;52,52
285,925;52,52
286,19;52,48
286,455;52,47
286,72;52,44
286,985;52,45
287,249;52,44
287,514;52,39
287,779;52,34
288,044;52,32
288,309;52,29
288,573;52,25
288,838;52,21
289,103;52,21
289,367;52,15
289,632;52,1
289,897;52,06
290,161;52,04
290,426;51,98
290,691;51,97
290,955;51,91
291,22;51,89
291,484;51,85
291,749;51,79
292,014;51,73
292,278;51,68
292,543;51,63
292,807;51,6
293,072;51,6
293,336;51,56
293,6;51,51
293,865;51,48
294,129;51,42
294,394;51,4
294,658;51,37
294,922;51,33
295,187;51,31
295,451;51,28
295,715;51,25
295,98;51,25
296,244;51,18
296,508;51,16
296,773;51,12
297,037;51,08
297,301;51,04
297,565;51,03
297,829;50,96
298,094;50,96
298,358;50,93
298,622;50,87
298,886;50,82
299,15;50,81
299,414;50,78
299,678;50,79
299,942;50,77
300,206;50,7
300,47;50,68
300,734;50,65
300,998;50,6
301,262;50,56
301,526;50,5
301,79;50,45
302,054;50,42
302,318;50,38
302,582;50,34
302,846;50,32
303,11;50,29
303,374;50,27
303,637;50,21
303,901;50,18
304,165;50,15
304,429;50,13
304,693;50,04
304,956;49,99
305,22;49,93
305,484;49,86
305,747;49,85
306,011;49,81
306,275;49,73
306,538;49,68
306,802;49,64
307,066;49,61
307,329;49,58
307,593;49,54
307,856;49,47
308,12;49,41
308,384;49,37
308,647;49,3
308,911;49,28
309,174;49,2
309,438;49,13
309,701;49,07
309,964;49,03
310,228;49
310,491;48,96
310,755;48,93
311,018;48,95
311,281;48,9
311,545;48,83
311,808;48,81
312,071;48,75
312,335;48,68
312,598;48,61
312,861;48,57
313,124;48,49
313,388;48,47
313,651;48,45
313,914;48,35
314,177;48,31
314,44;48,24
314,704;48,24
314,967;48,2
315,23;48,15
315,493;48,08
315,756;48,04
316,019;47,98
316,282;47,93
316,545;47,83
316,808;47,78
317,071;47,78
317,334;47,74
317,597;47,71
317,86;47,68
318,123;47,61
318,386;47,61
318,649;47,57
318,912;47,5
319,175;47,4
319,437;47,35
319,7;47,31
319,963;47,25
320,226;47,17
320,489;47,1
320,751;47,06
321,014;47,01
321,277;46,95
321,54;46,91
321,802;46,83
322,065;46,75
322,328;46,67
322,59;46,57
322,853;46,49
323,116;46,43
323,378;46,38
323,641;46,33
323,903;46,23
324,166;46,2
324,428;46,15
324,691;46,12
324,953;46,1
325,216;46,05
325,478;46,01
325,741;45,95
326,003;45,91
326,266;45,81
326,528;45,77
326,791;45,73
327,053;45,67
327,315;45,61
327,578;45,6
327,84;45,54
328,102;45,49
328,365;45,46
328,627;45,42
328,889;45,35
329,151;45,31
329,414;45,28
329,676;45,21
329,938;45,12
330,2;45,05
330,462;45
330,725;44,94
330,987;44,88
331,249;44,8
331,511;44,75
331,773;44,69
332,035;44,65
332,297;44,62
332,559;44,57
332,821;44,53
333,083;44,44
333,345;44,41
333,607;44,37
333,869;44,34
334,131;44,26
334,393;44,24
334,655;44,21
334,917;44,18
335,179;44,16
335,44;44,16
335,702;44,15
335,964;44,14
336,226;44,11
336,488;44,08
336,749;44,09
337,011;44,09
337,273;44,09
337,535;44,06
337,796;43,98
338,058;43,98
338,32;43,95
338,581;43,9
338,843;43,87
339,105;43,87
339,366;43,83
339,628;43,83
339,889;43,79
340,151;43,75
340,412;43,68
340,674;43,66
340,935;43,61
341,197;43,6
341,458;43,54
341,72;43,53
341,981;43,5
342,243;43,46
342,504;43,4
342,766;43,4
343,027;43,37
343,288;43,34
343,55;43,27
343,811;43,26
344,072;43,22
344,334;43,19
344,595;43,1
344,856;43,02
345,117;42,94
345,379;42,91
345,64;42,86
345,901;42,81
346,162;42,72
346,423;42,67
346,684;42,56
346,946;42,47
347,207;42,39
347,468;42,32
347,729;42,2
347,99;42,12
348,251;41,98
348,512;41,89
348,773;41,84
349,034;41,79
349,295;41,71
349,556;41,65
349,817;41,54
350,078;41,5
350,339;41,49
350,6;41,47
350,86;41,37
351,121;41,35
351,382;41,28
351,643;41,24
351,904;41,19
352,165;41,2
352,425;41,17
352,686;41,14
352,947;41,11
353,208;41,14
353,468;41,18
353,729;41,19
353,99;41,15
354,25;41,11
354,511;41,06
354,772;41,02
355,032;41,02
355,293;41,02
355,553;41,01
355,814;40,97
356,074;40,89
356,335;40,85
356,596;40,78
356,856;40,79
357,116;40,79
357,377;40,8
357,637;40,74
357,898;40,71
358,158;40,67
358,419;40,61
358,679;40,54
358,939;40,46
359,2;40,41
359,46;40,45
359,72;40,39
359,981;40,38
360,241;40,32
360,501;40,29
360,761;40,29
361,022;40,22
361,282;40,22
361,542;40,23
361,802;40,21
362,062;40,21
362,323;40,14
362,583;40,1
362,843;40,04
363,103;40,02
363,363;39,94
363,623;39,94
363,883;39,93
364,143;39,9
364,403;39,87
364,663;39,89
364,923;39,8
365,183;39,81
365,443;39,8
365,703;39,8
365,963;39,71
366,223;39,66
366,483;39,66
366,743;39,6
367,002;39,57
367,262;39,6
367,522;39,53
367,782;39,52
368,042;39,49
368,301;39,48
368,561;39,44
368,821;39,43
369,081;39,33
369,34;39,3
369,6;39,24
369,86;39,26
370,119;39,15
370,379;39,12
370,638;39,04
370,898;38,98
371,158;38,94
371,417;38,94
371,677;38,91
371,936;38,86
372,196;38,84
372,455;38,79
372,715;38,74
372,974;38,72
373,234;38,68
373,493;38,66
373,753;38,63
374,012;38,61
374,271;38,62
374,531;38,65
374,79;38,64
375,049;38,65
375,309;38,61
375,568;38,57
375,827;38,55
376,086;38,56
376,346;38,56
376,605;38,6
376,864;38,57
377,123;38,56
377,383;38,53
377,642;38,54
377,901;38,54
378,16;38,51
378,419;38,45
378,678;38,43
378,937;38,37
379,196;38,33
379,455;38,32
379,714;38,27
379,973;38,19
380,232;38,17
380,491;38,18
380,75;38,14
381,009;38,12
381,268;38,15
381,527;38,09
381,786;38,04
382,045;37,98
382,304;37,97
382,563;37,93
382,821;37,95
383,08;37,87
383,339;37,86
383,598;37,8
383,857;37,81
384,115;37,79
384,374;37,82
384,633;37,79
384,891;37,79
385,15;37,75
385,409;37,79
385,667;37,78
385,926;37,72
386,185;37,65
386,443;37,65
386,702;37,6
386,96;37,61
387,219;37,6
387,477;37,58
387,736;37,53
387,994;37,53
388,253;37,48
388,511;37,47
388,77;37,41
389,028;37,4
389,287;37,4
389,545;37,38
389,803;37,31
390,062;37,29
390,32;37,26
390,578;37,22
390,837;37,23
391,095;37,19
391,353;37,22
391,612;37,19
391,87;37,2
392,128;37,19
392,386;37,16
392,644;37,17
392,903;37,19
393,161;37,15
393,419;37,1
393,677;37,09
393,935;37,07
394,193;37,05
394,451;37,1
394,709;37,02
394,967;37,06
395,225;37,07
395,483;37,08
395,741;37,09
395,999;37,11
396,257;37,09
396,515;37,08
396,773;37,07
397,031;37,08
397,289;37,09
397,547;37,05
397,805;37,04
398,062;37,01
398,32;36,97
398,578;36,99
398,836;36,99
399,094;36,97
399,351;36,97
399,609;36,94
399,867;36,86
400,124;36,86
400,382;36,83
400,64;36,83
400,897;36,82
401,155;36,74
401,413;36,71
401,67;36,66
401,928;36,66
402,185;36,59
402,443;36,57
402,701;36,54
402,958;36,52
403,216;36,51
403,473;36,48
403,73;36,44
403,988;36,39
404,245;36,39
404,503;36,41
404,76;36,42
405,018;36,41
405,275;36,4
405,532;36,38
405,79;36,31
406,047;36,24
406,304;36,21
406,561;36,23
406,819;36,23
407,076;36,25
407,333;36,17
407,59;36,18
407,848;36,14
408,105;36,15
408,362;36,12
408,619;36,11
408,876;36,09
409,133;36,1
409,39;36,15
409,647;36,1
409,904;36,08
410,161;36,04
410,418;36,09
410,675;36,09
410,932;36,09
411,189;36,08
411,446;36,12
411,703;36,13
411,96;36,12
412,217;36,1
412,474;36,07
412,731;36,09
412,988;36,07
413,245;36,13
413,501;36,07
413,758;36,09
414,015;36,04
414,272;36,05
414,529;36,05
414,785;36,01
415,042;36
415,299;35,97
415,555;35,95
415,812;35,89
416,069;35,9
416,325;35,9
416,582;35,89
416,838;35,89
417,095;35,83
417,352;35,75
417,608;35,77
417,865;35,74
418,121;35,75
418,378;35,79
418,634;35,77
418,891;35,8
419,147;35,83
419,403;35,88
419,66;35,92
419,916;35,94
420,173;35,95
420,429;36
420,685;36,04
420,942;36,11
421,198;36,13
421,454;36,17
421,711;36,2
421,967;36,22
422,223;36,19
422,479;36,29
422,735;36,35
422,992;36,32
423,248;36,34
423,504;36,36
423,76;36,36
424,016;36,38
424,272;36,38
424,528;36,32
424,784;36,32
425,041;36,27
425,297;36,23
425,553;36,24
425,809;36,28
426,065;36,25
426,32;36,21
426,576;36,23
426,832;36,19
427,088;36,19
427,344;36,22
427,6;36,26
427,856;36,19
428,112;36,22
428,368;36,28
428,623;36,28
428,879;36,26
429,135;36,23
429,391;36,19
429,646;36,18
429,902;36,17
430,158;36,17
430,414;36,19
430,669;36,22
430,925;36,25
431,181;36,24
431,436;36,27
431,692;36,3
431,947;36,29
432,203;36,31
432,458;36,31
432,714;36,29
432,97;36,3
433,225;36,29
433,481;36,27
433,736;36,27
433,991;36,26
434,247;36,24
434,502;36,24
434,758;36,29
435,013;36,32
435,268;36,37
435,524;36,38
435,779;36,41
436,034;36,4
436,29;36,39
436,545;36,39
436,8;36,41
437,056;36,35
437,311;36,37
437,566;36,36
437,821;36,39
438,076;36,39
438,331;36,42
438,587;36,45
438,842;36,46
439,097;36,5
439,352;36,55
439,607;36,63
439,862;36,7
440,117;36,76
440,372;36,79
440,627;36,81
440,882;36,87
441,137;36,9
441,392;36,94
441,647;36,94
441,902;36,98
442,157;36,97
442,412;37,07
442,667;37,09
442,921;37,15
443,176;37,15
443,431;37,21
443,686;37,21
443,941;37,23
444,195;37,28
444,45;37,33
444,705;37,33
444,96;37,35
445,214;37,31
445,469;37,31
445,724;37,31
445,978;37,29
446,233;37,26
446,487;37,26
446,742;37,26
446,997;37,31
447,251;37,29
447,506;37,33
447,76;37,31
448,015;37,31
448,269;37,29
448,524;37,29
448,778;37,3
449,033;37,31
449,287;37,32
449,541;37,33
449,796;37,29
450,05;37,24
450,305;37,19
450,559;37,2
450,813;37,17
451,067;37,16
451,322;37,17
451,576;37,19
451,83;37,19
452,084;37,19
452,339;37,13
452,593;37,09
452,847;37,04
453,101;37,03
453,355;37,04
453,609;37,05
453,864;37,03
454,118;36,99
454,372;37
454,626;37,05
454,88;37,03
455,134;37,03
455,388;37,08
455,642;37,13
455,896;37,15
456,15;37,16
456,404;37,24
456,658;37,26
456,912;37,26
457,165;37,3
457,419;37,32
457,673;37,35
457,927;37,41
458,181;37,47
458,435;37,5
458,688;37,53
458,942;37,55
459,196;37,57
459,45;37,6
459,703;37,63
459,957;37,59
460,211;37,6
460,464;37,6
460,718;37,62
460,972;37,67
461,225;37,67
461,479;37,69
461,732;37,71
461,986;37,76
462,239;37,77
462,493;37,81
462,746;37,92
463;37,96
463,253;38,02
463,507;38,03
463,76;38,05
464,014;38,08
464,267;38,13
464,52;38,19
464,774;38,26
465,027;38,28
465,28;38,34
465,534;38,37
465,787;38,42
466,04;38,46
466,294;38,47
466,547;38,49
466,8;38,56
467,053;38,5
467,306;38,52
467,56;38,53
467,813;38,53
468,066;38,49
468,319;38,51
468,572;38,48
468,825;38,55
469,078;38,58
469,331;38,66
469,584;38,63
469,837;38,66
470,09;38,68
470,343;38,73
470,596;38,78
470,849;38,85
471,102;38,9
471,355;38,94
471,608;38,99
471,861;39,1
472,114;39,12
472,367;39,17
472,619;39,22
472,872;39,31
473,125;39,37
473,378;39,42
473,631;39,49
473,883;39,59
474,136;39,63
474,389;39,68
474,641;39,68
474,894;39,75
475,147;39,79
475,399;39,84
475,652;39,89
475,905;39,92
476,157;39,95
476,41;40
476,662;40,06
476,915;40,12
477,167;40,13
477,42;40,2
477,672;40,26
477,925;40,32
478,177;40,37
478,43;40,44
478,682;40,49
478,934;40,56
479,187;40,59
479,439;40,63
479,691;40,68
479,944;40,79
480,196;40,85
480,448;40,88
480,701;40,93
480,953;40,98
481,205;41,05
481,457;41,11
481,709;41,16
481,962;41,23
482,214;41,32
482,466;41,41
482,718;41,52
482,97;41,68
483,222;41,82
483,474;41,98
483,726;42,1
483,978;42,2
484,23;42,28
484,482;42,36
484,734;42,41
484,986;42,46
485,238;42,46
485,49;42,52
485,742;42,55
485,994;42,61
486,246;42,63
486,498;42,66
486,75;42,69
487,001;42,71
487,253;42,72
487,505;42,73
487,757;42,73
488,009;42,72
488,26;42,68
488,512;42,62
488,764;42,54
489,015;42,47
489,267;42,4
489,519;42,35
489,77;42,32
490,022;42,36
490,274;42,32
490,525;42,34
490,777;42,32
491,028;42,34
491,28;42,34
491,531;42,32
491,783;42,33
492,034;42,36
492,286;42,35
492,537;42,36
492,789;42,34
493,04;42,34
493,291;42,34
493,543;42,37
493,794;42,41
494,045;42,46
494,297;42,49
494,548;42,53
494,799;42,54
495,051;42,57
495,302;42,55
495,553;42,6
495,804;42,61
496,056;42,65
496,307;42,66
496,558;42,68
496,809;42,72
497,06;42,76
497,311;42,77
497,562;42,82
497,813;42,87
498,064;42,93
498,316;42,96
498,567;43
498,818;43,02
499,069;43,04
499,319;43,04
499,57;43,05
499,821;43,07
500,072;43,11
500,323;43,15
500,574;43,18
500,825;43,19
501,076;43,23
501,327;43,26
501,577;43,3
501,828;43,32
502,079;43,35
502,33;43,35
502,58;43,36
502,831;43,37
503,082;43,37
503,333;43,38
503,583;43,42
503,834;43,44
504,084;43,47
504,335;43,49
504,586;43,5
504,836;43,52
505,087;43,53
505,337;43,52
505,588;43,52
505,838;43,54
506,089;43,59
506,339;43,63
506,59;43,64
506,84;43,64
507,091;43,67
507,341;43,67
507,591;43,71
507,842;43,71
508,092;43,75
508,343;43,76
508,593;43,79
508,843;43,8
509,093;43,84
509,344;43,81
509,594;43,84
509,844;43,86
510,094;43,89
510,345;43,9
510,595;43,94
510,845;43,97
511,095;43,98
511,345;43,97
511,595;43,97
511,845;43,98
512,095;44,01
512,345;44,02
512,595;44,06
512,845;44,07
513,095;44,14
513,345;44,13
513,595;44,15
513,845;44,15
514,095;44,17
514,345;44,16
514,595;44,22
514,845;44,23
515,095;44,27
515,345;44,25
515,594;44,31
515,844;44,34
516,094;44,36
516,344;44,39
516,593;44,4
516,843;44,39
517,093;44,42
517,343;44,43
517,592;44,45
517,842;44,47
518,092;44,49
518,341;44,48
518,591;44,53
518,84;44,57
519,09;44,61
519,34;44,65
519,589;44,7
519,839;44,69
520,088;44,74
520,338;44,75
520,587;44,8
520,836;44,79
521,086;44,8
521,335;44,82
521,585;44,84
521,834;44,88
522,083;44,92
522,333;44,94
522,582;44,99
522,831;45,03
523,081;45,07
523,33;45,09
523,579;45,12
523,828;45,14
524,078;45,15
524,327;45,15
524,576;45,18
524,825;45,22
525,074;45,26
525,323;45,26
525,573;45,29
525,822;45,31
526,071;45,35
526,32;45,38
526,569;45,42
526,818;45,45
527,067;45,5
527,316;45,53
527,565;45,56
527,814;45,56
528,063;45,58
528,312;45,59
528,56;45,64
528,809;45,67
529,058;45,7
529,307;45,73
529,556;45,79
529,805;45,81
530,053;45,82
530,302;45,87
530,551;45,92
530,8;45,95
531,048;45,99
531,297;46,02
531,546;46,07
531,794;46,12
532,043;46,17
532,292;46,19
532,54;46,21
532,789;46,25
533,037;46,3
533,286;46,33
533,535;46,38
533,783;46,4
534,032;46,45
534,28;46,48
534,528;46,52
534,777;46,57
535,025;46,61
535,274;46,65
535,522;46,66
535,771;46,69
536,019;46,73
536,267;46,75
536,516;46,81
536,764;46,85
537,012;46,89
537,26;46,88
537,509;46,92
537,757;46,95
538,005;47,01
538,253;47,05
538,501;47,09
538,75;47,1
538,998;47,17
539,246;47,22
539,494;47,27
539,742;47,31
539,99;47,33
540,238;47,36
540,486;47,4
540,734;47,44
540,982;47,49
541,23;47,54
541,478;47,58
541,726;47,6
541,974;47,64
542,222;47,67
542,47;47,76
542,718;47,81
542,966;47,86
543,213;47,87
543,461;47,92
543,709;47,95
543,957;48
544,205;48,03
544,452;48,06
544,7;48,08
544,948;48,12
545,196;48,16
545,443;48,2
545,691;48,22
545,939;48,28
546,186;48,31
546,434;48,34
546,681;48,37
546,929;48,41
547,176;48,43
547,424;48,48
547,671;48,5
547,919;48,54
548,166;48,58
548,414;48,65
548,661;48,68
548,909;48,73
549,156;48,79
549,404;48,84
549,651;48,89
549,898;48,94
550,146;49
550,393;49,05
550,64;49,12
550,888;49,19
551,135;49,24
551,382;49,29
551,629;49,36
551,876;49,44
552,124;49,49
552,371;49,57
552,618;49,61
552,865;49,67
553,112;49,74
553,359;49,78
553,606;49,83
553,854;49,87
554,101;49,92
554,348;49,97
554,595;50
554,842;50,03
555,089;50,06
555,336;50,12
555,582;50,17
555,829;50,21
556,076;50,27
556,323;50,31
556,57;50,37
556,817;50,4
557,064;50,43
557,311;50,48
557,557;50,51
557,804;50,55
558,051;50,6
558,298;50,65
558,544;50,69
558,791;50,74
559,038;50,78
559,284;50,84
559,531;50,88
559,778;50,93
560,024;51
560,271;51,06
560,517;51,11
560,764;51,15
561,011;51,2
561,257;51,24
561,504;51,3
561,75;51,34
561,997;51,4
562,243;51,47
562,489;51,54
562,736;51,59
562,982;51,65
563,229;51,69
563,475;51,73
563,721;51,79
563,968;51,85
564,214;51,93
564,46;51,99
564,707;52,06
564,953;52,12
565,199;52,17
565,445;52,24
565,691;52,31
565,938;52,37
566,184;52,43
566,43;52,51
566,676;52,59
566,922;52,66
567,168;52,73
567,414;52,8
567,66;52,89
567,906;52,95
568,152;53,02
568,398;53,12
568,644;53,23
568,89;53,29
569,136;53,38
569,382;53,44
569,628;53,5
569,874;53,58
570,12;53,68
570,366;53,76
570,612;53,83
570,857;53,9
571,103;53,98
571,349;54,06
571,595;54,12
571,84;54,19
572,086;54,26
572,332;54,34
572,578;54,42
572,823;54,48
573,069;54,57
573,315;54,64
573,56;54,7
573,806;54,75
574,051;54,84
574,297;54,9
574,542;54,98
574,788;55,06
575,034;55,13
575,279;55,18
575,524;55,26
575,77;55,32
576,015;55,4
576,261;55,47
576,506;55,53
576,752;55,58
576,997;55,65
577,242;55,7
577,488;55,74
577,733;55,77
577,978;55,83
578,223;55,87
578,469;55,94
578,714;56,01
578,959;56,08
579,204;56,12
579,45;56,19
579,695;56,25
579,94;56,32
580,185;56,37
580,43;56,42
580,675;56,46
580,92;56,51
581,165;56,54
581,41;56,59
581,655;56,63
581,9;56,68
582,145;56,71
582,39;56,77
582,635;56,84
582,88;56,89
583,125;56,93
583,37;56,99
583,615;57,01
583,86;57,05
584,105;57,08
584,349;57,14
584,594;57,15
584,839;57,18
585,084;57,2
585,328;57,23
585,573;57,27
585,818;57,31
586,063;57,33
586,307;57,37
586,552;57,39
586,797;57,42
587,041;57,46
587,286;57,48
587,53;57,49
587,775;57,5
588,019;57,54
588,264;57,57
588,508;57,59
588,753;57,61
588,997;57,65
589,242;57,69
589,486;57,71
589,731;57,77
589,975;57,79
590,22;57,84
590,464;57,89
590,708;57,95
590,953;57,99
591,197;58,03
591,441;58,07
591,685;58,11
591,93;58,16
592,174;58,2
592,418;58,24
592,662;58,3
592,907;58,34
593,151;58,39
593,395;58,42
593,639;58,45
593,883;58,5
594,127;58,53
594,371;58,56
594,615;58,59
594,859;58,6
595,103;58,64
595,347;58,67
595,591;58,69
595,835;58,69
596,079;58,72
596,323;58,76
596,567;58,79
596,811;58,82
597,055;58,86
597,299;58,88
597,542;58,93
597,786;58,95
598,03;59
598,274;59,02
598,518;59,07
598,761;59,11
599,005;59,15
599,249;59,17
599,492;59,22
599,736;59,25
599,98;59,31
600,223;59,34
600,467;59,37
600,711;59,42
600,954;59,47
601,198;59,52
601,441;59,54
601,685;59,58
601,928;59,64
602,172;59,66
602,415;59,7
602,659;59,74
602,902;59,77
603,145;59,8
603,389;59,85
603,632;59,87
603,876;59,9
604,119;59,94
604,362;59,98
604,606;60
604,849;60,03
605,092;60,05
605,335;60,09
605,579;60,12
605,822;60,15
606,065;60,17
606,308;60,21
606,551;60,24
606,794;60,27
607,037;60,29
607,281;60,32
607,524;60,38
607,767;60,42
608,01;60,44
608,253;60,47
608,496;60,5
608,739;60,54
608,982;60,56
609,225;60,59
609,468;60,62
609,711;60,66
609,953;60,7
610,196;60,72
610,439;60,77
610,682;60,8
610,925;60,83
611,168;60,87
611,41;60,89
611,653;60,95
611,896;60,97
612,139;61,03
612,381;61,06
612,624;61,08
612,867;61,08
613,109;61,14
613,352;61,17
613,595;61,18
613,837;61,21
614,08;61,25
614,322;61,29
614,565;61,34
614,807;61,37
615,05;61,4
615,292;61,45
615,535;61,47
615,777;61,49
616,02;61,54
616,262;61,55
616,505;61,58
616,747;61,59
616,989;61,63
617,232;61,65
617,474;61,67
617,716;61,69
617,959;61,74
618,201;61,78
618,443;61,81
618,685;61,85
618,927;61,87
619,17;61,89
619,412;61,92
619,654;61,94
619,896;61,97
620,138;62
620,38;62,02
620,622;62,07
620,864;62,13
621,107;62,14
621,349;62,18
621,591;62,22
621,833;62,24
622,075;62,29
622,316;62,31
622,558;62,35
622,8;62,4
623,042;62,43
623,284;62,46
623,526;62,51
623,768;62,56
624,01;62,6
624,251;62,65
624,493;62,66
624,735;62,69
624,977;62,75
625,218;62,78
625,46;62,83
625,702;62,86
625,943;62,87
626,185;62,92
626,427;62,96
626,668;62,97
626,91;63,02
627,152;63,05
627,393;63,07
627,635;63,1
627,876;63,11
628,118;63,15
628,359;63,19
628,601;63,19
628,842;63,22
629,084;63,23
629,325;63,23
629,566;63,27
629,808;63,29
630,049;63,29
630,29;63,3
630,532;63,29
630,773;63,3
631,014;63,34
631,256;63,33
631,497;63,36
631,738;63,41
631,979;63,43
632,22;63,44
632,462;63,44
632,703;63,45
632,944;63,49
633,185;63,5
633,426;63,53
633,667;63,58
633,908;63,57
634,149;63,61
634,39;63,64
634,631;63,66
634,872;63,71
635,113;63,73
635,354;63,78
635,595;63,81
635,836;63,84
636,077;63,84
636,318;63,89
636,559;63,91
636,8;63,94
637,04;63,94
637,281;63,96
637,522;63,98
637,763;64,02
638,003;64,03
638,244;64,05
638,485;64,06
638,726;64,06
638,966;64,08
639,207;64,1
639,448;64,14
639,688;64,18
639,929;64,19
640,169;64,23
640,41;64,24
640,65;64,25
640,891;64,27
641,131;64,29
641,372;64,3
641,612;64,3
641,853;64,3
642,093;64,35
642,334;64,38
642,574;64,42
642,814;64,45
643,055;64,47
643,295;64,49
643,535;64,51
643,776;64,54
644,016;64,57
644,256;64,6
644,496;64,61
644,737;64,63
644,977;64,67
645,217;64,69
645,457;64,72
645,697;64,76
645,938;64,79
646,178;64,84
646,418;64,89
646,658;64,94
646,898;64,99
647,138;65,01
647,378;65,05
647,618;65,06
647,858;65,09
648,098;65,14
648,338;65,17
648,578;65,19
648,818;65,21
649,057;65,26
649,297;65,31
649,537;65,35
649,777;65,37
650,017;65,39
650,257;65,42
650,496;65,44
650,736;65,46
650,976;65,48
661,028;66,1
661,267;66,09
661,506;66,11
661,744;66,12
661,983;66,15
662,222;66,19
662,461;66,22
662,7;66,26
662,939;66,29
663,177;66,34
663,416;66,38
663,655;66,4
663,894;66,47
664,132;66,54
664,371;66,59
664,61;66,64
664,848;66,67
665,087;66,73
665,326;66,78
665,564;66,85
665,803;66,9
666,041;66,97
666,28;67,01
666,518;67,06
666,757;67,11
666,995;67,14
667,234;67,17
667,472;67,18
667,711;67,22
667,949;67,25
668,187;67,29
668,426;67,32
668,664;67,39
668,902;67,4
669,141;67,43
669,379;67,45
669,617;67,48
669,856;67,5
670,094;67,55
670,332;67,58
670,57;67,6
670,808;67,62
671,046;67,65
671,285;67,7
671,523;67,71
671,761;67,75
671,999;67,79
672,237;67,84
672,475;67,91
672,713;67,94
672,951;67,99
673,189;68,01
673,427;68,06
673,665;68,06
673,903;68,09
674,141;68,1
674,379;68,15
674,617;68,15
674,854;68,18
675,092;68,2
675,33;68,23
675,568;68,26
675,806;68,33
676,043;68,34
676,281;68,39
676,519;68,42
676,756;68,43
676,994;68,47
677,232;68,47
677,469;68,5
677,707;68,55
677,945;68,58
678,182;68,62
678,42;68,65
678,657;68,72
678,895;68,75
679,132;68,79
679,37;68,79
679,607;68,86
679,845;68,88
680,082;68,9
680,32;68,91
680,557;68,94
680,794;68,92
681,032;68,95
681,269;68,93
681,507;68,99
681,744;69,03
681,981;69,06
682,218;69,1
682,456;69,13
682,693;69,13
682,93;69,15
683,167;69,18
683,404;69,21
683,642;69,2
683,879;69,24
684,116;69,29
684,353;69,35
684,59;69,36
684,827;69,42
685,064;69,46
685,301;69,49
685,538;69,5
685,775;69,55
686,012;69,57
686,249;69,61
686,486;69,62
686,723;69,63
686,96;69,64
687,197;69,65
687,433;69,65
687,67;69,67
687,907;69,69
688,144;69,7
688,381;69,71
688,617;69,73
688,854;69,76
689,091;69,74
689,327;69,78
689,564;69,81
689,801;69,8
690,037;69,8
690,274;69,82
690,511;69,86
690,747;69,86
690,984;69,9
691,22;69,95
691,457;69,96
691,693;70
691,93;70,02
692,166;70,04
692,403;70,1
692,639;70,12
692,876;70,14
693,112;70,17
693,348;70,22
693,585;70,28
693,821;70,28
694,057;70,36
694,294;70,37
694,53;70,39
694,766;70,42
695,002;70,46
695,239;70,5
695,475;70,54
695,711;70,59
695,947;70,58
696,183;70,6
696,419;70,64
696,656;70,66
696,892;70,68
697,128;70,73
697,364;70,73
697,6;70,78
697,836;70,81
698,072;70,85
698,308;70,85
698,544;70,87
698,78;70,91
699,016;70,89
699,251;70,91
699,487;70,96
699,723;71
699,959;71,02
700,195;71,05
700,431;71,07
700,666;71,06
700,902;71,1
701,138;71,14
701,374;71,18
701,609;71,2
701,845;71,23
702,081;71,24
702,316;71,3
702,552;71,29
702,788;71,32
703,023;71,33
703,259;71,39
703,494;71,4
703,73;71,42
703,965;71,48
704,201;71,5
704,436;71,49
704,672;71,51
704,907;71,54
705,143;71,57
705,378;71,57
705,613;71,6
705,849;71,64
706,084;71,66
706,319;71,69
706,555;71,73
706,79;71,77
707,025;71,83
707,26;71,84
707,496;71,91
707,731;71,94
707,966;72,01
708,201;72,02
708,436;72,05
708,671;72,06
708,907;72,06
709,142;72,09
709,377;72,11
709,612;72,15
709,847;72,16
710,082;72,19
710,317;72,23
710,552;72,29
710,787;72,29
711,022;72,29
711,257;72,29
711,492;72,32
711,726;72,34
711,961;72,34
712,196;72,39
712,431;72,37
712,666;72,4
712,901;72,36
713,135;72,38
713,37;72,42
713,605;72,45
713,839;72,47
714,074;72,47
714,309;72,48
714,543;72,48
714,778;72,51
715,013;72,5
715,247;72,55
715,482;72,54
715,716;72,58
715,951;72,62
716,185;72,68
716,42;72,7
716,654;72,72
716,889;72,76
717,123;72,76
717,358;72,77
717,592;72,79
717,827;72,82
718,061;72,84
718,295;72,84
718,53;72,87
718,764;72,89
718,998;72,93
719,232;72,98
719,467;73,01
719,701;73,02
719,935;73,04
720,169;73,04
720,403;73,06
720,638;73,09
720,872;73,09
721,106;73,07
721,34;73,1
721,574;73,12
721,808;73,11
722,042;73,13
722,276;73,17
722,51;73,2
722,744;73,23
722,978;73,25
723,212;73,28
723,446;73,32
723,68;73,37
723,914;73,4
724,147;73,44
724,381;73,47
724,615;73,51
724,849;73,58
725,083;73,61
725,316;73,65
725,55;73,68
725,784;73,75
726,018;73,82
726,251;73,83
726,485;73,86
726,719;73,94
726,952;73,96
727,186;74,02
727,419;74,08
727,653;74,15
727,887;74,2
728,12;74,26
728,354;74,27
728,587;74,29
728,821;74,34
729,054;74,36
729,287;74,41
729,521;74,47
729,754;74,48
729,988;74,53
730,221;74,53
730,454;74,58
730,688;74,6
730,921;74,61
731,154;74,62
731,387;74,67
731,621;74,71
731,854;74,77
732,087;74,78
732,32;74,79
732,553;74,79
732,787;74,81
733,02;74,81
733,253;74,86
733,486;74,9
733,719;74,92
733,952;74,98
734,185;75,02
734,418;75
734,651;75,04
734,884;75,08
735,117;75,13
735,35;75,16
735,583;75,19
735,816;75,24
736,049;75,29
736,281;75,33
736,514;75,32
736,747;75,33
736,98;75,34
737,213;75,36
737,445;75,41
737,678;75,45
737,911;75,49
738,144;75,48
738,376;75,52
738,609;75,5
738,842;75,51
739,074;75,49
739,307;75,51
739,539;75,52
739,772;75,52
740,004;75,54
740,237;75,55
740,469;75,54
740,702;75,55
740,934;75,57
741,167;75,59
741,399;75,65
741,632;75,7
741,864;75,73
742,096;75,77
742,329;75,77
742,561;75,78
742,793;75,81
743,026;75,83
743,258;75,84
743,49;75,91
743,723;75,91
743,955;75,95
744,187;75,97
744,419;76,01
744,651;76,02
744,883;76,06
745,115;76,12
745,348;76,16
745,58;76,21
745,812;76,23
746,044;76,25
746,276;76,25
746,508;76,22
746,74;76,24
746,972;76,24
747,204;76,26
747,436;76,28
747,667;76,31
747,899;76,34
748,131;76,36
748,363;76,37
748,595;76,38
748,827;76,4
749,058;76,46
749,29;76,49
749,522;76,53
749,754;76,52
749,985;76,51
750,217;76,53
750,449;76,54
750,68;76,56
750,912;76,6
751,144;76,63
751,375;76,65
751,607;76,67
751,838;76,75
752,07;76,78
752,301;76,81
752,533;76,81
752,764;76,85
752,996;76,87
753,227;76,91
753,459;76,93
753,69;76,99
753,921;77,03
754,153;77,05
754,384;77,09
754,615;77,14
754,847;77,19
755,078;77,25
755,309;77,3
755,54;77,29
755,772;77,3
756,003;77,32
756,234;77,38
756,465;77,44
756,696;77,45
756,927;77,47
757,159;77,49
757,39;77,54
757,621;77,56
757,852;77,59
758,083;77,6
758,314;77,69
758,545;77,7
758,776;77,7
759,007;77,7
759,238;77,71
759,469;77,7
759,699;77,7
759,93;77,7
760,161;77,7
760,392;77,72
760,623;77,73
760,854;77,79
761,084;77,82
761,315;77,85
761,546;77,85
761,776;77,9
762,007;77,95
762,238;77,94
762,468;77,97
762,699;78,01
762,93;78,04
763,16;78,02
763,391;78,05
763,621;78,07
763,852;78,12
764,083;78,14
764,313;78,17
764,543;78,19
764,774;78,18
765,004;78,19
765,235;78,26
765,465;78,29
765,696;78,3
765,926;78,32
766,156;78,34
766,387;78,38
766,617;78,41
766,847;78,43
767,077;78,51
767,308;78,52
767,538;78,58
767,768;78,64
767,998;78,69
768,228;78,71
768,459;78,76
768,689;78,78
768,919;78,83
769,149;78,89
769,379;78,9
769,609;78,95
769,839;78,98
770,069;78,99
770,299;79,01
770,529;79
770,759;79,03
770,989;79,04
771,219;79,03
771,449;79,05
771,678;79,04
771,908;79,05
772,138;79,09
772,368;79,05
772,598;79,04
772,827;79,03
773,057;79,06
773,287;79,06
773,517;79,08
773,746;79,1
773,976;79,11
774,206;79,12
774,435;79,16
774,665;79,17
774,894;79,19
775,124;79,21
775,354;79,22
775,583;79,21
775,813;79,24
776,042;79,28
776,272;79,27
776,501;79,31
776,73;79,29
776,96;79,34
777,189;79,4
777,419;79,4
777,648;79,43
777,877;79,42
778,107;79,45
778,336;79,49
778,565;79,47
778,794;79,49
779,024;79,51
779,253;79,52
779,482;79,57
779,711;79,61
779,94;79,64
780,17;79,68
780,399;79,73
780,628;79,79
780,857;79,85
781,086;79,89
781,315;79,92
781,544;80,02
781,773;80,03
782,002;80,08
782,231;80,13
782,46;80,19
782,689;80,24
782,918;80,28
783,147;80,32
783,375;80,37
783,604;80,41
783,833;80,45
784,062;80,48
784,291;80,51
784,519;80,51
784,748;80,53
784,977;80,56
785,206;80,56
785,434;80,56
785,663;80,53
785,892;80,58
786,12;80,59
786,349;80,58
786,577;80,59
786,806;80,57
787,034;80,58
787,263;80,58
787,492;80,58
787,72;80,59
787,948;80,6
788,177;80,66
788,405;80,65
788,634;80,68
788,862;80,71
789,09;80,72
789,319;80,73
789,547;80,77
789,775;80,79
790,004;80,83
790,232;80,84
790,46;80,86
790,688;80,84
790,917;80,9
791,145;80,92
791,373;80,99
791,601;81,06
791,829;81,08
792,057;81,14
792,286;81,19
792,514;81,23
792,742;81,23
792,97;81,2
793,198;81,22
793,426;81,25
793,654;81,27
793,882;81,3
794,109;81,35
794,337;81,35
794,565;81,37
794,793;81,39
795,021;81,42
795,249;81,49
795,477;81,52
795,704;81,49
795,932;81,47
796,16;81,4
796,388;81,42
796,615;81,43
796,843;81,38
797,071;81,37
797,298;81,37
797,526;81,39
797,754;81,44
797,981;81,46
798,209;81,43
798,436;81,43
798,664;81,47
798,891;81,46
799,119;81,44
799,346;81,46
799,574;81,46
799,801;81,44
800,029;81,37
800,256;81,35
800,483;81,4
800,711;81,47
800,938;81,51
801,165;81,5
801,393;81,51
801,62;81,52
801,847;81,53
802,074;81,51
802,302;81,54
802,529;81,53
802,756;81,56
802,983;81,62
803,21;81,64
803,437;81,6
803,665;81,66
803,892;81,69
804,119;81,7
804,346;81,74
804,573;81,81
804,8;81,92
805,027;81,96
805,254;81,96
805,481;81,93
805,708;81,97
805,934;82
806,161;82,05
806,388;82,09
806,615;82,12
806,842;82,18
807,069;82,19
807,295;82,23
807,522;82,29
807,749;82,31
807,976;82,3
808,202;82,38
808,429;82,38
808,656;82,43
808,882;82,5
809,109;82,52
809,335;82,52
809,562;82,52
809,789;82,57
810,015;82,61
810,242;82,7
810,468;82,69
810,695;82,68
810,921;82,69
811,147;82,73
811,374;82,77
811,6;82,78
811,827;82,79
812,053;82,79
812,279;82,8
812,506;82,83
812,732;82,86
812,958;82,89
813,185;82,91
813,411;82,89
813,637;82,84
813,863;82,84
814,089;82,89
814,315;82,88
814,542;82,87
814,768;82,86
814,994;82,81
815,22;82,82
815,446;82,85
815,672;82,88
815,898;82,93
816,124;82,95
816,35;82,97
816,576;82,99
816,802;83
817,028;83,02
817,254;83,05
817,48;83,09
817,705;83,05
817,931;83,03
818,157;83,1
818,383;83,13
818,609;83,16
818,834;83,15
819,06;83,21
819,286;83,2
819,512;83,2
819,737;83,23
819,963;83,28
820,189;83,28
820,414;83,34
820,64;83,32
820,865;83,31
821,091;83,31
821,316;83,29
821,542;83,33
821,767;83,29
821,993;83,32
822,218;83,33
822,444;83,41
822,669;83,43
822,895;83,43
823,12;83,39
823,345;83,41
823,571;83,42
823,796;83,43
824,021;83,46
824,247;83,48
824,472;83,49
824,697;83,51
824,922;83,55
825,147;83,54
825,373;83,58
825,598;83,6
825,823;83,61
826,048;83,65
826,273;83,69
826,498;83,73
826,723;83,68
826,948;83,7
827,173;83,68
827,398;83,7
827,623;83,69
827,848;83,73
828,073;83,71
828,298;83,72
828,523;83,73
828,748;83,72
828,973;83,76
829,197;83,82
829,422;83,77
829,647;83,78
829,872;83,72
830,097;83,69
830,321;83,75
830,546;83,75
830,771;83,77
830,995;83,72
831,22;83,74
831,445;83,73
831,669;83,73
831,894;83,75
832,118;83,75
832,343;83,8
832,567;83,82
832,792;83,92
833,016;83,94
833,241;83,94
833,465;83,97
833,69;83,99
833,914;83,94
834,139;84,02
834,363;84
834,587;84,09
834,812;84,13
835,036;84,12
835,26;84,11
835,485;84,1
835,709;84,16
835,933;84,15
836,157;84,21
836,381;84,24
836,606;84,3
836,83;84,32
837,054;84,3
837,278;84,26
837,502;84,26
837,726;84,25
837,95;84,25
838,174;84,26
838,398;84,23
838,622;84,24
838,846;84,22
839,07;84,24
839,294;84,23
839,518;84,23
839,742;84,22
839,966;84,32
840,189;84,37
840,413;84,37
840,637;84,4
840,861;84,41
841,085;84,37
841,308;84,38
841,532;84,42
841,756;84,43
841,979;84,47
842,203;84,53
842,427;84,48
842,65;84,48
842,874;84,53
843,098;84,55
843,321;84,6
843,545;84,68
843,768;84,67
843,992;84,64
844,215;84,59
844,439;84,64
844,662;84,57
844,886;84,59
845,109;84,6
845,332;84,6
845,556;84,68
845,779;84,74
846,002;84,76
846,226;84,71
846,449;84,8
846,672;84,82
846,895;84,75
847,119;84,78
847,342;84,81
847,565;84,81
847,788;84,88
848,011;84,89
848,234;84,87
848,457;84,85
848,681;84,84
848,904;84,96
849,127;84,94
849,35;84,96
849,573;84,99
849,796;84,99
850,019;85,01
850,241;85,04
850,464;85,08
850,687;85,11
850,91;85,16
851,133;85,11
851,356;85,17
851,579;85,19
851,801;85,26
852,024;85,28
852,247;85,24
852,47;85,28
852,692;85,28
852,915;85,34
853,138;85,4
853,36;85,47
853,583;85,39
853,806;85,41
854,028;85,51
854,251;85,45
854,473;85,5
854,696;85,54
854,918;85,45
855,141;85,41
855,363;85,38
855,586;85,39
855,808;85,38
856,031;85,33
856,253;85,31
856,475;85,27
856,698;85,33
856,92;85,42
857,142;85,35
857,365;85,34
857,587;85,32
857,809;85,3
858,031;85,28
858,253;85,36
858,476;85,33
858,698;85,32
858,92;85,39
859,142;85,36
859,364;85,3
859,586;85,36
859,808;85,4
860,03;85,46
860,252;85,43
860,474;85,45
860,696;85,52
860,918;85,55
861,14;85,62
861,362;85,61
861,584;85,61
861,806;85,62
862,028;85,68
862,25;85,65
862,471;85,68
862,693;85,66
862,915;85,62
863,137;85,65
863,358;85,66
863,58;85,67
863,802;85,68
864,024;85,7
864,245;85,72
864,467;85,7
864,688;85,72
864,91;85,73
865,132;85,76
865,353;85,78
865,575;85,8
865,796;85,77
866,018;85,75
866,239;85,7
866,461;85,77
866,682;85,76
866,903;85,75
867,125;85,79
867,346;85,86
867,567;85,86
867,789;85,85
868,01;85,84
868,231;85,83
868,453;85,83
868,674;85,92
868,895;85,88
869,116;85,86
869,337;85,83
869,559;85,89
869,78;85,89
870,001;85,86
870,222;85,84
870,443;85,84
870,664;85,89
870,885;85,92
871,106;85,93
871,327;85,93
871,548;85,93
871,769;85,87
871,99;85,82
872,211;85,85
872,432;85,9
872,653;85,81
872,874;85,8
873,094;85,84
873,315;85,71
873,536;85,68
873,757;85,74
873,978;85,74
874,198;85,66
874,419;85,68
874,64;85,7
874,86;85,74
875,081;85,77
875,302;85,73
875,522;85,7
875,743;85,62
875,963;85,61
876,184;85,57
876,404;85,57
876,625;85,63
876,845;85,7
877,066;85,71
877,286;85,78
877,507;85,83
877,727;85,86
877,947;85,86
878,168;85,96
878,388;85,95
878,609;85,95
878,829;86,01
879,049;85,98
879,269;85,99
879,49;85,99
879,71;85,96
879,93;85,93
880,15;85,99
880,37;86,05
880,59;86,05
880,811;86,14
881,031;86,18
881,251;86,14
881,471;86,08
881,691;86,09
881,911;86,11
882,131;86,16
882,351;86,18
882,571;86,21
882,791;86,22
883,011;86,25
883,23;86,22
883,45;86,15
883,67;86,25
883,89;86,27
884,11;86,19
884,33;86,25
884,549;86,31
884,769;86,29
884,989;86,27
885,209;86,26
885,428;86,28
885,648;86,24
885,868;86,32
886,087;86,37
886,307;86,38
886,526;86,4
886,746;86,33
886,965;86,2
887,185;86,29
887,404;86,28
887,624;86,17
887,843;86,17
888,063;86,21
888,282;86,12
888,502;86,14
888,721;86,24
888,94;86,24
889,16;86,29
889,379;86,33
889,598;86,4
889,818;86,51
890,037;86,46
890,256;86,54
890,475;86,57
890,694;86,66
890,914;86,69
891,133;86,78
891,352;86,86
891,571;87,05
891,79;87,14
892,009;87,14
892,228;87,25
892,447;87,35
892,666;87,42
892,885;87,51
893,104;87,51
893,323;87,58
893,542;87,64
893,761;87,64
893,98;87,72
894,199;87,69
894,417;87,7
894,636;87,79
894,855;87,87
895,074;87,88
895,293;87,82
895,511;87,83
895,73;87,81
895,949;87,72
896,167;87,64
896,386;87,66
896,605;87,64
896,823;87,76
897,042;87,74
897,26;87,74
897,479;87,75
897,697;87,68
897,916;87,77
898,134;87,71
898,353;87,8
898,571;87,68
898,79;87,75
899,008;87,78
899,227;87,78
899,445;87,76
899,663;87,77
899,882;87,84
900,1;87,89
900,318;87,85
900,536;87,95
900,755;88,05
900,973;87,97
901,191;88,12
901,409;88,2
901,627;88,18
901,846;88,25
902,064;88,23
902,282;88,34
902,5;88,17
902,718;88,23
902,936;88,1
903,154;88,22
903,372;88,18
903,59;88,12
903,808;88,17
904,026;88,26
904,244;88,21
904,462;88,15
904,679;88,09
904,897;88,17
905,115;88,21
905,333;88,11
905,551;88,13
905,768;88,06
905,986;87,97
906,204;88,07
906,422;88,08
906,639;88,04
906,857;88,08
907,074;88,15
907,292;88,17
907,51;88,17
907,727;88,16
907,945;88,21
908,162;88,23
908,38;88,22
908,597;88,2
908,815;88,26
909,032;88,36
909,25;88,38
909,467;88,38
909,684;88,36
909,902;88,46
910,119;88,49
910,337;88,49
910,554;88,46
910,771;88,42
910,988;88,45
911,206;88,48
911,423;88,45
911,64;88,56
911,857;88,52
912,074;88,57
912,291;88,6
912,509;88,62
912,726;88,63
912,943;88,6
913,16;88,6
913,377;88,64
913,594;88,58
913,811;88,59
914,028;88,54
914,245;88,58
914,462;88,65
914,679;88,64
914,896;88,68
915,112;88,73
915,329;88,78
915,546;88,74
915,763;88,8
915,98;88,8
916,196;88,81
916,413;88,91
916,63;88,86
916,847;88,86
917,063;88,94
917,28;88,96
917,497;88,88
917,713;88,94
917,93;88,99
918,146;89,05
918,363;89,18
918,579;89,23
918,796;89,24
919,012;89,1
919,229;89,14
919,445;89,16
919,662;89,18
919,878;89,1
920,095;89,05
920,311;89,11
920,527;89,03
920,744;88,95
920,96;88,91
921,176;88,97
921,392;88,97
921,609;89,03
921,825;89,06
922,041;89,21
922,257;89,12
922,473;89,15
922,69;89,2
922,906;89,24
923,122;89,36
923,338;89,34
923,554;89,38
923,77;89,48
923,986;89,5
924,202;89,59
924,418;89,8
924,634;90,03
924,85;90,04
925,066;90,21
925,282;90,21
925,497;90,33
925,713;90,39
925,929;90,54
926,145;90,45
926,361;90,46
926,576;90,53
926,792;90,48
927,008;90,59
927,224;90,56
927,439;90,5
927,655;90,46
927,871;90,48
928,086;90,62
928,302;90,53
928,517;90,57
928,733;90,57
928,948;90,52
929,164;90,54
929,379;90,54
929,595;90,6
929,81;90,7
930,026;90,68
930,241;90,74
930,456;90,67
930,672;90,71
930,887;90,76
931,102;90,74
931,318;90,92
931,533;90,88
931,748;91,01
931,964;91,03
932,179;91
932,394;90,96
932,609;90,96
932,824;90,92
933,039;90,91
933,255;90,8
933,47;90,9
933,685;90,82
933,9;90,88
934,115;90,89
934,33;90,86
934,545;90,87
934,76;90,82
934,975;90,73
935,19;90,68
935,404;90,66
935,619;90,72
935,834;90,7
936,049;90,59
936,264;90,41
936,479;90,39
936,693;90,38
936,908;90,49
937,123;90,31
937,338;90,47
937,552;90,47
937,767;90,64
937,982;90,57
938,196;90,7
938,411;90,74
938,625;90,75
938,84;90,69
939,055;90,63
939,269;90,53
939,484;90,76
939,698;90,94
939,912;91,12
940,127;91,14
940,341;91,34
940,556;91,19
940,77;91,59
940,984;91,89
941,199;92,3
941,413;92,12
941,627;92,44
941,842;92,68
942,056;93,21
942,27;93,44
942,484;93,63
942,699;93,45
942,913;93,3
943,127;93,13
943,341;94,07
943,555;94,53
943,769;94,96
943,983;95,07
944,197;95,38
944,411;95,82
944,625;95,93
944,839;95,57
945,053;96,49
945,267;96,86
945,481;96,86
945,695;97,06
945,909;97,19
946,123;97,3
946,336;97,27
946,55;96,61
946,764;96,23
946,978;96,02
947,192;96,25
947,405;96,32
947,619;96,55
947,833;96,09
948,046;95,8
948,26;95,55
948,474;96,07
948,687;96,4
948,901;96,02
949,114;95,82
949,328;95,92
949,541;95,13
949,755;94,68
949,968;94,61
950,182;94,23
950,395;94,43
950,609;94,37
950,822;94,15
951,035;94,41
951,249;94,57
951,462;94,76
951,675;94,94
951,889;95,01
952,102;94,87
952,315;94,76
952,528;94,91
952,741;95,27
952,955;95,4
953,168;95,16
953,381;95,18
953,594;95,51
953,807;95,62
954,02;96,47
954,233;96,57
954,446;96,35
954,659;96,31
954,872;96,55
955,085;96,41
955,298;96,27
955,511;96,27
955,724;96,36
955,937;96,18
956,15;96,3
956,362;96,46
956,575;96,57
956,788;96,35
957,001;96,15
957,214;96,37
957,426;95,88
957,639;95,61
957,852;95,57
958,064;95,37
958,277;95,01
958,49;94,58
958,702;94,54
958,915;94,69
959,127;94,74
959,34;94,89
959,552;94,8
959,765;94,95
959,977;95,21
960,19;95,07
960,402;94,94
960,615;94,54
960,827;94,45
961,039;94,25
961,252;94,68
961,464;94,58
961,676;94,23
961,889;94,54
962,101;94,77
962,313;94,81
962,525;94,61
962,738;94,7
962,95;94,76
963,162;94,83
963,374;94,97
963,586;95,11
963,798;95,04
964,01;95,41
964,222;95,46
964,434;95,3
964,646;95,38
964,858;95,6
965,07;95,58
965,282;95,45
965,494;95,46
965,706;95,43
965,918;95,76
966,13;96,1
966,342;95,81
966,553;96,03
966,765;96,13
966,977;96,59
967,189;97,16
967,401;97,31
967,612;97,37
967,824;97,31
968,036;97,15
968,247;97,2
968,459;97,01
968,67;97,26
968,882;96,97
969,094;97,29
969,305;97,43
969,517;97,77
969,728;97,8
969,94;97,95
970,151;97,77
970,362;97,91
970,574;98,02
970,785;98,26
970,997;98,01
971,208;97,5
971,419;97,21
971,631;96,8
971,842;97,21
972,053;97,23
972,264;97,51
972,476;97,81
972,687;97,66
972,898;97,58
973,109;97,8
973,32;98,28
973,531;98,15
973,742;97,91
973,954;97,66
974,165;97,99
974,376;97,9
974,587;98,37
974,798;98,39
975,009;98,17
975,22;98,2
975,43;98,81
975,641;99,29
975,852;99,65
976,063;99,95
976,274;99,46
976,485;99,13
976,695;98,75
976,906;98,71
977,117;98,81
977,328;99,03
977,538;98,79
977,749;98,54
977,96;98,59
978,17;98,79
978,381;98,94
978,592;99,09
978,802;99,42
979,013;98,89
979,223;98,8
979,434;98,73
979,644;98,77
979,855;98,67
980,065;98,71
980,276;98,7
980,486;98,66
980,696;98,9
980,907;99,08
981,117;99,56
981,327;99,89
981,538;99,96
981,748;100,11
981,958;100,19
982,169;100,58
982,379;100,33
982,589;100,38
982,799;100,51
983,009;100,82
983,219;100,52
983,43;101,35
983,64;101,51
983,85;101,88
984,06;101,96
984,27;101,55
984,48;101,54
984,69;101,53
984,9;101,59
985,11;101,49
985,32;101,46
985,529;101,3
985,739;100,8
985,949;100,87
986,159;101,12
986,369;101,13
986,579;101,34
986,788;102,1
986,998;102,23
987,208;101,89
987,417;101,25
987,627;101,95
987,837;101,5
988,046;101,42
988,256;101,46
988,466;101,27
988,675;101,39
988,885;101,46
989,094;101,62
989,304;101,57
989,513;101,46
989,723;102,15
989,932;102,21
990,142;102,69
990,351;103,03
990,56;103,37
990,77;103,51
990,979;103,38
991,188;102,94
991,398;103,14
991,607;103,84
991,816;104,69
992,025;104,71
992,235;105,2
992,444;105,74
992,653;105,75
992,862;105,84
993,071;105,73
993,28;105,76
993,489;105,78
993,698;105,99
993,908;106,49
994,117;106,54
994,326;106,95
994,534;106,71
994,743;106,48
994,952;105,67
995,161;105,45
995,37;107,95
995,579;108,69
995,788;108,6
995,997;108,24
996,205;107,53
996,414;107,6
996,623;107,07
996,832;106,62
997,04;106,56
997,249;107,01
997,458;107,42
997,666;108,26
997,875;108,92
998,084;108,93
998,292;108,98
998,501;109,25
998,709;108,8
998,918;109
999,126;108,81
999,335;109,68
999,543;110,12
999,752;107,25
999,96;106,59
1000,169;107,16
1000,377;107,55
1000,585;108,78
1000,794;108,61
1001,002;109,23
1001,21;109,61
1001,418;109,62
1001,627;109,52
1001,835;110,52
1002,043;110,6
1002,251;110,18
1002,459;111,06
1002,668;111,01
1002,876;111,24
1003,084;111,82
1003,292;111,5
1003,5;112,18
1003,708;112,93
1003,916;113,14
1004,124;113,63
1004,332;114,36
1004,54;114,26
1004,748;114,23
1004,956;113,29
1005,163;112,98
1005,371;113,26
1005,579;113
1005,787;112,95
1005,995;113,09
1006,202;112,82
1006,41;112,27
1006,618;112,54
1006,826;112,48
1007,033;112,84
1007,241;113,09
1007,449;112,57
1007,656;113,63
1007,864;112,81
1008,071;111,94
1008,279;111,85
1008,486;112,59
1008,694;111,98
1008,901;111,73
1009,109;112,11
1009,316;112,33
1009,524;113,36
1009,731;113,05
1009,938;113,25
1010,146;113,43
1010,353;114,1
1010,56;113,19
1010,768;114,03
1010,975;114,19
1011,182;113,38
1011,389;112,58
1011,597;111,53
1011,804;112,2
1012,011;112,55
1012,218;114,46
1012,425;114,76
1012,632;115,39
1012,839;114,57
1013,046;115,18
1013,253;115,18
1013,46;115,29
1013,667;115,77
1013,874;114,79
1014,081;114,25
1014,288;114,93
1014,495;116
1014,702;115,52
1014,909;116,73
1015,116;116,04
1015,323;117,14
1015,529;117,56
1015,736;118,79
1015,943;120,08
1016,15;120,79
1016,356;120,69
1016,563;119,48
1016,77;119,87
1016,976;119,42
1017,183;120,01
1017,389;120,34
1017,596;121,68
1017,803;121,68
1018,009;121,67
1018,216;122,92
1018,422;125,43
1018,629;125,63
1018,835;125,06
1019,041;124,64
1019,248;124,46
1019,454;124,63
1019,661;124,16
1019,867;124,09
1020,073;124,14
1020,279;123,08
1020,486;123,42
1020,692;122,75
1020,898;123,69
1021,104;122,87
1021,311;123,36
1021,517;122,46
1021,723;123,1
1021,929;122,58
1022,135;122,25
1022,341;123,49
1022,547;122,81
1022,753;121,61
1022,959;122,13
1023,165;122,47
1023,371;123,27
1023,577;122,26
1023,783;122,96
1023,989;120,73
1024,195;122,89
1024,401;125,13
1024,607;126,12
1024,812;125,25
1025,018;126,1
1025,224;125,99
1025,43;126,54
1025,635;127,11
1025,841;128,23
1026,047;127,69
1026,252;129,49
1026,458;130,43
1026,664;129,59
1026,869;130,49
1027,075;130,84
1027,28;130,95
1027,486;132
1027,691;133,43
1027,897;134,25
1028,102;133,47
1028,308;135,45
1028,513;135,23
1028,719;133,85
1028,924;134,53
1029,129;134,61
1029,335;135,54
1029,54;133,75
1029,745;134,42
1029,95;135,54
1030,156;135,1
1030,361;135,87
1030,566;134
1030,771;133,95
1030,976;134,29
1031,182;134,08
1031,387;133,15
1031,592;134,12
1031,797;134,42
1032,002;133,11
1032,207;133,96
1032,412;134,88
1032,617;135,59
1032,822;132,99
1033,027;133,42
1033,232;134,46
1033,437;136,19
1033,642;136,11
1033,846;138,06
1034,051;137
1034,256;134,71
1034,461;136,16
1034,666;135,57
1034,87;136,68
1035,075;137,52
1035,28;137,08
1035,484;139,47
1035,689;139,86
1035,894;137,69
1036,098;136,42
1036,303;137
1036,507;136,01
1036,712;137,68
1036,917;138,54
1037,121;138,53
1037,325;136,24
1037,53;135,46
1037,734;134,14
1037,939;133,42
1038,143;137,03
1038,348;139,98
1038,552;143,09
1038,756;142,55
1038,961;143,03
1039,165;141,79
1039,369;142,5
1039,573;143,12
1039,778;141,72
1039,982;142,96
1040,186;146,31
1040,39;149,92
1040,594;149,52
1040,798;150,14
1041,002;148,96
1041,206;148,62
1041,41;154,13
1041,614;155,69
1041,818;155,58
1042,022;155,97
1042,226;158,28
1042,43;156,55
1042,634;158,9
1042,838;158,82
1043,042;159,49
1043,246;160,08
1043,45;164,01
1043,653;163,34
1043,857;165,05
1044,061;165,89
1044,265;165,74
1044,468;164,1
1044,672;164,02
1044,876;170,1
1045,079;170,32
1045,283;170,96
1045,487;170,7
1045,69;169,17
1045,894;175,79
1046,097;176,77
1046,301;176,27
1046,504;174,68
1046,708;174,85
1046,911;170,61
1047,115;170,16
1047,318;171,59
1047,522;173,66
1047,725;169,8
1047,928;170,53
1048,132;171,08
1048,335;171,39
1048,538;171,87
1048,741;174,95
1048,945;172,82
1049,148;169,56
1049,351;170,73
1049,554;174,99
1049,757;177,3
1049,96;177,86
1050,163;173,83
1050,367;176,2
1050,57;180,8
1050,773;181,61
1050,976;184,2
1051,179;187,93
1051,382;187,33
1051,585;185,62
1051,787;183,63
1051,99;187,09
1052,193;191,95
1052,396;192,05
1052,599;192,65
1052,802;193,82
1053,005;193,9
1053,207;201,08
1053,41;196,98
1053,613;197,32
1053,815;193,96
1054,018;192,89
1054,221;196,17
1054,423;196,36
1054,626;193,83
1054,829;192,68
1055,031;195,57
1055,234;192,9
1055,436;190,05
1055,639;192,07
1055,841;194,58
1056,044;198,52
1056,246;198,11
