186,01;-11087,03
186,281;8790,19
186,552;1536,33
186,822;1223,82
187,093;0
187,364;-1771,46
187,635;-1197,76
187,905;484,67
188,176;192,48
188,447;142,28
188,717;117,67
188,988;141,27
189,258;141,57
189,529;161,49
189,8;164,49
190,07;144,19
190,341;132,13
190,611;117,09
190,882;111,51
191,152;103,83
191,423;98,25
191,693;94,77
191,964;94,11
192,234;88,85
192,505;81,51
192,775;80,25
193,045;75,44
193,316;70,33
193,586;68,25
193,856;69,13
194,127;67,57
194,397;66,66
194,667;63,31
194,938;63,51
195,208;59,74
195,478;58,14
195,748;56,82
196,019;56,78
196,289;56,91
196,559;55,66
196,829;55,5
197,099;55,07
197,37;53,75
197,64;50,95
197,91;49,6
198,18;49,2
198,45;47,16
198,72;46,65
198,99;45,61
199,26;45,76
199,53;45,37
199,8;45,47
200,07;44,74
200,34;44,54
200,61;43,17
200,88;42,9
201,15;42,25
201,42;42,15
201,69;40,9
201,96;40,46
202,23;40,1
202,499;38,48
202,769;38,4
203,039;37,61
203,309;36,82
203,579;36,17
203,849;35,88
204,118;35,03
204,388;33,91
204,658;33,15
204,927;32,49
205,197;31,67
205,467;30,32
205,736;30,13
206,006;29,45
206,276;28,74
206,545;27,68
206,815;27,63
207,085;27,02
207,354;26,7
207,624;26,13
207,893;25,04
208,163;25,14
208,432;24,38
208,702;24,03
208,971;23,6
209,241;23,11
209,51;22,62
209,78;22,49
210,049;22,31
210,318;22,15
210,588;21,89
210,857;21,48
211,127;21,69
211,396;21,19
211,665;21,05
211,935;21,07
212,204;21,46
212,473;20,93
212,742;20,69
213,012;20,61
213,281;20,29
213,55;20,26
213,819;19,75
214,088;19,58
214,358;19,3
214,627;19,32
214,896;19,27
215,165;18,89
215,434;18,55
215,703;18,47
215,972;18,31
216,241;17,89
216,51;17,75
216,779;17,4
217,048;17,32
217,317;17,12
217,586;16,85
217,855;16,44
218,124;16,52
218,393;16,53
218,662;16,22
218,931;16,05
219,2;15,85
219,469;15,84
219,738;15,79
220,006;15,75
220,275;15,62
220,544;15,55
220,813;15,6
221,082;15,51
221,35;15,41
221,619;15,29
221,888;15,34
222,157;15,33
222,425;15,3
222,694;15,07
222,963;14,96
223,231;14,88
223,5;14,76
223,769;14,58
224,037;14,48
224,306;14,44
224,574;14,37
224,843;14,33
225,111;14,34
225,38;14,26
225,648;14,21
225,917;14,08
226,185;14,34
226,454;14,25
226,722;14,21
226,991;14,21
227,259;14,13
227,528;14,08
227,796;14,08
228,064;13,98
228,333;14,07
228,601;14,11
228,869;14,07
229,138;14,04
229,406;14,03
229,674;13,99
229,942;13,98
230,211;14
230,479;14,04
230,747;13,97
231,015;13,93
231,283;13,96
231,552;13,99
231,82;13,73
232,088;13,71
232,356;13,69
232,624;13,66
232,892;13,67
233,16;13,61
233,428;13,51
233,696;13,54
233,964;13,48
234,232;13,46
234,5;13,43
234,768;13,45
235,036;13,42
235,304;13,43
235,572;13,36
235,84;13,34
236,108;13,31
236,376;13,37
236,644;13,43
236,912;13,37
237,179;13,33
237,447;13,33
237,715;13,35
237,983;13,39
238,251;13,34
238,518;13,34
238,786;13,34
239,054;13,35
239,322;13,28
239,589;13,33
239,857;13,3
240,125;13,33
240,392;13,27
240,66;13,3
240,927;13,26
241,195;13,29
241,463;13,28
241,73;13,32
241,998;13,23
242,265;13,16
242,533;13,15
242,8;13,18
243,068;13,17
243,335;13,14
243,603;13,08
243,87;13,12
244,138;13,08
244,405;13,08
244,672;13,07
244,94;13,1
245,207;13,04
245,474;13,03
245,742;12,99
246,009;12,99
246,276;12,97
246,544;12,96
246,811;12,98
247,078;12,98
247,345;12,94
247,613;12,95
247,88;12,93
248,147;12,93
248,414;12,88
248,681;12,87
248,948;12,9
249,215;12,88
249,483;12,83
249,75;12,81
250,017;12,77
250,284;12,76
250,551;12,74
250,818;12,73
251,085;12,69
251,352;12,7
251,619;12,69
251,886;12,67
252,153;12,66
252,42;12,61
252,687;12,59
252,953;12,58
253,22;12,55
253,487;12,59
253,754;12,57
254,021;12,56
254,288;12,51
254,555;12,51
254,821;12,52
255,088;12,54
255,355;12,55
255,622;12,54
255,888;12,52
256,155;12,53
256,422;12,49
256,688;12,5
256,955;12,47
257,222;12,45
257,488;12,42
257,755;12,4
258,022;12,38
258,288;12,37
258,555;12,32
258,821;12,33
259,088;12,3
259,354;12,28
259,621;12,3
259,887;12,3
260,154;12,23
260,42;12,18
260,687;12,15
260,953;12,11
261,219;12,09
261,486;12,07
261,752;12,04
262,019;12,06
262,285;12,02
262,551;11,99
262,818;12,01
263,084;11,99
263,35;11,98
263,616;11,98
263,883;11,97
264,149;11,97
264,415;11,93
264,681;11,94
264,947;11,92
265,214;11,88
265,48;11,89
265,746;11,9
266,012;11,9
266,278;11,89
266,544;11,88
266,81;11,91
267,076;11,88
267,342;11,87
267,608;11,84
267,874;11,84
268,14;11,84
268,406;11,8
268,672;11,8
268,938;11,79
269,204;11,76
269,47;11,74
269,736;11,72
270,002;11,72
270,268;11,67
270,533;11,67
270,799;11,64
271,065;11,62
271,331;11,58
271,597;11,57
271,862;11,54
272,128;11,54
272,394;11,51
272,66;11,52
272,925;11,5
273,191;11,49
273,457;11,47
273,722;11,46
273,988;11,46
274,254;11,44
274,519;11,44
274,785;11,45
275,05;11,44
275,316;11,44
275,582;11,44
275,847;11,43
276,113;11,41
276,378;11,4
276,644;11,4
276,909;11,41
277,174;11,4
277,44;11,43
277,705;11,43
277,971;11,42
278,236;11,42
278,501;11,43
278,767;11,41
279,032;11,4
279,297;11,39
279,563;11,37
279,828;11,41
280,093;11,38
280,358;11,36
280,624;11,37
280,889;11,34
281,154;11,33
281,419;11,32
281,684;11,29
281,95;11,31
282,215;11,29
282,48;11,28
282,745;11,27
283,01;11,24
283,275;11,22
283,54;11,2
283,805;11,18
284,07;11,16
284,335;11,16
284,6;11,15
284,865;11,14
285,13;11,14
285,395;11,08
285,66;11,09
285,925;11,1
286,19;11,09
286,455;11,08
286,72;11,08
286,985;11,09
287,249;11,12
287,514;11,11
287,779;11,11
288,044;11,11
288,309;11,1
288,573;11,09
288,838;11,08
289,103;11,09
289,367;11,08
289,632;11,06
289,897;11,07
290,161;11,08
290,426;11,07
290,691;11,09
290,955;11,07
291,22;11,07
291,484;11,07
291,749;11,05
292,014;11,04
292,278;11,02
292,543;11
292,807;10,98
293,072;10,99
293,336;10,97
293,6;10,96
293,865;10,96
294,129;10,94
294,394;10,95
294,658;10,95
294,922;10,93
295,187;10,94
295,451;10,93
295,715;10,93
295,98;10,94
296,244;10,91
296,508;10,91
296,773;10,9
297,037;10,88
297,301;10,87
297,565;10,88
297,829;10,85
298,094;10,86
298,358;10,86
298,622;10,83
298,886;10,81
299,15;10,81
299,414;10,81
299,678;10,83
299,942;10,82
300,206;10,79
300,47;10,79
300,734;10,77
300,998;10,74
301,262;10,74
301,526;10,72
301,79;10,7
302,054;10,68
302,318;10,68
302,582;10,65
302,846;10,64
303,11;10,64
303,374;10,65
303,637;10,62
303,901;10,63
304,165;10,64
304,429;10,63
304,693;10,59
304,956;10,58
305,22;10,56
305,484;10,53
305,747;10,52
306,011;10,49
306,275;10,47
306,538;10,47
306,802;10,45
307,066;10,46
307,329;10,46
307,593;10,47
307,856;10,45
308,12;10,42
308,384;10,4
308,647;10,36
308,911;10,36
309,174;10,33
309,438;10,29
309,701;10,28
309,964;10,29
310,228;10,29
310,491;10,26
310,755;10,26
311,018;10,29
311,281;10,28
311,545;10,26
311,808;10,27
312,071;10,24
312,335;10,21
312,598;10,18
312,861;10,17
313,124;10,13
313,388;10,13
313,651;10,15
313,914;10,13
314,177;10,12
314,44;10,09
314,704;10,12
314,967;10,11
315,23;10,09
315,493;10,05
315,756;10,06
316,019;10,05
316,282;10,06
316,545;10,02
316,808;10,02
317,071;10,06
317,334;10,06
317,597;10,05
317,86;10,03
318,123;10,01
318,386;10,06
318,649;10,05
318,912;10,04
319,175;10
319,437;10
319,7;10,01
319,963;10
320,226;9,96
320,489;9,95
320,751;9,94
321,014;9,92
321,277;9,9
321,54;9,89
321,802;9,86
322,065;9,84
322,328;9,81
322,59;9,76
322,853;9,73
323,116;9,72
323,378;9,73
323,641;9,71
323,903;9,65
324,166;9,64
324,428;9,61
324,691;9,61
324,953;9,61
325,216;9,59
325,478;9,58
325,741;9,58
326,003;9,57
326,266;9,52
326,528;9,51
326,791;9,51
327,053;9,48
327,315;9,46
327,578;9,46
327,84;9,43
328,102;9,42
328,365;9,4
328,627;9,4
328,889;9,37
329,151;9,38
329,414;9,4
329,676;9,39
329,938;9,36
330,2;9,33
330,462;9,3
330,725;9,3
330,987;9,29
331,249;9,26
331,511;9,24
331,773;9,22
332,035;9,23
332,297;9,25
332,559;9,26
332,821;9,24
333,083;9,19
333,345;9,19
333,607;9,19
333,869;9,19
334,131;9,15
334,393;9,16
334,655;9,13
334,917;9,1
335,179;9,08
335,44;9,08
335,702;9,1
335,964;9,12
336,226;9,08
336,488;9,09
336,749;9,09
337,011;9,11
337,273;9,1
337,535;9,1
337,796;9,05
338,058;9,05
338,32;9,06
338,581;9,05
338,843;9,05
339,105;9,05
339,366;9,04
339,628;9,05
339,889;9,04
340,151;9,04
340,412;9,02
340,674;9,02
340,935;9,02
341,197;9,03
341,458;9,01
341,72;9,03
341,981;9,05
342,243;9,06
342,504;9,05
342,766;9,1
343,027;9,11
343,288;9,1
343,55;9,07
343,811;9,07
344,072;9,08
344,334;9,07
344,595;9,07
344,856;9,05
345,117;9,03
345,379;9,04
345,64;9,04
345,901;9,04
346,162;9,02
346,423;9,01
346,684;8,96
346,946;8,94
347,207;8,91
347,468;8,87
347,729;8,79
347,99;8,75
348,251;8,68
348,512;8,64
348,773;8,64
349,034;8,63
349,295;8,64
349,556;8,63
349,817;8,59
350,078;8,56
350,339;8,59
350,6;8,6
350,86;8,53
351,121;8,54
351,382;8,53
351,643;8,52
351,904;8,51
352,165;8,54
352,425;8,55
352,686;8,55
352,947;8,54
353,208;8,57
353,468;8,61
353,729;8,63
353,99;8,61
354,25;8,59
354,511;8,58
354,772;8,54
355,032;8,55
355,293;8,56
355,553;8,57
355,814;8,53
356,074;8,5
356,335;8,48
356,596;8,46
356,856;8,46
357,116;8,47
357,377;8,51
357,637;8,49
357,898;8,49
358,158;8,47
358,419;8,46
358,679;8,45
358,939;8,4
359,2;8,38
359,46;8,43
359,72;8,41
359,981;8,41
360,241;8,4
360,501;8,4
360,761;8,43
361,022;8,39
361,282;8,44
361,542;8,45
361,802;8,47
362,062;8,47
362,323;8,43
362,583;8,45
362,843;8,42
363,103;8,43
363,363;8,35
363,623;8,39
363,883;8,41
364,143;8,4
364,403;8,4
364,663;8,44
364,923;8,38
365,183;8,42
365,443;8,44
365,703;8,43
365,963;8,4
366,223;8,37
366,483;8,41
366,743;8,36
367,002;8,37
367,262;8,41
367,522;8,38
367,782;8,37
368,042;8,34
368,301;8,34
368,561;8,33
368,821;8,35
369,081;8,3
369,34;8,26
369,6;8,24
369,86;8,29
370,119;8,21
370,379;8,22
370,638;8,18
370,898;8,13
371,158;8,14
371,417;8,13
371,677;8,13
371,936;8,1
372,196;8,12
372,455;8,08
372,715;8,05
372,974;8,07
373,234;8,07
373,493;8,09
373,753;8,09
374,012;8,08
374,271;8,11
374,531;8,14
374,79;8,15
375,049;8,17
375,309;8,16
375,568;8,16
375,827;8,16
376,086;8,17
376,346;8,2
376,605;8,23
376,864;8,24
377,123;8,24
377,383;8,25
377,642;8,26
377,901;8,26
378,16;8,25
378,419;8,21
378,678;8,22
378,937;8,2
379,196;8,18
379,455;8,18
379,714;8,17
379,973;8,13
380,232;8,15
380,491;8,16
380,75;8,15
381,009;8,16
381,268;8,18
381,527;8,17
381,786;8,15
382,045;8,11
382,304;8,12
382,563;8,11
382,821;8,13
383,08;8,09
383,339;8,12
383,598;8,13
383,857;8,14
384,115;8,14
384,374;8,15
384,633;8,16
384,891;8,2
385,15;8,18
385,409;8,2
385,667;8,21
385,926;8,18
386,185;8,14
386,443;8,15
386,702;8,12
386,96;8,13
387,219;8,12
387,477;8,13
387,736;8,11
387,994;8,13
388,253;8,12
388,511;8,14
388,77;8,11
389,028;8,09
389,287;8,15
389,545;8,16
389,803;8,12
390,062;8,09
390,32;8,09
390,578;8,09
390,837;8,1
391,095;8,08
391,353;8,1
391,612;8,1
391,87;8,11
392,128;8,11
392,386;8,09
392,644;8,13
392,903;8,15
393,161;8,13
393,419;8,12
393,677;8,12
393,935;8,09
394,193;8,09
394,451;8,13
394,709;8,07
394,967;8,11
395,225;8,12
395,483;8,12
395,741;8,13
395,999;8,16
396,257;8,17
396,515;8,17
396,773;8,2
397,031;8,22
397,289;8,25
397,547;8,25
397,805;8,25
398,062;8,26
398,32;8,25
398,578;8,27
398,836;8,28
399,094;8,27
399,351;8,31
399,609;8,31
399,867;8,25
400,124;8,27
400,382;8,25
400,64;8,28
400,897;8,34
401,155;8,3
401,413;8,32
401,67;8,29
401,928;8,32
402,185;8,26
402,443;8,24
402,701;8,23
402,958;8,23
403,216;8,27
403,473;8,24
403,73;8,23
403,988;8,21
404,245;8,22
404,503;8,25
404,76;8,28
405,018;8,28
405,275;8,33
405,532;8,3
405,79;8,26
406,047;8,2
406,304;8,19
406,561;8,21
406,819;8,2
407,076;8,23
407,333;8,18
407,59;8,22
407,848;8,24
408,105;8,26
408,362;8,25
408,619;8,25
408,876;8,27
409,133;8,27
409,39;8,29
409,647;8,24
409,904;8,24
410,161;8,21
410,418;8,24
410,675;8,22
410,932;8,24
411,189;8,25
411,446;8,31
411,703;8,31
411,96;8,32
412,217;8,31
412,474;8,33
412,731;8,35
412,988;8,33
413,245;8,35
413,501;8,29
413,758;8,3
414,015;8,28
414,272;8,27
414,529;8,29
414,785;8,29
415,042;8,31
415,299;8,28
415,555;8,27
415,812;8,25
416,069;8,28
416,325;8,28
416,582;8,27
416,838;8,28
417,095;8,24
417,352;8,18
417,608;8,2
417,865;8,15
418,121;8,19
418,378;8,2
418,634;8,21
418,891;8,25
419,147;8,27
419,403;8,27
419,66;8,3
419,916;8,31
420,173;8,31
420,429;8,33
420,685;8,37
420,942;8,44
421,198;8,45
421,454;8,45
421,711;8,49
421,967;8,5
422,223;8,48
422,479;8,56
422,735;8,62
422,992;8,59
423,248;8,6
423,504;8,62
423,76;8,65
424,016;8,67
424,272;8,68
424,528;8,67
424,784;8,7
425,041;8,67
425,297;8,67
425,553;8,68
425,809;8,73
426,065;8,74
426,32;8,7
426,576;8,71
426,832;8,68
427,088;8,64
427,344;8,66
427,6;8,66
427,856;8,6
428,112;8,61
428,368;8,65
428,623;8,66
428,879;8,63
429,135;8,59
429,391;8,56
429,646;8,55
429,902;8,52
430,158;8,52
430,414;8,53
430,669;8,54
430,925;8,56
431,181;8,53
431,436;8,5
431,692;8,51
431,947;8,51
432,203;8,53
432,458;8,56
432,714;8,53
432,97;8,53
433,225;8,55
433,481;8,55
433,736;8,54
433,991;8,54
434,247;8,52
434,502;8,51
434,758;8,52
435,013;8,54
435,268;8,57
435,524;8,56
435,779;8,58
436,034;8,6
436,29;8,6
436,545;8,58
436,8;8,6
437,056;8,57
437,311;8,55
437,566;8,57
437,821;8,58
438,076;8,57
438,331;8,63
438,587;8,6
438,842;8,58
439,097;8,59
439,352;8,59
439,607;8,62
439,862;8,68
440,117;8,7
440,372;8,68
440,627;8,7
440,882;8,73
441,137;8,71
441,392;8,71
441,647;8,7
441,902;8,72
442,157;8,71
442,412;8,75
442,667;8,77
442,921;8,78
443,176;8,78
443,431;8,82
443,686;8,79
443,941;8,82
444,195;8,84
444,45;8,86
444,705;8,89
444,96;8,9
445,214;8,87
445,469;8,87
445,724;8,87
445,978;8,85
446,233;8,82
446,487;8,81
446,742;8,79
446,997;8,81
447,251;8,78
447,506;8,81
447,76;8,79
448,015;8,8
448,269;8,78
448,524;8,76
448,778;8,77
449,033;8,78
449,287;8,77
449,541;8,78
449,796;8,75
450,05;8,69
450,305;8,67
450,559;8,65
450,813;8,64
451,067;8,64
451,322;8,65
451,576;8,65
451,83;8,68
452,084;8,7
452,339;8,68
452,593;8,66
452,847;8,62
453,101;8,6
453,355;8,61
453,609;8,62
453,864;8,61
454,118;8,58
454,372;8,58
454,626;8,62
454,88;8,62
455,134;8,62
455,388;8,65
455,642;8,66
455,896;8,67
456,15;8,65
456,404;8,69
456,658;8,71
456,912;8,71
457,165;8,69
457,419;8,68
457,673;8,68
457,927;8,71
458,181;8,75
458,435;8,81
458,688;8,8
458,942;8,82
459,196;8,82
459,45;8,84
459,703;8,84
459,957;8,8
460,211;8,78
460,464;8,79
460,718;8,82
460,972;8,87
461,225;8,87
461,479;8,9
461,732;8,89
461,986;8,93
462,239;8,92
462,493;8,94
462,746;8,99
463;9,03
463,253;9,04
463,507;9,03
463,76;9
464,014;9,03
464,267;9,02
464,52;9,07
464,774;9,11
465,027;9,13
465,28;9,15
465,534;9,15
465,787;9,15
466,04;9,17
466,294;9,14
466,547;9,14
466,8;9,19
467,053;9,13
467,306;9,11
467,56;9,14
467,813;9,13
468,066;9,12
468,319;9,11
468,572;9,09
468,825;9,13
469,078;9,13
469,331;9,15
469,584;9,13
469,837;9,12
470,09;9,1
470,343;9,1
470,596;9,11
470,849;9,16
471,102;9,18
471,355;9,18
471,608;9,2
471,861;9,26
472,114;9,24
472,367;9,26
472,619;9,28
472,872;9,3
473,125;9,3
473,378;9,3
473,631;9,3
473,883;9,34
474,136;9,36
474,389;9,37
474,641;9,36
474,894;9,38
475,147;9,4
475,399;9,41
475,652;9,43
475,905;9,46
476,157;9,46
476,41;9,46
476,662;9,49
476,915;9,5
477,167;9,5
477,42;9,54
477,672;9,57
477,925;9,59
478,177;9,6
478,43;9,65
478,682;9,67
478,934;9,72
479,187;9,74
479,439;9,77
479,691;9,8
479,944;9,87
480,196;9,9
480,448;9,92
480,701;9,96
480,953;10
481,205;10,02
481,457;10,05
481,709;10,08
481,962;10,1
482,214;10,16
482,466;10,21
482,718;10,28
482,97;10,38
483,222;10,48
483,474;10,59
483,726;10,66
483,978;10,72
484,23;10,77
484,482;10,81
484,734;10,83
484,986;10,85
485,238;10,83
485,49;10,87
485,742;10,88
485,994;10,89
486,246;10,89
486,498;10,9
486,75;10,91
487,001;10,92
487,253;10,93
487,505;10,94
487,757;10,93
488,009;10,92
488,26;10,88
488,512;10,82
488,764;10,77
489,015;10,72
489,267;10,67
489,519;10,63
489,77;10,61
490,022;10,61
490,274;10,59
490,525;10,61
490,777;10,6
491,028;10,61
491,28;10,61
491,531;10,61
491,783;10,61
492,034;10,63
492,286;10,62
492,537;10,61
492,789;10,59
493,04;10,58
493,291;10,56
493,543;10,59
493,794;10,62
494,045;10,63
494,297;10,65
494,548;10,66
494,799;10,67
495,051;10,68
495,302;10,64
495,553;10,67
495,804;10,66
496,056;10,66
496,307;10,66
496,558;10,68
496,809;10,7
497,06;10,71
497,311;10,71
497,562;10,76
497,813;10,79
498,064;10,83
498,316;10,84
498,567;10,86
498,818;10,86
499,069;10,86
499,319;10,86
499,57;10,87
499,821;10,88
500,072;10,91
500,323;10,92
500,574;10,95
500,825;10,95
501,076;10,97
501,327;11
501,577;11,03
501,828;11,02
502,079;11,03
502,33;11,02
502,58;11,04
502,831;11,02
503,082;11
503,333;11
503,583;11,04
503,834;11,05
504,084;11,08
504,335;11,08
504,586;11,09
504,836;11,1
505,087;11,09
505,337;11,09
505,588;11,09
505,838;11,11
506,089;11,14
506,339;11,17
506,59;11,17
506,84;11,17
507,091;11,19
507,341;11,18
507,591;11,21
507,842;11,2
508,092;11,24
508,343;11,25
508,593;11,26
508,843;11,24
509,093;11,26
509,344;11,21
509,594;11,22
509,844;11,21
510,094;11,23
510,345;11,23
510,595;11,25
510,845;11,26
511,095;11,26
511,345;11,25
511,595;11,24
511,845;11,23
512,095;11,25
512,345;11,25
512,595;11,28
512,845;11,29
513,095;11,31
513,345;11,31
513,595;11,32
513,845;11,32
514,095;11,34
514,345;11,32
514,595;11,36
514,845;11,36
515,095;11,38
515,345;11,36
515,594;11,4
515,844;11,39
516,094;11,41
516,344;11,42
516,593;11,42
516,843;11,41
517,093;11,42
517,343;11,41
517,592;11,43
517,842;11,43
518,092;11,44
518,341;11,44
518,591;11,46
518,84;11,47
519,09;11,49
519,34;11,5
519,589;11,54
519,839;11,53
520,088;11,56
520,338;11,55
520,587;11,59
520,836;11,57
521,086;11,57
521,335;11,57
521,585;11,57
521,834;11,6
522,083;11,63
522,333;11,62
522,582;11,65
522,831;11,67
523,081;11,69
523,33;11,7
523,579;11,72
523,828;11,71
524,078;11,72
524,327;11,71
524,576;11,72
524,825;11,73
525,074;11,76
525,323;11,75
525,573;11,76
525,822;11,77
526,071;11,78
526,32;11,8
526,569;11,81
526,818;11,82
527,067;11,82
527,316;11,83
527,565;11,85
527,814;11,84
528,063;11,84
528,312;11,84
528,56;11,85
528,809;11,84
529,058;11,85
529,307;11,84
529,556;11,87
529,805;11,86
530,053;11,87
530,302;11,89
530,551;11,91
530,8;11,91
531,048;11,93
531,297;11,95
531,546;11,98
531,794;11,99
532,043;12,01
532,292;12,03
532,54;12,04
532,789;12,05
533,037;12,09
533,286;12,1
533,535;12,11
533,783;12,11
534,032;12,14
534,28;12,17
534,528;12,21
534,777;12,23
535,025;12,26
535,274;12,28
535,522;12,27
535,771;12,28
536,019;12,32
536,267;12,33
536,516;12,34
536,764;12,37
537,012;12,39
537,26;12,39
537,509;12,4
537,757;12,41
538,005;12,44
538,253;12,46
538,501;12,48
538,75;12,47
538,998;12,51
539,246;12,54
539,494;12,58
539,742;12,58
539,99;12,59
540,238;12,6
540,486;12,62
540,734;12,64
540,982;12,68
541,23;12,69
541,478;12,71
541,726;12,73
541,974;12,75
542,222;12,76
542,47;12,8
542,718;12,83
542,966;12,86
543,213;12,86
543,461;12,89
543,709;12,9
543,957;12,93
544,205;12,94
544,452;12,95
544,7;12,95
544,948;12,96
545,196;12,98
545,443;12,99
545,691;13
545,939;13,03
546,186;13,02
546,434;13,04
546,681;13,04
546,929;13,05
547,176;13,04
547,424;13,06
547,671;13,07
547,919;13,08
548,166;13,09
548,414;13,11
548,661;13,12
548,909;13,14
549,156;13,17
549,404;13,18
549,651;13,2
549,898;13,22
550,146;13,25
550,393;13,28
550,64;13,31
550,888;13,34
551,135;13,36
551,382;13,38
551,629;13,41
551,876;13,45
552,124;13,47
552,371;13,51
552,618;13,52
552,865;13,55
553,112;13,58
553,359;13,59
553,606;13,62
553,854;13,64
554,101;13,64
554,348;13,66
554,595;13,66
554,842;13,66
555,089;13,65
555,336;13,67
555,582;13,68
555,829;13,69
556,076;13,71
556,323;13,72
556,57;13,75
556,817;13,77
557,064;13,77
557,311;13,78
557,557;13,77
557,804;13,79
558,051;13,8
558,298;13,82
558,544;13,82
558,791;13,83
559,038;13,83
559,284;13,87
559,531;13,88
559,778;13,91
560,024;13,95
560,271;13,98
560,517;13,99
560,764;14,03
561,011;14,05
561,257;14,05
561,504;14,07
561,75;14,07
561,997;14,09
562,243;14,12
562,489;14,14
562,736;14,18
562,982;14,2
563,229;14,21
563,475;14,21
563,721;14,25
563,968;14,26
564,214;14,3
564,46;14,31
564,707;14,34
564,953;14,35
565,199;14,37
565,445;14,4
565,691;14,43
565,938;14,44
566,184;14,46
566,43;14,49
566,676;14,53
566,922;14,55
567,168;14,58
567,414;14,61
567,66;14,66
567,906;14,68
568,152;14,72
568,398;14,78
568,644;14,84
568,89;14,87
569,136;14,93
569,382;14,97
569,628;15
569,874;15,04
570,12;15,09
570,366;15,13
570,612;15,17
570,857;15,19
571,103;15,24
571,349;15,28
571,595;15,32
571,84;15,36
572,086;15,4
572,332;15,44
572,578;15,48
572,823;15,51
573,069;15,55
573,315;15,59
573,56;15,62
573,806;15,63
574,051;15,67
574,297;15,69
574,542;15,72
574,788;15,75
575,034;15,79
575,279;15,81
575,524;15,85
575,77;15,88
576,015;15,92
576,261;15,95
576,506;15,97
576,752;15,98
576,997;16,01
577,242;16,02
577,488;16,03
577,733;16,03
577,978;16,06
578,223;16,07
578,469;16,11
578,714;16,12
578,959;16,16
579,204;16,18
579,45;16,21
579,695;16,22
579,94;16,25
580,185;16,26
580,43;16,29
580,675;16,29
580,92;16,3
581,165;16,31
581,41;16,32
581,655;16,33
581,9;16,35
582,145;16,35
582,39;16,38
582,635;16,4
582,88;16,42
583,125;16,43
583,37;16,44
583,615;16,43
583,86;16,45
584,105;16,44
584,349;16,45
584,594;16,44
584,839;16,44
585,084;16,44
585,328;16,45
585,573;16,45
585,818;16,46
586,063;16,46
586,307;16,47
586,552;16,46
586,797;16,47
587,041;16,47
587,286;16,47
587,53;16,45
587,775;16,43
588,019;16,42
588,264;16,43
588,508;16,41
588,753;16,42
588,997;16,41
589,242;16,41
589,486;16,39
589,731;16,4
589,975;16,4
590,22;16,4
590,464;16,41
590,708;16,44
590,953;16,44
591,197;16,45
591,441;16,46
591,685;16,47
591,93;16,48
592,174;16,5
592,418;16,52
592,662;16,55
592,907;16,57
593,151;16,61
593,395;16,62
593,639;16,64
593,883;16,66
594,127;16,67
594,371;16,68
594,615;16,69
594,859;16,69
595,103;16,71
595,347;16,7
595,591;16,7
595,835;16,68
596,079;16,68
596,323;16,68
596,567;16,7
596,811;16,7
597,055;16,72
597,299;16,72
597,542;16,74
597,786;16,74
598,03;16,75
598,274;16,74
598,518;16,75
598,761;16,78
599,005;16,79
599,249;16,79
599,492;16,81
599,736;16,82
599,98;16,85
600,223;16,85
600,467;16,87
600,711;16,88
600,954;16,9
601,198;16,92
601,441;16,93
601,685;16,94
601,928;16,97
602,172;16,96
602,415;16,99
602,659;16,99
602,902;17
603,145;17,01
603,389;17,03
603,632;17,03
603,876;17,03
604,119;17,04
604,362;17,05
604,606;17,04
604,849;17,06
605,092;17,06
605,335;17,06
605,579;17,06
605,822;17,07
606,065;17,08
606,308;17,09
606,551;17,09
606,794;17,1
607,037;17,08
607,281;17,1
607,524;17,12
607,767;17,14
608,01;17,13
608,253;17,14
608,496;17,14
608,739;17,15
608,982;17,16
609,225;17,16
609,468;17,17
609,711;17,19
609,953;17,19
610,196;17,2
610,439;17,22
610,682;17,23
610,925;17,24
611,168;17,24
611,41;17,24
611,653;17,26
611,896;17,25
612,139;17,28
612,381;17,28
612,624;17,28
612,867;17,25
613,109;17,27
613,352;17,27
613,595;17,28
613,837;17,28
614,08;17,28
614,322;17,29
614,565;17,31
614,807;17,31
615,05;17,31
615,292;17,32
615,535;17,32
615,777;17,32
616,02;17,34
616,262;17,34
616,505;17,33
616,747;17,33
616,989;17,34
617,232;17,34
617,474;17,36
617,716;17,36
617,959;17,39
618,201;17,4
618,443;17,41
618,685;17,4
618,927;17,42
619,17;17,42
619,412;17,43
619,654;17,44
619,896;17,45
620,138;17,48
620,38;17,5
620,622;17,52
620,864;17,54
621,107;17,54
621,349;17,56
621,591;17,58
621,833;17,6
622,075;17,62
622,316;17,64
622,558;17,64
622,8;17,65
623,042;17,65
623,284;17,67
623,526;17,69
623,768;17,72
624,01;17,72
624,251;17,74
624,493;17,75
624,735;17,74
624,977;17,76
625,218;17,76
625,46;17,78
625,702;17,79
625,943;17,78
626,185;17,79
626,427;17,79
626,668;17,79
626,91;17,79
627,152;17,8
627,393;17,79
627,635;17,8
627,876;17,8
628,118;17,83
628,359;17,83
628,601;17,82
628,842;17,82
629,084;17,83
629,325;17,81
629,566;17,81
629,808;17,82
630,049;17,82
630,29;17,8
630,532;17,78
630,773;17,78
631,014;17,81
631,256;17,79
631,497;17,81
631,738;17,81
631,979;17,83
632,22;17,81
632,462;17,81
632,703;17,8
632,944;17,81
633,185;17,79
633,426;17,79
633,667;17,79
633,908;17,79
634,149;17,78
634,39;17,79
634,631;17,8
634,872;17,8
635,113;17,78
635,354;17,8
635,595;17,8
635,836;17,8
636,077;17,78
636,318;17,81
636,559;17,8
636,8;17,82
637,04;17,8
637,281;17,82
637,522;17,82
637,763;17,84
638,003;17,83
638,244;17,84
638,485;17,83
638,726;17,83
638,966;17,82
639,207;17,84
639,448;17,85
639,688;17,86
639,929;17,85
640,169;17,88
640,41;17,88
640,65;17,89
640,891;17,89
641,131;17,9
641,372;17,89
641,612;17,89
641,853;17,87
642,093;17,9
642,334;17,9
642,574;17,92
642,814;17,93
643,055;17,95
643,295;17,95
643,535;17,97
643,776;17,99
644,016;18
644,256;17,99
644,496;18
644,737;18,01
644,977;18,05
645,217;18,04
645,457;18,06
645,697;18,06
645,938;18,09
646,178;18,11
646,418;18,14
646,658;18,15
646,898;18,19
647,138;18,18
647,378;18,21
647,618;18,2
647,858;18,21
648,098;18,23
648,338;18,24
648,578;18,23
648,818;18,24
649,057;18,25
649,297;18,28
649,537;18,3
649,777;18,31
650,017;18,31
650,257;18,34
650,496;18,34
650,736;18,36
650,976;18,35
661,028;18,59
661,267;18,56
661,506;18,55
661,744;18,53
661,983;18,51
662,222;18,51
662,461;18,5
662,7;18,5
662,939;18,5
663,177;18,52
663,416;18,52
663,655;18,51
663,894;18,52
664,132;18,54
664,371;18,55
664,61;18,56
664,848;18,57
665,087;18,58
665,326;18,59
665,564;18,63
665,803;18,63
666,041;18,67
666,28;18,68
666,518;18,69
666,757;18,7
666,995;18,71
667,234;18,73
667,472;18,74
667,711;18,75
667,949;18,76
668,187;18,77
668,426;18,77
668,664;18,79
668,902;18,79
669,141;18,8
669,379;18,8
669,617;18,83
669,856;18,84
670,094;18,85
670,332;18,86
670,57;18,87
670,808;18,88
671,046;18,87
671,285;18,88
671,523;18,89
671,761;18,91
671,999;18,93
672,237;18,94
672,475;18,96
672,713;18,98
672,951;18,99
673,189;18,98
673,427;19,01
673,665;18,99
673,903;19,02
674,141;19,02
674,379;19,05
674,617;19,03
674,854;19,04
675,092;19,05
675,33;19,06
675,568;19,06
675,806;19,09
676,043;19,11
676,281;19,14
676,519;19,15
676,756;19,16
676,994;19,16
677,232;19,16
677,469;19,17
677,707;19,2
677,945;19,22
678,182;19,25
678,42;19,28
678,657;19,32
678,895;19,31
679,132;19,33
679,37;19,32
679,607;19,36
679,845;19,36
680,082;19,36
680,32;19,36
680,557;19,38
680,794;19,39
681,032;19,39
681,269;19,36
681,507;19,38
681,744;19,38
681,981;19,41
682,218;19,42
682,456;19,42
682,693;19,42
682,93;19,43
683,167;19,42
683,404;19,4
683,642;19,38
683,879;19,4
684,116;19,41
684,353;19,44
684,59;19,43
684,827;19,47
685,064;19,47
685,301;19,49
685,538;19,47
685,775;19,48
686,012;19,49
686,249;19,51
686,486;19,51
686,723;19,5
686,96;19,51
687,197;19,52
687,433;19,51
687,67;19,51
687,907;19,5
688,144;19,51
688,381;19,51
688,617;19,52
688,854;19,53
689,091;19,52
689,327;19,55
689,564;19,55
689,801;19,54
690,037;19,55
690,274;19,54
690,511;19,58
690,747;19,58
690,984;19,59
691,22;19,62
691,457;19,62
691,693;19,64
691,93;19,64
692,166;19,65
692,403;19,66
692,639;19,66
692,876;19,68
693,112;19,69
693,348;19,71
693,585;19,73
693,821;19,73
694,057;19,77
694,294;19,76
694,53;19,75
694,766;19,77
695,002;19,78
695,239;19,81
695,475;19,81
695,711;19,82
695,947;19,81
696,183;19,81
696,419;19,81
696,656;19,82
696,892;19,82
697,128;19,83
697,364;19,83
697,6;19,86
697,836;19,87
698,072;19,89
698,308;19,87
698,544;19,87
698,78;19,89
699,016;19,87
699,251;19,87
699,487;19,91
699,723;19,93
699,959;19,94
700,195;19,93
700,431;19,93
700,666;19,94
700,902;19,95
701,138;19,95
701,374;19,96
701,609;19,97
701,845;19,98
702,081;19,99
702,316;20,02
702,552;20,02
702,788;20,01
703,023;20,01
703,259;20,03
703,494;20,04
703,73;20,06
703,965;20,08
704,201;20,09
704,436;20,08
704,672;20,07
704,907;20,08
705,143;20,1
705,378;20,09
705,613;20,09
705,849;20,13
706,084;20,15
706,319;20,14
706,555;20,16
706,79;20,17
707,025;20,19
707,26;20,19
707,496;20,22
707,731;20,23
707,966;20,26
708,201;20,26
708,436;20,27
708,671;20,26
708,907;20,25
709,142;20,26
709,377;20,27
709,612;20,29
709,847;20,3
710,082;20,28
710,317;20,29
710,552;20,31
710,787;20,31
711,022;20,3
711,257;20,3
711,492;20,31
711,726;20,33
711,961;20,33
712,196;20,35
712,431;20,33
712,666;20,33
712,901;20,3
713,135;20,31
713,37;20,35
713,605;20,35
713,839;20,35
714,074;20,35
714,309;20,35
714,543;20,34
714,778;20,34
715,013;20,34
715,247;20,38
715,482;20,37
715,716;20,37
715,951;20,4
716,185;20,43
716,42;20,43
716,654;20,42
716,889;20,44
717,123;20,41
717,358;20,42
717,592;20,45
717,827;20,47
718,061;20,48
718,295;20,47
718,53;20,49
718,764;20,5
718,998;20,5
719,232;20,53
719,467;20,53
719,701;20,54
719,935;20,54
720,169;20,52
720,403;20,53
720,638;20,53
720,872;20,52
721,106;20,51
721,34;20,52
721,574;20,51
721,808;20,49
722,042;20,51
722,276;20,52
722,51;20,51
722,744;20,52
722,978;20,55
723,212;20,54
723,446;20,57
723,68;20,58
723,914;20,59
724,147;20,6
724,381;20,61
724,615;20,63
724,849;20,67
725,083;20,69
725,316;20,71
725,55;20,74
725,784;20,78
726,018;20,81
726,251;20,82
726,485;20,84
726,719;20,88
726,952;20,89
727,186;20,92
727,419;20,97
727,653;21,01
727,887;21,04
728,12;21,08
728,354;21,08
728,587;21,1
728,821;21,13
729,054;21,14
729,287;21,2
729,521;21,25
729,754;21,25
729,988;21,29
730,221;21,29
730,454;21,3
730,688;21,31
730,921;21,33
731,154;21,35
731,387;21,38
731,621;21,39
731,854;21,43
732,087;21,43
732,32;21,43
732,553;21,42
732,787;21,41
733,02;21,4
733,253;21,42
733,486;21,43
733,719;21,44
733,952;21,47
734,185;21,47
734,418;21,45
734,651;21,46
734,884;21,46
735,117;21,49
735,35;21,48
735,583;21,49
735,816;21,51
736,049;21,51
736,281;21,54
736,514;21,52
736,747;21,52
736,98;21,51
737,213;21,51
737,445;21,53
737,678;21,55
737,911;21,57
738,144;21,57
738,376;21,58
738,609;21,58
738,842;21,56
739,074;21,54
739,307;21,53
739,539;21,54
739,772;21,53
740,004;21,52
740,237;21,54
740,469;21,51
740,702;21,49
740,934;21,49
741,167;21,49
741,399;21,5
741,632;21,53
741,864;21,54
742,096;21,57
742,329;21,56
742,561;21,56
742,793;21,56
743,026;21,54
743,258;21,54
743,49;21,56
743,723;21,55
743,955;21,57
744,187;21,59
744,419;21,61
744,651;21,61
744,883;21,63
745,115;21,65
745,348;21,67
745,58;21,7
745,812;21,7
746,044;21,71
746,276;21,7
746,508;21,68
746,74;21,69
746,972;21,68
747,204;21,68
747,436;21,66
747,667;21,69
747,899;21,69
748,131;21,7
748,363;21,72
748,595;21,74
748,827;21,75
749,058;21,78
749,29;21,79
749,522;21,79
749,754;21,79
749,985;21,78
750,217;21,8
750,449;21,81
750,68;21,84
750,912;21,87
751,144;21,89
751,375;21,9
751,607;21,91
751,838;21,96
752,07;21,99
752,301;22,02
752,533;22,01
752,764;22,04
752,996;22,06
753,227;22,07
753,459;22,08
753,69;22,09
753,921;22,1
754,153;22,12
754,384;22,16
754,615;22,19
754,847;22,23
755,078;22,23
755,309;22,26
755,54;22,24
755,772;22,21
756,003;22,21
756,234;22,23
756,465;22,27
756,696;22,26
756,927;22,26
757,159;22,26
757,39;22,29
757,621;22,29
757,852;22,3
758,083;22,29
758,314;22,34
758,545;22,36
758,776;22,37
759,007;22,37
759,238;22,34
759,469;22,33
759,699;22,32
759,93;22,33
760,161;22,31
760,392;22,32
760,623;22,34
760,854;22,38
761,084;22,4
761,315;22,4
761,546;22,41
761,776;22,43
762,007;22,47
762,238;22,46
762,468;22,48
762,699;22,5
762,93;22,5
763,16;22,47
763,391;22,48
763,621;22,47
763,852;22,49
764,083;22,51
764,313;22,5
764,543;22,52
764,774;22,52
765,004;22,52
765,235;22,55
765,465;22,54
765,696;22,53
765,926;22,55
766,156;22,56
766,387;22,55
766,617;22,56
766,847;22,55
767,077;22,58
767,308;22,57
767,538;22,59
767,768;22,65
767,998;22,66
768,228;22,66
768,459;22,69
768,689;22,71
768,919;22,73
769,149;22,78
769,379;22,75
769,609;22,77
769,839;22,8
770,069;22,79
770,299;22,8
770,529;22,8
770,759;22,81
770,989;22,79
771,219;22,78
771,449;22,77
771,678;22,77
771,908;22,78
772,138;22,79
772,368;22,76
772,598;22,72
772,827;22,7
773,057;22,7
773,287;22,68
773,517;22,68
773,746;22,71
773,976;22,7
774,206;22,7
774,435;22,7
774,665;22,67
774,894;22,68
775,124;22,71
775,354;22,69
775,583;22,65
775,813;22,67
776,042;22,7
776,272;22,74
776,501;22,75
776,73;22,74
776,96;22,76
777,189;22,8
777,419;22,82
777,648;22,83
777,877;22,83
778,107;22,84
778,336;22,85
778,565;22,82
778,794;22,84
779,024;22,87
779,253;22,88
779,482;22,93
779,711;22,96
779,94;22,98
780,17;23,02
780,399;23,08
780,628;23,12
780,857;23,16
781,086;23,16
781,315;23,17
781,544;23,21
781,773;23,21
782,002;23,24
782,231;23,26
782,46;23,31
782,689;23,34
782,918;23,37
783,147;23,38
783,375;23,42
783,604;23,43
783,833;23,43
784,062;23,46
784,291;23,47
784,519;23,46
784,748;23,45
784,977;23,44
785,206;23,42
785,434;23,42
785,663;23,36
785,892;23,41
786,12;23,4
786,349;23,39
786,577;23,4
786,806;23,37
787,034;23,37
787,263;23,36
787,492;23,37
787,72;23,37
787,948;23,37
788,177;23,4
788,405;23,38
788,634;23,4
788,862;23,4
789,09;23,37
789,319;23,37
789,547;23,38
789,775;23,39
790,004;23,39
790,232;23,38
790,46;23,42
790,688;23,37
790,917;23,4
791,145;23,41
791,373;23,45
791,601;23,49
791,829;23,49
792,057;23,53
792,286;23,55
792,514;23,55
792,742;23,54
792,97;23,5
793,198;23,5
793,426;23,53
793,654;23,54
793,882;23,57
794,109;23,61
794,337;23,6
794,565;23,63
794,793;23,66
795,021;23,67
795,249;23,71
795,477;23,74
795,704;23,72
795,932;23,69
796,16;23,63
796,388;23,63
796,615;23,63
796,843;23,59
797,071;23,56
797,298;23,57
797,526;23,57
797,754;23,58
797,981;23,57
798,209;23,56
798,436;23,57
798,664;23,58
798,891;23,58
799,119;23,56
799,346;23,56
799,574;23,54
799,801;23,54
800,029;23,47
800,256;23,45
800,483;23,48
800,711;23,51
800,938;23,53
801,165;23,52
801,393;23,52
801,62;23,55
801,847;23,55
802,074;23,53
802,302;23,58
802,529;23,57
802,756;23,6
802,983;23,61
803,21;23,6
803,437;23,57
803,665;23,58
803,892;23,59
804,119;23,58
804,346;23,61
804,573;23,63
804,8;23,68
805,027;23,7
805,254;23,7
805,481;23,65
805,708;23,67
805,934;23,69
806,161;23,72
806,388;23,69
806,615;23,7
806,842;23,74
807,069;23,71
807,295;23,76
807,522;23,81
807,749;23,81
807,976;23,78
808,202;23,8
808,429;23,8
808,656;23,83
808,882;23,88
809,109;23,85
809,335;23,83
809,562;23,82
809,789;23,86
810,015;23,87
810,242;23,95
810,468;23,94
810,695;23,91
810,921;23,92
811,147;23,97
811,374;24,02
811,6;24,02
811,827;24,04
812,053;24
812,279;24
812,506;24
812,732;24,04
812,958;24,05
813,185;24,05
813,411;24,04
813,637;24
813,863;24,02
814,089;24,06
814,315;24,06
814,542;24,03
814,768;24,02
814,994;23,98
815,22;24
815,446;24,02
815,672;24,04
815,898;24,07
816,124;24,05
816,35;24,04
816,576;24,03
816,802;24,04
817,028;24,05
817,254;24,06
817,48;24,05
817,705;24,03
817,931;24,03
818,157;24,07
818,383;24,07
818,609;24,07
818,834;24,04
819,06;24,05
819,286;24,05
819,512;24,06
819,737;24,08
819,963;24,09
820,189;24,08
820,414;24,12
820,64;24,06
820,865;24,02
821,091;24,02
821,316;23,97
821,542;23,99
821,767;23,94
821,993;23,96
822,218;23,97
822,444;24,02
822,669;24,06
822,895;24,05
823,12;24,04
823,345;24,05
823,571;24,05
823,796;24,05
824,021;24,05
824,247;24,04
824,472;24,02
824,697;24,06
824,922;24,12
825,147;24,08
825,373;24,13
825,598;24,2
825,823;24,19
826,048;24,25
826,273;24,25
826,498;24,28
826,723;24,27
826,948;24,28
827,173;24,27
827,398;24,25
827,623;24,24
827,848;24,27
828,073;24,27
828,298;24,29
828,523;24,31
828,748;24,31
828,973;24,31
829,197;24,36
829,422;24,29
829,647;24,29
829,872;24,22
830,097;24,19
830,321;24,2
830,546;24,22
830,771;24,2
830,995;24,19
831,22;24,21
831,445;24,21
831,669;24,21
831,894;24,21
832,118;24,2
832,343;24,21
832,567;24,24
832,792;24,31
833,016;24,32
833,241;24,33
833,465;24,34
833,69;24,39
833,914;24,36
834,139;24,41
834,363;24,36
834,587;24,46
834,812;24,5
835,036;24,5
835,26;24,51
835,485;24,52
835,709;24,54
835,933;24,55
836,157;24,57
836,381;24,59
836,606;24,62
836,83;24,63
837,054;24,62
837,278;24,57
837,502;24,53
837,726;24,49
837,95;24,46
838,174;24,49
838,398;24,46
838,622;24,44
838,846;24,43
839,07;24,44
839,294;24,42
839,518;24,36
839,742;24,34
839,966;24,37
840,189;24,37
840,413;24,36
840,637;24,37
840,861;24,36
841,085;24,32
841,308;24,35
841,532;24,38
841,756;24,41
841,979;24,45
842,203;24,47
842,427;24,5
842,65;24,48
842,874;24,49
843,098;24,51
843,321;24,57
843,545;24,62
843,768;24,62
843,992;24,58
844,215;24,56
844,439;24,56
844,662;24,56
844,886;24,58
845,109;24,59
845,332;24,6
845,556;24,64
845,779;24,71
846,002;24,68
846,226;24,64
846,449;24,67
846,672;24,69
846,895;24,68
847,119;24,67
847,342;24,68
847,565;24,67
847,788;24,72
848,011;24,7
848,234;24,66
848,457;24,64
848,681;24,64
848,904;24,71
849,127;24,68
849,35;24,62
849,573;24,65
849,796;24,63
850,019;24,62
850,241;24,66
850,464;24,63
850,687;24,65
850,91;24,68
851,133;24,66
851,356;24,66
851,579;24,64
851,801;24,67
852,024;24,72
852,247;24,7
852,47;24,73
852,692;24,72
852,915;24,78
853,138;24,83
853,36;24,88
853,583;24,79
853,806;24,86
854,028;24,94
854,251;24,89
854,473;24,9
854,696;24,93
854,918;24,86
855,141;24,84
855,363;24,82
855,586;24,84
855,808;24,83
856,031;24,82
856,253;24,8
856,475;24,77
856,698;24,78
856,92;24,82
857,142;24,75
857,365;24,75
857,587;24,71
857,809;24,68
858,031;24,67
858,253;24,74
858,476;24,68
858,698;24,67
858,92;24,74
859,142;24,74
859,364;24,7
859,586;24,75
859,808;24,79
860,03;24,81
860,252;24,78
860,474;24,75
860,696;24,77
860,918;24,79
861,14;24,83
861,362;24,81
861,584;24,83
861,806;24,82
862,028;24,91
862,25;24,91
862,471;24,94
862,693;24,89
862,915;24,89
863,137;24,89
863,358;24,89
863,58;24,85
863,802;24,82
864,024;24,81
864,245;24,78
864,467;24,73
864,688;24,71
864,91;24,72
865,132;24,75
865,353;24,77
865,575;24,74
865,796;24,73
866,018;24,74
866,239;24,67
866,461;24,73
866,682;24,65
866,903;24,63
867,125;24,65
867,346;24,71
867,567;24,68
867,789;24,69
868,01;24,7
868,231;24,7
868,453;24,74
868,674;24,83
868,895;24,89
869,116;24,9
869,337;24,91
869,559;24,97
869,78;24,96
870,001;24,94
870,222;24,95
870,443;25,01
870,664;25,05
870,885;25,05
871,106;25,03
871,327;25,06
871,548;25,08
871,769;25,03
871,99;25,03
872,211;25,07
872,432;25,09
872,653;25,01
872,874;25,04
873,094;25,05
873,315;24,99
873,536;24,86
873,757;24,91
873,978;24,9
874,198;24,82
874,419;24,83
874,64;24,85
874,86;24,87
875,081;24,88
875,302;24,88
875,522;24,89
875,743;24,85
875,963;24,81
876,184;24,79
876,404;24,74
876,625;24,73
876,845;24,79
877,066;24,75
877,286;24,77
877,507;24,78
877,727;24,83
877,947;24,8
878,168;24,91
878,388;24,87
878,609;24,9
878,829;24,94
879,049;24,95
879,269;25
879,49;25,04
879,71;24,95
879,93;24,93
880,15;24,98
880,37;25
880,59;25,01
880,811;25,03
881,031;25,14
881,251;25,1
881,471;25,02
881,691;25,09
881,911;25,14
882,131;25,18
882,351;25,18
882,571;25,18
882,791;25,18
883,011;25,17
883,23;25,12
883,45;25,07
883,67;25,1
883,89;25,08
884,11;25
884,33;25,01
884,549;25,04
884,769;24,99
884,989;25
885,209;25,01
885,428;25,01
885,648;24,95
885,868;25,01
886,087;25,05
886,307;25,08
886,526;25,09
886,746;25,04
886,965;24,96
887,185;25
887,404;25,05
887,624;25,04
887,843;25,06
888,063;25,13
888,282;25,08
888,502;25,03
888,721;25,09
888,94;25,12
889,16;25,11
889,379;25,14
889,598;25,2
889,818;25,25
890,037;25,25
890,256;25,35
890,475;25,38
890,694;25,47
890,914;25,5
891,133;25,57
891,352;25,62
891,571;25,73
891,79;25,79
892,009;25,74
892,228;25,82
892,447;25,9
892,666;25,9
892,885;25,96
893,104;25,99
893,323;26,07
893,542;26,1
893,761;26,12
893,98;26,23
894,199;26,19
894,417;26,22
894,636;26,25
894,855;26,26
895,074;26,24
895,293;26,14
895,511;26,14
895,73;26,09
895,949;26,02
896,167;25,98
896,386;26,04
896,605;26,05
896,823;26,09
897,042;26,05
897,26;26,03
897,479;25,98
897,697;25,92
897,916;26
898,134;25,98
898,353;26,05
898,571;25,91
898,79;25,98
899,008;25,99
899,227;26,01
899,445;26,03
899,663;26,04
899,882;26,08
900,1;26,1
900,318;26,1
900,536;26,19
900,755;26,21
900,973;26,16
901,191;26,21
901,409;26,24
901,627;26,22
901,846;26,25
902,064;26,26
902,282;26,4
902,5;26,28
902,718;26,3
902,936;26,17
903,154;26,25
903,372;26,15
903,59;26,12
903,808;26,16
904,026;26,18
904,244;26,18
904,462;26,13
904,679;26,08
904,897;26,09
905,115;26,1
905,333;26,06
905,551;26,07
905,768;26,01
905,986;25,99
906,204;26,05
906,422;26,07
906,639;26,1
906,857;26,11
907,074;26,12
907,292;26,16
907,51;26,16
907,727;26,17
907,945;26,22
908,162;26,21
908,38;26,22
908,597;26,22
908,815;26,25
909,032;26,35
909,25;26,39
909,467;26,42
909,684;26,35
909,902;26,44
910,119;26,49
910,337;26,52
910,554;26,51
910,771;26,46
910,988;26,53
911,206;26,52
911,423;26,5
911,64;26,58
911,857;26,53
912,074;26,59
912,291;26,64
912,509;26,62
912,726;26,65
912,943;26,62
913,16;26,6
913,377;26,68
913,594;26,61
913,811;26,56
914,028;26,5
914,245;26,62
914,462;26,65
914,679;26,63
914,896;26,69
915,112;26,75
915,329;26,81
915,546;26,78
915,763;26,85
915,98;26,85
916,196;26,84
916,413;26,96
916,63;26,95
916,847;26,96
917,063;27,01
917,28;27,01
917,497;26,96
917,713;27,04
917,93;27,11
918,146;27,23
918,363;27,4
918,579;27,51
918,796;27,52
919,012;27,45
919,229;27,47
919,445;27,45
919,662;27,4
919,878;27,33
920,095;27,3
920,311;27,34
920,527;27,3
920,744;27,25
920,96;27,25
921,176;27,24
921,392;27,22
921,609;27,38
921,825;27,41
922,041;27,56
922,257;27,41
922,473;27,37
922,69;27,42
922,906;27,43
923,122;27,42
923,338;27,39
923,554;27,36
923,77;27,34
923,986;27,38
924,202;27,5
924,418;27,66
924,634;27,83
924,85;27,81
925,066;27,93
925,282;27,89
925,497;27,99
925,713;28,03
925,929;28,07
926,145;27,93
926,361;27,92
926,576;27,91
926,792;27,93
927,008;28,03
927,224;27,98
927,439;27,91
927,655;27,82
927,871;27,81
928,086;27,95
928,302;27,92
928,517;28,01
928,733;27,97
928,948;27,89
929,164;27,93
929,379;27,9
929,595;27,88
929,81;27,96
930,026;27,85
930,241;27,83
930,456;27,82
930,672;27,86
930,887;27,9
931,102;27,91
931,318;28,06
931,533;28
931,748;28,03
931,964;28,11
932,179;28,1
932,394;28,06
932,609;28,14
932,824;28,21
933,039;28,09
933,255;28,05
933,47;28,22
933,685;28,18
933,9;28,31
934,115;28,41
934,33;28,45
934,545;28,66
934,76;28,8
934,975;28,83
935,19;28,97
935,404;29,11
935,619;29,16
935,834;29,27
936,049;29,19
936,264;29,28
936,479;29,43
936,693;29,64
936,908;29,91
937,123;29,94
937,338;30,2
937,552;30,52
937,767;30,82
937,982;31,01
938,196;31,34
938,411;31,51
938,625;31,72
938,84;31,85
939,055;31,93
939,269;32,15
939,484;32,59
939,698;32,79
939,912;33,22
940,127;33,52
940,341;33,62
940,556;33,99
940,77;34,54
940,984;34,75
941,199;35,42
941,413;35,41
941,627;35,74
941,842;36,07
942,056;36,69
942,27;36,93
942,484;37,07
942,699;36,9
942,913;37,29
943,127;37,12
943,341;38,39
943,555;38,81
943,769;39,13
943,983;39,17
944,197;39,55
944,411;39,82
944,625;39,96
944,839;39,99
945,053;41,02
945,267;41,44
945,481;41,56
945,695;41,89
945,909;42,08
946,123;42,21
946,336;42,01
946,55;41,44
946,764;41,35
946,978;41,09
947,192;41,31
947,405;41,15
947,619;41,46
947,833;40,64
948,046;40,29
948,26;39,65
948,474;40,19
948,687;40,48
948,901;40,02
949,114;40,08
949,328;40,24
949,541;39,39
949,755;38,75
949,968;38,64
950,182;38,25
950,395;38,14
950,609;37,76
950,822;37,6
951,035;37,78
951,249;37,52
951,462;37,67
951,675;38,03
951,889;37,94
952,102;37,81
952,315;37,68
952,528;37,72
952,741;38
952,955;37,99
953,168;37,61
953,381;37,56
953,594;37,64
953,807;37,44
954,02;37,88
954,233;37,91
954,446;37,76
954,659;37,53
954,872;37,82
955,085;37,91
955,298;37,9
955,511;37,83
955,724;38,09
955,937;37,82
956,15;37,71
956,362;37,78
956,575;37,8
956,788;37,55
957,001;37,44
957,214;37,84
957,426;37,3
957,639;37,04
957,852;36,9
958,064;36,82
958,277;36,63
958,49;36,16
958,702;36,34
958,915;36,46
959,127;36,42
959,34;36,66
959,552;36,47
959,765;36,43
959,977;36,63
960,19;36,39
960,402;36,34
960,615;35,9
960,827;35,79
961,039;35,65
961,252;36,1
961,464;35,98
961,676;35,45
961,889;35,73
962,101;35,9
962,313;36,13
962,525;35,87
962,738;35,95
962,95;36,2
963,162;36,3
963,374;36,47
963,586;36,71
963,798;36,42
964,01;36,6
964,222;36,58
964,434;36,27
964,646;36,29
964,858;36,5
965,07;36,45
965,282;36,31
965,494;36,3
965,706;36,28
965,918;36,51
966,13;36,91
966,342;36,65
966,553;36,69
966,765;36,78
966,977;37,16
967,189;37,55
967,401;37,76
967,612;37,52
967,824;37,31
968,036;37,05
968,247;37,17
968,459;37,08
968,67;37,33
968,882;37,18
969,094;37,52
969,305;37,58
969,517;37,95
969,728;38,07
969,94;38,09
970,151;37,93
970,362;38,01
970,574;38,17
970,785;38,34
970,997;38,19
971,208;37,59
971,419;37,44
971,631;37,13
971,842;37,3
972,053;37,47
972,264;37,71
972,476;37,97
972,687;37,85
972,898;37,73
973,109;37,99
973,32;38,44
973,531;38,42
973,742;38,33
973,954;38,04
974,165;38,17
974,376;38,21
974,587;38,53
974,798;38,53
975,009;38,44
975,22;38,61
975,43;39,38
975,641;39,72
975,852;39,92
976,063;40,25
976,274;39,85
976,485;39,34
976,695;39,15
976,906;39,06
977,117;39,19
977,328;39,32
977,538;39,21
977,749;38,92
977,96;38,94
978,17;39,01
978,381;39,19
978,592;39,43
978,802;39,61
979,013;39,28
979,223;39,12
979,434;39,05
979,644;38,99
979,855;38,85
980,065;39,1
980,276;38,93
980,486;38,84
980,696;39,06
980,907;39,35
981,117;39,72
981,327;40,31
981,538;40,36
981,748;40,78
981,958;40,98
982,169;41,46
982,379;41,27
982,589;41,47
982,799;41,7
983,009;41,98
983,219;41,81
983,43;42,49
983,64;42,74
983,85;42,82
984,06;43,05
984,27;42,73
984,48;42,77
984,69;42,96
984,9;42,92
985,11;42,95
985,32;43,04
985,529;42,98
985,739;42,45
985,949;42,64
986,159;42,63
986,369;42,52
986,579;42,71
986,788;43,39
986,998;43,5
987,208;43,22
987,417;42,68
987,627;43,29
987,837;43,12
988,046;43,07
988,256;43,32
988,466;43
988,675;42,84
988,885;42,85
989,094;43,16
989,304;43,12
989,513;43,12
989,723;43,68
989,932;43,4
990,142;43,7
990,351;44,13
990,56;44,66
990,77;44,58
990,979;44,54
991,188;44,3
991,398;44,26
991,607;44,78
991,816;45,54
992,025;45,57
992,235;45,81
992,444;46,46
992,653;46,55
992,862;46,68
993,071;46,92
993,28;46,87
993,489;46,99
993,698;47,25
993,908;47,42
994,117;47,54
994,326;48,06
994,534;47,99
994,743;47,61
994,952;46,71
995,161;46,78
995,37;49,39
995,579;49,77
995,788;50,08
995,997;49,8
996,205;49,08
996,414;49,49
996,623;48,88
996,832;48,38
997,04;48,54
997,249;49,04
997,458;49,74
997,666;50,49
997,875;50,89
998,084;50,96
998,292;51,11
998,501;51,19
998,709;51,1
998,918;51,35
999,126;51,24
999,335;52,31
999,543;52,43
999,752;49,44
999,96;49,12
1000,169;49,35
1000,377;49,65
1000,585;50,92
1000,794;50,46
1001,002;51,04
1001,21;51,38
1001,418;51,24
1001,627;51,24
1001,835;51,8
1002,043;51,72
1002,251;51,65
1002,459;52,77
1002,668;52,95
1002,876;53,38
1003,084;53,85
1003,292;53,47
1003,5;54,12
1003,708;55,05
1003,916;55,59
1004,124;56,11
1004,332;56,79
1004,54;56,95
1004,748;57,42
1004,956;56,72
1005,163;56,73
1005,371;57,23
1005,579;57,15
1005,787;56,94
1005,995;57,2
1006,202;56,78
1006,41;56,65
1006,618;56,47
1006,826;56,07
1007,033;56,23
1007,241;56,46
1007,449;56,28
1007,656;57,1
1007,864;56,64
1008,071;55,7
1008,279;55,32
1008,486;56,15
1008,694;55,47
1008,901;55,1
1009,109;55,18
1009,316;55,44
1009,524;56,44
1009,731;56,13
1009,938;56,58
1010,146;57,19
1010,353;57,86
1010,56;57,38
1010,768;58,06
1010,975;58,63
1011,182;58,08
1011,389;57,55
1011,597;56,65
1011,804;56,64
1012,011;57,37
1012,218;58,87
1012,425;59,12
1012,632;60,17
1012,839;59,54
1013,046;60,27
1013,253;60,47
1013,46;60,65
1013,667;61,08
1013,874;60,02
1014,081;59,64
1014,288;60,08
1014,495;60,74
1014,702;59,86
1014,909;60,8
1015,116;60,64
1015,323;61,31
1015,529;61,5
1015,736;62,46
1015,943;63,73
1016,15;64,37
1016,356;64,03
1016,563;62,62
1016,77;63,2
1016,976;62,79
1017,183;63
1017,389;63,2
1017,596;64,66
1017,803;65,14
1018,009;64,97
1018,216;65,94
1018,422;67,97
1018,629;68,13
1018,835;68,07
1019,041;68,53
1019,248;68,2
1019,454;68,74
1019,661;68,8
1019,867;69,09
1020,073;69,12
1020,279;68,23
1020,486;68,88
1020,692;68,46
1020,898;69,51
1021,104;68,47
1021,311;68,67
1021,517;67,96
1021,723;68,14
1021,929;67,7
1022,135;67,5
1022,341;68,4
1022,547;68,33
1022,753;67,8
1022,959;68,26
1023,165;68,1
1023,371;68,28
1023,577;68,22
1023,783;68,18
1023,989;66,07
1024,195;68,59
1024,401;70,97
1024,607;71,69
1024,812;71,34
1025,018;72,71
1025,224;73,16
1025,43;73,78
1025,635;74,3
1025,841;75,99
1026,047;75,76
1026,252;77,57
1026,458;77,9
1026,664;77,36
1026,869;78,44
1027,075;78,8
1027,28;79,16
1027,486;80,56
1027,691;82,52
1027,897;82,83
1028,102;81,86
1028,308;83,85
1028,513;83,03
1028,719;82,27
1028,924;83,02
1029,129;83,32
1029,335;83,57
1029,54;82,26
1029,745;82,28
1029,95;83,93
1030,156;83,37
1030,361;84,77
1030,566;83,21
1030,771;83,01
1030,976;83,9
1031,182;83,33
1031,387;82,23
1031,592;83,61
1031,797;84,1
1032,002;82,42
1032,207;83,24
1032,412;84,52
1032,617;85,02
1032,822;82,44
1033,027;81,72
1033,232;82,11
1033,437;83,28
1033,642;82,84
1033,846;84,5
1034,051;84,21
1034,256;82,29
1034,461;83,32
1034,666;81,81
1034,87;82
1035,075;82,8
1035,28;82,71
1035,484;84,34
1035,689;85,02
1035,894;82,54
1036,098;81,34
1036,303;82,1
1036,507;81,63
1036,712;83,07
1036,917;83,23
1037,121;84,04
1037,325;83,22
1037,53;83,95
1037,734;83,11
1037,939;83,64
1038,143;86,68
1038,348;88,72
1038,552;90,73
1038,756;89,66
1038,961;91,93
1039,165;91,17
1039,369;92,21
1039,573;92,59
1039,778;93,03
1039,982;93,89
1040,186;96,87
1040,39;99,82
1040,594;100,06
1040,798;101,97
1041,002;101,27
1041,206;102,37
1041,41;107,55
1041,614;108,25
1041,818;108,63
1042,022;108,45
1042,226;109,43
1042,43;107,74
1042,634;112,11
1042,838;112,74
1043,042;113,84
1043,246;113,61
1043,45;118,22
1043,653;117,14
1043,857;119,17
1044,061;120,2
1044,265;118,81
1044,468;118,84
1044,672;118,88
1044,876;123,18
1045,079;121,06
1045,283;120,79
1045,487;119,7
1045,69;119,03
1045,894;125,38
1046,097;125,7
1046,301;125,73
1046,504;124,89
1046,708;125,67
1046,911;120,13
1047,115;119,77
1047,318;121,22
1047,522;122,9
1047,725;119,09
1047,928;120,03
1048,132;120,1
1048,335;119,34
1048,538;120,91
1048,741;122,84
1048,945;121,16
1049,148;119
1049,351;122,16
1049,554;128,1
1049,757;128,92
1049,96;128,49
1050,163;124,05
1050,367;124,72
1050,57;130,09
1050,773;131,26
1050,976;131,67
1051,179;135,89
1051,382;135,68
1051,585;134,6
1051,787;133,75
1051,99;135,51
1052,193;139,61
1052,396;140,06
1052,599;139,59
1052,802;141,62
1053,005;139,46
1053,207;145,84
1053,41;142,91
1053,613;143,85
1053,815;138,8
1054,018;140,65
1054,221;145,48
1054,423;146,71
1054,626;146,02
1054,829;144,12
1055,031;146,55
1055,234;146,45
1055,436;143,77
1055,639;145,43
1055,841;147,45
1056,044;150,77
1056,246;151,72
