186,01;86,79
186,281;91,71
186,552;103,22
186,822;125,29
187,093;100
187,364;-8,28
187,635;69,26
187,905;55,81
188,176;50,9
188,447;41,66
188,717;40,76
188,988;29,45
189,258;35,26
189,529;43,08
189,8;37,23
190,07;37,88
190,341;37,11
190,611;33,69
190,882;33,27
191,152;30,51
191,423;25,36
191,693;26,81
191,964;25,82
192,234;28,19
192,505;28,46
192,775;31,48
193,045;32,2
193,316;29,49
193,586;29,8
193,856;28,48
194,127;28,56
194,397;27,1
194,667;28,05
194,938;25,97
195,208;24,73
195,478;25,04
195,748;25
196,019;25,12
196,289;23,76
196,559;22,72
196,829;22,43
197,099;23,37
197,37;21,95
197,64;21,6
197,91;20,5
198,18;19,63
198,45;18,44
198,72;18,51
198,99;18,86
199,26;18,06
199,53;18,4
199,8;18
200,07;18,09
200,34;17,15
200,61;16,45
200,88;16,89
201,15;17,07
201,42;16,11
201,69;15,31
201,96;15,84
202,23;15,04
202,499;14,94
202,769;14,38
203,039;14,02
203,309;12,89
203,579;12,19
203,849;12,88
204,118;12,72
204,388;12,19
204,658;11,66
204,927;11,61
205,197;10,78
205,467;10,9
205,736;10,79
206,006;10,43
206,276;10,98
206,545;10,91
206,815;10,7
207,085;10,7
207,354;10,82
207,624;10,15
207,893;10,44
208,163;10,52
208,432;10,48
208,702;10,43
208,971;10,55
209,241;10,77
209,51;10,66
209,78;10,48
210,049;10,27
210,318;10,51
210,588;10,31
210,857;10,54
211,127;10,41
211,396;10,07
211,665;10,13
211,935;9,99
212,204;9,74
212,473;9,54
212,742;9,43
213,012;9,47
213,281;9,63
213,55;9,66
213,819;9,48
214,088;9,51
214,358;9,58
214,627;9,6
214,896;9,36
215,165;8,91
215,434;8,77
215,703;8,65
215,972;8,58
216,241;8,54
216,51;8,53
216,779;8,4
217,048;8,57
217,317;8,42
217,586;8,53
217,855;8,46
218,124;8,38
218,393;8,34
218,662;8,24
218,931;8,22
219,2;8,02
219,469;8,11
219,738;8,04
220,006;8,09
220,275;8,03
220,544;8,2
220,813;8,27
221,082;8,31
221,35;8,39
221,619;8,3
221,888;8,29
222,157;8,23
222,425;8,22
222,694;8,1
222,963;8,21
223,231;8,03
223,5;8,04
223,769;7,95
224,037;7,93
224,306;7,83
224,574;7,79
224,843;7,83
225,111;7,65
225,38;7,63
225,648;7,5
225,917;7,47
226,185;7,35
226,454;7,34
226,722;7,47
226,991;7,42
227,259;7,47
227,528;7,48
227,796;7,5
228,064;7,41
228,333;7,45
228,601;7,42
228,869;7,41
229,138;7,36
229,406;7,49
229,674;7,46
229,942;7,46
230,211;7,51
230,479;7,52
230,747;7,55
231,015;7,46
231,283;7,52
231,552;7,52
231,82;7,52
232,088;7,46
232,356;7,35
232,624;7,32
232,892;7,27
233,16;7,25
233,428;7,22
233,696;7,24
233,964;7,2
234,232;7,24
234,5;7,25
234,768;7,27
235,036;7,21
235,304;7,24
235,572;7,27
235,84;7,22
236,108;7,18
236,376;7,15
236,644;7,19
236,912;7,18
237,179;7,2
237,447;7,18
237,715;7,23
237,983;7,24
238,251;7,26
238,518;7,28
238,786;7,31
239,054;7,32
239,322;7,33
239,589;7,34
239,857;7,31
240,125;7,33
240,392;7,35
240,66;7,37
240,927;7,35
241,195;7,34
241,463;7,39
241,73;7,41
241,998;7,43
242,265;7,43
242,533;7,49
242,8;7,47
243,068;7,5
243,335;7,46
243,603;7,48
243,87;7,47
244,138;7,49
244,405;7,47
244,672;7,49
244,94;7,49
245,207;7,49
245,474;7,49
245,742;7,49
246,009;7,45
246,276;7,47
246,544;7,45
246,811;7,43
247,078;7,43
247,345;7,46
247,613;7,49
247,88;7,47
248,147;7,42
248,414;7,42
248,681;7,43
248,948;7,46
249,215;7,45
249,483;7,42
249,75;7,4
250,017;7,37
250,284;7,34
250,551;7,33
250,818;7,34
251,085;7,32
251,352;7,31
251,619;7,32
251,886;7,28
252,153;7,28
252,42;7,26
252,687;7,21
252,953;7,21
253,22;7,18
253,487;7,21
253,754;7,18
254,021;7,17
254,288;7,17
254,555;7,16
254,821;7,16
255,088;7,16
255,355;7,14
255,622;7,16
255,888;7,14
256,155;7,13
256,422;7,12
256,688;7,1
256,955;7,09
257,222;7,09
257,488;7,1
257,755;7,11
258,022;7,12
258,288;7,11
258,555;7,07
258,821;7,07
259,088;7,05
259,354;7,02
259,621;7,02
259,887;7,03
260,154;7,01
260,42;7,01
260,687;7,02
260,953;7,03
261,219;7
261,486;6,98
261,752;7,02
262,019;7,01
262,285;7,02
262,551;6,99
262,818;7,01
263,084;6,99
263,35;6,98
263,616;6,98
263,883;6,99
264,149;7,03
264,415;7,05
264,681;7,06
264,947;7,09
265,214;7,07
265,48;7,06
265,746;7,06
266,012;7,07
266,278;7,05
266,544;7,04
266,81;7,06
267,076;7,1
267,342;7,06
267,608;7,08
267,874;7,06
268,14;7,1
268,406;7,07
268,672;7,09
268,938;7,1
269,204;7,1
269,47;7,1
269,736;7,05
270,002;7,01
270,268;7,03
270,533;7,03
270,799;7,05
271,065;7,02
271,331;7,02
271,597;7,02
271,862;7,05
272,128;7,05
272,394;7,05
272,66;7,03
272,925;7,04
273,191;7,04
273,457;7,11
273,722;7,1
273,988;7,12
274,254;7,1
274,519;7,11
274,785;7,13
275,05;7,12
275,316;7,12
275,582;7,14
275,847;7,12
276,113;7,12
276,378;7,1
276,644;7,1
276,909;7,11
277,174;7,11
277,44;7,11
277,705;7,1
277,971;7,08
278,236;7,09
278,501;7,09
278,767;7,08
279,032;7,07
279,297;7,09
279,563;7,05
279,828;7,06
280,093;7,04
280,358;7
280,624;6,99
280,889;7,01
281,154;7,03
281,419;7,03
281,684;7,04
281,95;7,05
282,215;7,08
282,48;7,06
282,745;7,06
283,01;7,07
283,275;7,07
283,54;7,07
283,805;7,08
284,07;7,11
284,335;7,1
284,6;7,07
284,865;7,06
285,13;7,05
285,395;7,07
285,66;7,1
285,925;7,14
286,19;7,18
286,455;7,17
286,72;7,17
286,985;7,16
287,249;7,15
287,514;7,16
287,779;7,18
288,044;7,23
288,309;7,21
288,573;7,19
288,838;7,23
289,103;7,27
289,367;7,27
289,632;7,26
289,897;7,28
290,161;7,31
290,426;7,34
290,691;7,39
290,955;7,4
291,22;7,4
291,484;7,41
291,749;7,4
292,014;7,4
292,278;7,43
292,543;7,47
292,807;7,49
293,072;7,5
293,336;7,46
293,6;7,45
293,865;7,48
294,129;7,52
294,394;7,53
294,658;7,55
294,922;7,55
295,187;7,56
295,451;7,58
295,715;7,57
295,98;7,56
296,244;7,55
296,508;7,55
296,773;7,58
297,037;7,59
297,301;7,62
297,565;7,65
297,829;7,61
298,094;7,61
298,358;7,59
298,622;7,62
298,886;7,63
299,15;7,64
299,414;7,64
299,678;7,64
299,942;7,65
300,206;7,65
300,47;7,66
300,734;7,66
300,998;7,64
301,262;7,65
301,526;7,65
301,79;7,65
302,054;7,69
302,318;7,67
302,582;7,68
302,846;7,66
303,11;7,65
303,374;7,64
303,637;7,65
303,901;7,68
304,165;7,66
304,429;7,69
304,693;7,7
304,956;7,72
305,22;7,72
305,484;7,75
305,747;7,74
306,011;7,76
306,275;7,74
306,538;7,78
306,802;7,82
307,066;7,82
307,329;7,85
307,593;7,83
307,856;7,81
308,12;7,77
308,384;7,82
308,647;7,83
308,911;7,84
309,174;7,83
309,438;7,78
309,701;7,79
309,964;7,79
310,228;7,79
310,491;7,78
310,755;7,77
311,018;7,75
311,281;7,71
311,545;7,7
311,808;7,71
312,071;7,68
312,335;7,62
312,598;7,63
312,861;7,62
313,124;7,62
313,388;7,67
313,651;7,65
313,914;7,63
314,177;7,61
314,44;7,6
314,704;7,61
314,967;7,64
315,23;7,64
315,493;7,62
315,756;7,6
316,019;7,61
316,282;7,61
316,545;7,58
316,808;7,61
317,071;7,62
317,334;7,61
317,597;7,61
317,86;7,62
318,123;7,62
318,386;7,6
318,649;7,6
318,912;7,58
319,175;7,6
319,437;7,56
319,7;7,56
319,963;7,61
320,226;7,62
320,489;7,62
320,751;7,62
321,014;7,58
321,277;7,59
321,54;7,55
321,802;7,56
322,065;7,55
322,328;7,54
322,59;7,51
322,853;7,51
323,116;7,5
323,378;7,52
323,641;7,47
323,903;7,48
324,166;7,47
324,428;7,46
324,691;7,45
324,953;7,47
325,216;7,47
325,478;7,45
325,741;7,41
326,003;7,4
326,266;7,4
326,528;7,42
326,791;7,41
327,053;7,4
327,315;7,38
327,578;7,43
327,84;7,42
328,102;7,41
328,365;7,44
328,627;7,39
328,889;7,38
329,151;7,42
329,414;7,43
329,676;7,43
329,938;7,41
330,2;7,38
330,462;7,37
330,725;7,35
330,987;7,35
331,249;7,35
331,511;7,35
331,773;7,36
332,035;7,4
332,297;7,4
332,559;7,37
332,821;7,34
333,083;7,3
333,345;7,28
333,607;7,3
333,869;7,3
334,131;7,33
334,393;7,37
334,655;7,32
334,917;7,3
335,179;7,27
335,44;7,27
335,702;7,29
335,964;7,31
336,226;7,32
336,488;7,3
336,749;7,28
337,011;7,29
337,273;7,26
337,535;7,23
337,796;7,21
338,058;7,24
338,32;7,27
338,581;7,26
338,843;7,26
339,105;7,27
339,366;7,23
339,628;7,27
339,889;7,23
340,151;7,25
340,412;7,27
340,674;7,25
340,935;7,25
341,197;7,27
341,458;7,26
341,72;7,25
341,981;7,22
342,243;7,26
342,504;7,27
342,766;7,27
343,027;7,27
343,288;7,32
343,55;7,34
343,811;7,34
344,072;7,29
344,334;7,34
344,595;7,3
344,856;7,31
345,117;7,31
345,379;7,31
345,64;7,3
345,901;7,29
346,162;7,31
346,423;7,28
346,684;7,24
346,946;7,26
347,207;7,27
347,468;7,32
347,729;7,29
347,99;7,31
348,251;7,32
348,512;7,28
348,773;7,23
349,034;7,2
349,295;7,21
349,556;7,23
349,817;7,21
350,078;7,2
350,339;7,19
350,6;7,15
350,86;7,14
351,121;7,13
351,382;7,14
351,643;7,15
351,904;7,17
352,165;7,15
352,425;7,14
352,686;7,14
352,947;7,13
353,208;7,11
353,468;7,11
353,729;7,13
353,99;7,13
354,25;7,15
354,511;7,16
354,772;7,16
355,032;7,17
355,293;7,12
355,553;7,13
355,814;7,15
356,074;7,1
356,335;7,12
356,596;7,13
356,856;7,14
357,116;7,13
357,377;7,16
357,637;7,16
357,898;7,14
358,158;7,14
358,419;7,15
358,679;7,2
358,939;7,15
359,2;7,12
359,46;7,17
359,72;7,16
359,981;7,19
360,241;7,16
360,501;7,19
360,761;7,22
361,022;7,21
361,282;7,19
361,542;7,25
361,802;7,23
362,062;7,24
362,323;7,21
362,583;7,22
362,843;7,19
363,103;7,22
363,363;7,24
363,623;7,24
363,883;7,24
364,143;7,19
364,403;7,19
364,663;7,2
364,923;7,21
365,183;7,22
365,443;7,21
365,703;7,2
365,963;7,2
366,223;7,22
366,483;7,22
366,743;7,23
367,002;7,2
367,262;7,18
367,522;7,18
367,782;7,16
368,042;7,17
368,301;7,17
368,561;7,19
368,821;7,2
369,081;7,2
369,34;7,16
369,6;7,16
369,86;7,18
370,119;7,16
370,379;7,15
370,638;7,14
370,898;7,16
371,158;7,17
371,417;7,15
371,677;7,12
371,936;7,17
372,196;7,15
372,455;7,19
372,715;7,19
372,974;7,22
373,234;7,24
373,493;7,28
373,753;7,31
374,012;7,3
374,271;7,28
374,531;7,29
374,79;7,33
375,049;7,35
375,309;7,32
375,568;7,38
375,827;7,36
376,086;7,36
376,346;7,35
376,605;7,36
376,864;7,37
377,123;7,38
377,383;7,35
377,642;7,4
377,901;7,41
378,16;7,4
378,419;7,37
378,678;7,36
378,937;7,34
379,196;7,33
379,455;7,37
379,714;7,4
379,973;7,42
380,232;7,42
380,491;7,42
380,75;7,4
381,009;7,37
381,268;7,38
381,527;7,41
381,786;7,4
382,045;7,42
382,304;7,46
382,563;7,48
382,821;7,54
383,08;7,51
383,339;7,53
383,598;7,62
383,857;7,6
384,115;7,64
384,374;7,63
384,633;7,69
384,891;7,66
385,15;7,66
385,409;7,71
385,667;7,71
385,926;7,73
386,185;7,75
386,443;7,76
386,702;7,71
386,96;7,7
387,219;7,73
387,477;7,71
387,736;7,67
387,994;7,66
388,253;7,6
388,511;7,59
388,77;7,6
389,028;7,58
389,287;7,57
389,545;7,56
389,803;7,56
390,062;7,48
390,32;7,46
390,578;7,47
390,837;7,42
391,095;7,45
391,353;7,47
391,612;7,53
391,87;7,53
392,128;7,58
392,386;7,62
392,644;7,61
392,903;7,58
393,161;7,63
393,419;7,62
393,677;7,64
393,935;7,66
394,193;7,65
394,451;7,65
394,709;7,66
394,967;7,7
395,225;7,72
395,483;7,78
395,741;7,84
395,999;7,87
396,257;7,93
396,515;7,93
396,773;7,93
397,031;7,92
397,289;7,95
397,547;7,96
397,805;7,97
398,062;8,02
398,32;8,05
398,578;8,06
398,836;8,02
399,094;8,02
399,351;8,03
399,609;8,04
399,867;8,05
400,124;8,12
400,382;8,12
400,64;8,14
400,897;8,15
401,155;8,12
401,413;8,13
401,67;8,08
401,928;8,1
402,185;8,13
402,443;8,15
402,701;8,15
402,958;8,18
403,216;8,2
403,473;8,15
403,73;8,17
403,988;8,19
404,245;8,29
404,503;8,31
404,76;8,32
405,018;8,3
405,275;8,35
405,532;8,36
405,79;8,34
406,047;8,34
406,304;8,36
406,561;8,38
406,819;8,4
407,076;8,4
407,333;8,42
407,59;8,43
407,848;8,41
408,105;8,41
408,362;8,42
408,619;8,42
408,876;8,39
409,133;8,41
409,39;8,46
409,647;8,5
409,904;8,47
410,161;8,51
410,418;8,57
410,675;8,51
410,932;8,49
411,189;8,51
411,446;8,52
411,703;8,49
411,96;8,51
412,217;8,48
412,474;8,49
412,731;8,51
412,988;8,54
413,245;8,61
413,501;8,6
413,758;8,6
414,015;8,56
414,272;8,63
414,529;8,66
414,785;8,63
415,042;8,62
415,299;8,72
415,555;8,67
415,812;8,63
416,069;8,66
416,325;8,69
416,582;8,67
416,838;8,67
417,095;8,69
417,352;8,71
417,608;8,79
417,865;8,85
418,121;8,84
418,378;8,84
418,634;8,81
418,891;8,91
419,147;8,93
419,403;9
419,66;9,03
419,916;9,06
420,173;9,09
420,429;9,1
420,685;9,08
420,942;9,16
421,198;9,22
421,454;9,25
421,711;9,27
421,967;9,37
422,223;9,43
422,479;9,46
422,735;9,51
422,992;9,52
423,248;9,52
423,504;9,56
423,76;9,6
424,016;9,61
424,272;9,55
424,528;9,54
424,784;9,53
425,041;9,56
425,297;9,54
425,553;9,6
425,809;9,63
426,065;9,64
426,32;9,67
426,576;9,68
426,832;9,7
427,088;9,7
427,344;9,64
427,6;9,71
427,856;9,73
428,112;9,76
428,368;9,72
428,623;9,79
428,879;9,82
429,135;9,79
429,391;9,82
429,646;9,93
429,902;10,04
430,158;10,11
430,414;10,13
430,669;10,21
430,925;10,2
431,181;10,25
431,436;10,35
431,692;10,35
431,947;10,38
432,203;10,43
432,458;10,46
432,714;10,57
432,97;10,59
433,225;10,65
433,481;10,66
433,736;10,74
433,991;10,74
434,247;10,79
434,502;10,9
434,758;10,99
435,013;11
435,268;11,01
435,524;11,01
435,779;11,03
436,034;11,02
436,29;11,06
436,545;11,04
436,8;11,06
437,056;11,14
437,311;11,19
437,566;11,23
437,821;11,29
438,076;11,31
438,331;11,34
438,587;11,37
438,842;11,42
439,097;11,52
439,352;11,6
439,607;11,6
439,862;11,59
440,117;11,64
440,372;11,67
440,627;11,7
440,882;11,76
441,137;11,87
441,392;11,96
441,647;12,03
441,902;12,12
442,157;12,17
442,412;12,19
442,667;12,24
442,921;12,26
443,176;12,37
443,431;12,4
443,686;12,43
443,941;12,46
444,195;12,52
444,45;12,51
444,705;12,53
444,96;12,58
445,214;12,63
445,469;12,63
445,724;12,71
445,978;12,77
446,233;12,82
446,487;12,84
446,742;12,82
446,997;12,83
447,251;12,84
447,506;12,84
447,76;12,88
448,015;12,9
448,269;12,92
448,524;12,9
448,778;12,95
449,033;12,96
449,287;12,96
449,541;12,97
449,796;12,99
450,05;13,03
450,305;13,07
450,559;13,05
450,813;13,09
451,067;13,05
451,322;13,01
451,576;13
451,83;13,06
452,084;13,11
452,339;13,15
452,593;13,21
452,847;13,26
453,101;13,26
453,355;13,34
453,609;13,37
453,864;13,38
454,118;13,37
454,372;13,4
454,626;13,44
454,88;13,51
455,134;13,5
455,388;13,5
455,642;13,49
455,896;13,53
456,15;13,5
456,404;13,55
456,658;13,58
456,912;13,59
457,165;13,53
457,419;13,48
457,673;13,43
457,927;13,38
458,181;13,37
458,435;13,34
458,688;13,33
458,942;13,31
459,196;13,3
459,45;13,31
459,703;13,28
459,957;13,28
460,211;13,23
460,464;13,25
460,718;13,27
460,972;13,31
461,225;13,31
461,479;13,34
461,732;13,33
461,986;13,37
462,239;13,33
462,493;13,36
462,746;13,39
463;13,38
463,253;13,46
463,507;13,48
463,76;13,5
464,014;13,49
464,267;13,54
464,52;13,56
464,774;13,57
465,027;13,63
465,28;13,65
465,534;13,65
465,787;13,67
466,04;13,65
466,294;13,65
466,547;13,64
466,8;13,65
467,053;13,67
467,306;13,67
467,56;13,74
467,813;13,76
468,066;13,78
468,319;13,79
468,572;13,73
468,825;13,77
469,078;13,85
469,331;13,9
469,584;13,91
469,837;13,93
470,09;14,01
470,343;14
470,596;14,02
470,849;14,08
471,102;14,07
471,355;14,11
471,608;14,14
471,861;14,22
472,114;14,25
472,367;14,27
472,619;14,34
472,872;14,35
473,125;14,38
473,378;14,46
473,631;14,56
473,883;14,62
474,136;14,64
474,389;14,66
474,641;14,66
474,894;14,69
475,147;14,71
475,399;14,71
475,652;14,75
475,905;14,8
476,157;14,86
476,41;14,92
476,662;14,96
476,915;15
477,167;15
477,42;15,04
477,672;15,07
477,925;15,09
478,177;15,15
478,43;15,18
478,682;15,18
478,934;15,16
479,187;15,17
479,439;15,2
479,691;15,25
479,944;15,31
480,196;15,36
480,448;15,43
480,701;15,44
480,953;15,48
481,205;15,51
481,457;15,51
481,709;15,58
481,962;15,64
482,214;15,72
482,466;15,83
482,718;15,95
482,97;16,06
483,222;16,16
483,474;16,26
483,726;16,37
483,978;16,47
484,23;16,58
484,482;16,63
484,734;16,69
484,986;16,72
485,238;16,75
485,49;16,77
485,742;16,8
485,994;16,86
486,246;16,88
486,498;16,89
486,75;16,93
487,001;16,96
487,253;16,99
487,505;17,01
487,757;17,04
488,009;17,03
488,26;17,05
488,512;17,09
488,764;17,09
489,015;17,07
489,267;17,11
489,519;17,12
489,77;17,17
490,022;17,2
490,274;17,24
490,525;17,29
490,777;17,35
491,028;17,4
491,28;17,45
491,531;17,55
491,783;17,63
492,034;17,71
492,286;17,77
492,537;17,84
492,789;17,91
493,04;17,95
493,291;18,02
493,543;18,06
493,794;18,09
494,045;18,16
494,297;18,22
494,548;18,25
494,799;18,27
495,051;18,33
495,302;18,41
495,553;18,46
495,804;18,51
496,056;18,61
496,307;18,67
496,558;18,72
496,809;18,79
497,06;18,87
497,311;18,89
497,562;18,97
497,813;19,04
498,064;19,13
498,316;19,2
498,567;19,26
498,818;19,32
499,069;19,43
499,319;19,5
499,57;19,58
499,821;19,65
500,072;19,76
500,323;19,85
500,574;19,92
500,825;20,03
501,076;20,14
501,327;20,22
501,577;20,29
501,828;20,36
502,079;20,44
502,33;20,53
502,58;20,64
502,831;20,72
503,082;20,78
503,333;20,88
503,583;20,93
503,834;21,03
504,084;21,14
504,335;21,21
504,586;21,28
504,836;21,39
505,087;21,5
505,337;21,62
505,588;21,72
505,838;21,8
506,089;21,91
506,339;21,99
506,59;22,08
506,84;22,19
507,091;22,35
507,341;22,46
507,591;22,57
507,842;22,67
508,092;22,76
508,343;22,87
508,593;22,93
508,843;23,01
509,093;23,08
509,344;23,19
509,594;23,28
509,844;23,38
510,094;23,45
510,345;23,55
510,595;23,67
510,845;23,73
511,095;23,84
511,345;23,92
511,595;24,01
511,845;24,11
512,095;24,2
512,345;24,26
512,595;24,36
512,845;24,45
513,095;24,55
513,345;24,66
513,595;24,76
513,845;24,86
514,095;25,01
514,345;25,13
514,595;25,22
514,845;25,31
515,095;25,44
515,345;25,55
515,594;25,66
515,844;25,74
516,094;25,9
516,344;26,02
516,593;26,1
516,843;26,22
517,093;26,31
517,343;26,43
517,592;26,56
517,842;26,68
518,092;26,78
518,341;26,88
518,591;26,99
518,84;27,1
519,09;27,26
519,34;27,4
519,589;27,52
519,839;27,66
520,088;27,8
520,338;27,91
520,587;28,05
520,836;28,17
521,086;28,3
521,335;28,42
521,585;28,51
521,834;28,69
522,083;28,82
522,333;28,95
522,582;29,06
522,831;29,22
523,081;29,34
523,33;29,5
523,579;29,67
523,828;29,83
524,078;29,98
524,327;30,12
524,576;30,25
524,825;30,4
525,074;30,56
525,323;30,72
525,573;30,9
525,822;31,06
526,071;31,24
526,32;31,4
526,569;31,52
526,818;31,71
527,067;31,84
527,316;32,01
527,565;32,22
527,814;32,38
528,063;32,52
528,312;32,66
528,56;32,81
528,809;32,96
529,058;33,14
529,307;33,32
529,556;33,46
529,805;33,62
530,053;33,81
530,302;33,97
530,551;34,15
530,8;34,3
531,048;34,47
531,297;34,62
531,546;34,81
531,794;34,99
532,043;35,16
532,292;35,36
532,54;35,54
532,789;35,69
533,037;35,87
533,286;36,03
533,535;36,24
533,783;36,41
534,032;36,61
534,28;36,77
534,528;36,93
534,777;37,14
535,025;37,31
535,274;37,47
535,522;37,67
535,771;37,85
536,019;38
536,267;38,17
536,516;38,36
536,764;38,54
537,012;38,75
537,26;38,94
537,509;39,14
537,757;39,28
538,005;39,5
538,253;39,66
538,501;39,85
538,75;40,01
538,998;40,18
539,246;40,39
539,494;40,55
539,742;40,74
539,99;40,92
540,238;41,12
540,486;41,32
540,734;41,46
540,982;41,64
541,23;41,86
541,478;42,02
541,726;42,19
541,974;42,37
542,222;42,56
542,47;42,74
542,718;42,91
542,966;43,12
543,213;43,26
543,461;43,5
543,709;43,69
543,957;43,89
544,205;44,13
544,452;44,28
544,7;44,47
544,948;44,66
545,196;44,85
545,443;45,07
545,691;45,24
545,939;45,49
546,186;45,68
546,434;45,86
546,681;46,06
546,929;46,27
547,176;46,46
547,424;46,63
547,671;46,79
547,919;46,99
548,166;47,2
548,414;47,43
548,661;47,61
548,909;47,83
549,156;48,01
549,404;48,13
549,651;48,33
549,898;48,54
550,146;48,75
550,393;48,92
550,64;49,07
550,888;49,27
551,135;49,44
551,382;49,6
551,629;49,78
551,876;50
552,124;50,2
552,371;50,4
552,618;50,58
552,865;50,81
553,112;50,96
553,359;51,14
553,606;51,28
553,854;51,46
554,101;51,64
554,348;51,83
554,595;52,06
554,842;52,24
555,089;52,37
555,336;52,53
555,582;52,69
555,829;52,88
556,076;53,04
556,323;53,17
556,57;53,32
556,817;53,51
557,064;53,66
557,311;53,8
557,557;53,93
557,804;54,1
558,051;54,23
558,298;54,42
558,544;54,58
558,791;54,76
559,038;54,9
559,284;55,03
559,531;55,19
559,778;55,32
560,024;55,46
560,271;55,65
560,517;55,78
560,764;55,96
561,011;56,04
561,257;56,21
561,504;56,37
561,75;56,54
561,997;56,64
562,243;56,78
562,489;56,93
562,736;57,05
562,982;57,2
563,229;57,35
563,475;57,48
563,721;57,59
563,968;57,74
564,214;57,89
564,46;58,03
564,707;58,15
564,953;58,27
565,199;58,39
565,445;58,54
565,691;58,67
565,938;58,8
566,184;58,95
566,43;59,06
566,676;59,17
566,922;59,31
567,168;59,44
567,414;59,55
567,66;59,62
567,906;59,74
568,152;59,82
568,398;59,92
568,644;60,02
568,89;60,1
569,136;60,18
569,382;60,23
569,628;60,29
569,874;60,34
570,12;60,46
570,366;60,57
570,612;60,66
570,857;60,74
571,103;60,81
571,349;60,89
571,595;60,96
571,84;61,05
572,086;61,11
572,332;61,19
572,578;61,27
572,823;61,35
573,069;61,41
573,315;61,5
573,56;61,57
573,806;61,66
574,051;61,75
574,297;61,82
574,542;61,9
574,788;61,97
575,034;62,07
575,279;62,12
575,524;62,18
575,77;62,24
576,015;62,31
576,261;62,37
576,506;62,46
576,752;62,54
576,997;62,6
577,242;62,67
577,488;62,75
577,733;62,81
577,978;62,9
578,223;62,98
578,469;63,01
578,714;63,05
578,959;63,09
579,204;63,14
579,45;63,19
579,695;63,26
579,94;63,31
580,185;63,35
580,43;63,39
580,675;63,44
580,92;63,47
581,165;63,5
581,41;63,57
581,655;63,61
581,9;63,63
582,145;63,67
582,39;63,72
582,635;63,75
582,88;63,79
583,125;63,85
583,37;63,88
583,615;63,94
583,86;63,99
584,105;64,04
584,349;64,12
584,594;64,16
584,839;64,21
585,084;64,27
585,328;64,34
585,573;64,39
585,818;64,44
586,063;64,47
586,307;64,52
586,552;64,53
586,797;64,57
587,041;64,62
587,286;64,66
587,53;64,68
587,775;64,74
588,019;64,75
588,264;64,76
588,508;64,83
588,753;64,9
588,997;64,96
589,242;65,03
589,486;65,01
589,731;65,06
589,975;65,08
590,22;65,12
590,464;65,15
590,708;65,18
590,953;65,2
591,197;65,24
591,441;65,27
591,685;65,3
591,93;65,32
592,174;65,34
592,418;65,39
592,662;65,39
592,907;65,38
593,151;65,4
593,395;65,39
593,639;65,36
593,883;65,39
594,127;65,37
594,371;65,35
594,615;65,42
594,859;65,42
595,103;65,41
595,347;65,42
595,591;65,42
595,835;65,4
596,079;65,43
596,323;65,45
596,567;65,46
596,811;65,48
597,055;65,46
597,299;65,45
597,542;65,43
597,786;65,45
598,03;65,47
598,274;65,48
598,518;65,52
598,761;65,52
599,005;65,48
599,249;65,51
599,492;65,54
599,736;65,5
599,98;65,5
600,223;65,53
600,467;65,53
600,711;65,53
600,954;65,54
601,198;65,53
601,441;65,55
601,685;65,54
601,928;65,55
602,172;65,58
602,415;65,61
602,659;65,63
602,902;65,61
603,145;65,62
603,389;65,65
603,632;65,63
603,876;65,68
604,119;65,7
604,362;65,69
604,606;65,66
604,849;65,67
605,092;65,68
605,335;65,71
605,579;65,72
605,822;65,72
606,065;65,7
606,308;65,73
606,551;65,7
606,794;65,69
607,037;65,7
607,281;65,69
607,524;65,68
607,767;65,66
608,01;65,66
608,253;65,66
608,496;65,65
608,739;65,68
608,982;65,64
609,225;65,63
609,468;65,64
609,711;65,62
609,953;65,64
610,196;65,66
610,439;65,65
610,682;65,64
610,925;65,66
611,168;65,67
611,41;65,65
611,653;65,66
611,896;65,68
612,139;65,65
612,381;65,67
612,624;65,66
612,867;65,65
613,109;65,67
613,352;65,66
613,595;65,68
613,837;65,63
614,08;65,64
614,322;65,62
614,565;65,63
614,807;65,67
615,05;65,64
615,292;65,6
615,535;65,58
615,777;65,58
616,02;65,58
616,262;65,58
616,505;65,59
616,747;65,61
616,989;65,61
617,232;65,59
617,474;65,57
617,716;65,57
617,959;65,58
618,201;65,53
618,443;65,53
618,685;65,51
618,927;65,52
619,17;65,53
619,412;65,56
619,654;65,56
619,896;65,55
620,138;65,54
620,38;65,53
620,622;65,52
620,864;65,53
621,107;65,51
621,349;65,48
621,591;65,45
621,833;65,43
622,075;65,44
622,316;65,47
622,558;65,49
622,8;65,51
623,042;65,51
623,284;65,56
623,526;65,57
623,768;65,57
624,01;65,58
624,251;65,58
624,493;65,57
624,735;65,55
624,977;65,58
625,218;65,6
625,46;65,59
625,702;65,58
625,943;65,59
626,185;65,59
626,427;65,6
626,668;65,61
626,91;65,59
627,152;65,59
627,393;65,57
627,635;65,53
627,876;65,52
628,118;65,52
628,359;65,5
628,601;65,48
628,842;65,5
629,084;65,49
629,325;65,46
629,566;65,45
629,808;65,46
630,049;65,44
630,29;65,44
630,532;65,46
630,773;65,49
631,014;65,48
631,256;65,48
631,497;65,51
631,738;65,52
631,979;65,49
632,22;65,49
632,462;65,49
632,703;65,51
632,944;65,51
633,185;65,51
633,426;65,52
633,667;65,54
633,908;65,51
634,149;65,5
634,39;65,55
634,631;65,55
634,872;65,55
635,113;65,55
635,354;65,54
635,595;65,53
635,836;65,51
636,077;65,52
636,318;65,5
636,559;65,51
636,8;65,54
637,04;65,57
637,281;65,52
637,522;65,52
637,763;65,48
638,003;65,48
638,244;65,51
638,485;65,47
638,726;65,44
638,966;65,45
639,207;65,47
639,448;65,45
639,688;65,42
639,929;65,4
640,169;65,37
640,41;65,36
640,65;65,35
640,891;65,33
641,131;65,33
641,372;65,34
641,612;65,31
641,853;65,31
642,093;65,33
642,334;65,41
642,574;65,45
642,814;65,47
643,055;65,46
643,295;65,46
643,535;65,48
643,776;65,54
644,016;65,53
644,256;65,53
644,496;65,5
644,737;65,55
644,977;65,56
645,217;65,58
645,457;65,59
645,697;65,58
645,938;65,63
646,178;65,64
646,418;65,66
646,658;65,72
646,898;65,68
647,138;65,68
647,378;65,67
647,618;65,67
647,858;65,67
648,098;65,68
648,338;65,7
648,578;65,72
648,818;65,72
649,057;65,75
649,297;65,76
649,537;65,79
649,777;65,78
650,017;65,78
650,257;65,77
650,496;65,79
650,736;65,8
650,976;65,76
661,028;65,61
661,267;65,75
661,506;65,85
661,744;65,96
661,983;66,06
662,222;66,1
662,461;66,13
662,7;66,11
662,939;66,12
663,177;66,15
663,416;66,15
663,655;66,11
663,894;66,11
664,132;66,14
664,371;66,17
664,61;66,14
664,848;66,16
665,087;66,17
665,326;66,19
665,564;66,22
665,803;66,26
666,041;66,31
666,28;66,35
666,518;66,39
666,757;66,39
666,995;66,39
667,234;66,44
667,472;66,45
667,711;66,45
667,949;66,51
668,187;66,53
668,426;66,58
668,664;66,63
668,902;66,68
669,141;66,66
669,379;66,67
669,617;66,7
669,856;66,7
670,094;66,71
670,332;66,7
670,57;66,7
670,808;66,65
671,046;66,62
671,285;66,67
671,523;66,66
671,761;66,72
671,999;66,71
672,237;66,72
672,475;66,78
672,713;66,8
672,951;66,82
673,189;66,81
673,427;66,8
673,665;66,82
673,903;66,78
674,141;66,85
674,379;66,85
674,617;66,84
674,854;66,86
675,092;66,87
675,33;66,9
675,568;66,95
675,806;66,99
676,043;67,02
676,281;67,01
676,519;67,06
676,756;67,05
676,994;67,08
677,232;67,1
677,469;67,11
677,707;67,14
677,945;67,13
678,182;67,17
678,42;67,19
678,657;67,24
678,895;67,27
679,132;67,29
679,37;67,3
679,607;67,35
679,845;67,38
680,082;67,39
680,32;67,39
680,557;67,38
680,794;67,43
681,032;67,43
681,269;67,45
681,507;67,49
681,744;67,51
681,981;67,57
682,218;67,59
682,456;67,55
682,693;67,59
682,93;67,62
683,167;67,62
683,404;67,64
683,642;67,61
683,879;67,64
684,116;67,64
684,353;67,64
684,59;67,63
684,827;67,64
685,064;67,63
685,301;67,64
685,538;67,66
685,775;67,67
686,012;67,73
686,249;67,75
686,486;67,75
686,723;67,75
686,96;67,73
687,197;67,76
687,433;67,81
687,67;67,83
687,907;67,87
688,144;67,87
688,381;67,89
688,617;67,92
688,854;67,94
689,091;67,98
689,327;68,01
689,564;68,02
689,801;68,06
690,037;68,11
690,274;68,15
690,511;68,18
690,747;68,21
690,984;68,22
691,22;68,25
691,457;68,25
691,693;68,28
691,93;68,33
692,166;68,36
692,403;68,42
692,639;68,38
692,876;68,38
693,112;68,42
693,348;68,45
693,585;68,48
693,821;68,53
694,057;68,55
694,294;68,62
694,53;68,66
694,766;68,69
695,002;68,72
695,239;68,77
695,475;68,79
695,711;68,81
695,947;68,79
696,183;68,79
696,419;68,83
696,656;68,89
696,892;68,88
697,128;68,92
697,364;68,89
697,6;68,95
697,836;69,02
698,072;69,05
698,308;69,12
698,544;69,15
698,78;69,18
699,016;69,16
699,251;69,15
699,487;69,21
699,723;69,26
699,959;69,27
700,195;69,3
700,431;69,33
700,666;69,33
700,902;69,41
701,138;69,46
701,374;69,52
701,609;69,54
701,845;69,57
702,081;69,6
702,316;69,64
702,552;69,66
702,788;69,65
703,023;69,68
703,259;69,65
703,494;69,71
703,73;69,75
703,965;69,86
704,201;69,88
704,436;69,92
704,672;69,91
704,907;69,93
705,143;69,92
705,378;69,94
705,613;69,97
705,849;69,99
706,084;70
706,319;70,02
706,555;70,01
706,79;70,04
707,025;70,07
707,26;70,09
707,496;70,13
707,731;70,15
707,966;70,2
708,201;70,27
708,436;70,28
708,671;70,26
708,907;70,26
709,142;70,29
709,377;70,27
709,612;70,35
709,847;70,41
710,082;70,48
710,317;70,53
710,552;70,66
710,787;70,67
711,022;70,72
711,257;70,72
711,492;70,76
711,726;70,79
711,961;70,84
712,196;70,87
712,431;70,89
712,666;70,92
712,901;70,95
713,135;70,93
713,37;70,99
713,605;71,06
713,839;71,07
714,074;71,15
714,309;71,2
714,543;71,22
714,778;71,27
715,013;71,29
715,247;71,34
715,482;71,3
715,716;71,35
715,951;71,39
716,185;71,46
716,42;71,47
716,654;71,51
716,889;71,48
717,123;71,49
717,358;71,51
717,592;71,54
717,827;71,52
718,061;71,55
718,295;71,53
718,53;71,55
718,764;71,57
718,998;71,55
719,232;71,56
719,467;71,56
719,701;71,55
719,935;71,59
720,169;71,58
720,403;71,56
720,638;71,56
720,872;71,55
721,106;71,54
721,34;71,56
721,574;71,58
721,808;71,64
722,042;71,71
722,276;71,73
722,51;71,75
722,744;71,83
722,978;71,9
723,212;71,92
723,446;71,93
723,68;71,97
723,914;72
724,147;72,08
724,381;72,11
724,615;72,13
724,849;72,11
725,083;72,15
725,316;72,19
725,55;72,21
725,784;72,27
726,018;72,31
726,251;72,35
726,485;72,39
726,719;72,43
726,952;72,42
727,186;72,49
727,419;72,53
727,653;72,55
727,887;72,61
728,12;72,69
728,354;72,69
728,587;72,73
728,821;72,73
729,054;72,73
729,287;72,75
729,521;72,77
729,754;72,83
729,988;72,83
730,221;72,88
730,454;72,93
730,688;72,94
730,921;72,95
731,154;72,96
731,387;72,96
731,621;73
731,854;73,07
732,087;73,06
732,32;73,11
732,553;73,11
732,787;73,1
733,02;73,06
733,253;73,11
733,486;73,08
733,719;73,15
733,952;73,19
734,185;73,23
734,418;73,26
734,651;73,27
734,884;73,34
735,117;73,32
735,35;73,26
735,583;73,26
735,816;73,28
736,049;73,32
736,281;73,36
736,514;73,36
736,747;73,33
736,98;73,34
737,213;73,3
737,445;73,28
737,678;73,32
737,911;73,36
738,144;73,36
738,376;73,43
738,609;73,44
738,842;73,39
739,074;73,41
739,307;73,47
739,539;73,46
739,772;73,44
740,004;73,47
740,237;73,56
740,469;73,6
740,702;73,63
740,934;73,69
741,167;73,7
741,399;73,74
741,632;73,77
741,864;73,8
742,096;73,91
742,329;73,97
742,561;73,97
742,793;73,98
743,026;73,98
743,258;73,97
743,49;73,93
743,723;73,97
743,955;73,97
744,187;73,95
744,419;74
744,651;74,04
744,883;74,08
745,115;74,05
745,348;74,07
745,58;74,08
745,812;74,04
746,044;74,05
746,276;74,01
746,508;74,06
746,74;74,09
746,972;74,09
747,204;74,1
747,436;74,1
747,667;74,14
747,899;74,16
748,131;74,21
748,363;74,26
748,595;74,28
748,827;74,31
749,058;74,34
749,29;74,34
749,522;74,3
749,754;74,33
749,985;74,38
750,217;74,37
750,449;74,34
750,68;74,34
750,912;74,32
751,144;74,37
751,375;74,34
751,607;74,36
751,838;74,32
752,07;74,32
752,301;74,33
752,533;74,34
752,764;74,32
752,996;74,28
753,227;74,31
753,459;74,32
753,69;74,28
753,921;74,27
754,153;74,25
754,384;74,31
754,615;74,27
754,847;74,3
755,078;74,4
755,309;74,45
755,54;74,47
755,772;74,5
756,003;74,49
756,234;74,48
756,465;74,42
756,696;74,44
756,927;74,45
757,159;74,44
757,39;74,43
757,621;74,51
757,852;74,54
758,083;74,52
758,314;74,56
758,545;74,61
758,776;74,62
759,007;74,63
759,238;74,6
759,469;74,62
759,699;74,62
759,93;74,51
760,161;74,5
760,392;74,54
760,623;74,51
760,854;74,48
761,084;74,5
761,315;74,53
761,546;74,54
761,776;74,53
762,007;74,54
762,238;74,52
762,468;74,49
762,699;74,48
762,93;74,5
763,16;74,44
763,391;74,37
763,621;74,37
763,852;74,43
764,083;74,42
764,313;74,41
764,543;74,35
764,774;74,35
765,004;74,39
765,235;74,36
765,465;74,39
765,696;74,41
765,926;74,4
766,156;74,41
766,387;74,44
766,617;74,46
766,847;74,51
767,077;74,53
767,308;74,54
767,538;74,57
767,768;74,53
767,998;74,54
768,228;74,6
768,459;74,57
768,689;74,53
768,919;74,55
769,149;74,56
769,379;74,62
769,609;74,66
769,839;74,63
770,069;74,66
770,299;74,68
770,529;74,67
770,759;74,63
770,989;74,59
771,219;74,59
771,449;74,57
771,678;74,58
771,908;74,57
772,138;74,6
772,368;74,53
772,598;74,57
772,827;74,61
773,057;74,59
773,287;74,68
773,517;74,66
773,746;74,63
773,976;74,61
774,206;74,58
774,435;74,59
774,665;74,6
774,894;74,55
775,124;74,52
775,354;74,52
775,583;74,53
775,813;74,55
776,042;74,54
776,272;74,53
776,501;74,5
776,73;74,5
776,96;74,45
777,189;74,53
777,419;74,57
777,648;74,52
777,877;74,49
778,107;74,4
778,336;74,47
778,565;74,48
778,794;74,46
779,024;74,48
779,253;74,45
779,482;74,43
779,711;74,41
779,94;74,39
780,17;74,41
780,399;74,4
780,628;74,36
780,857;74,31
781,086;74,32
781,315;74,32
781,544;74,31
781,773;74,29
782,002;74,23
782,231;74,18
782,46;74,19
782,689;74,15
782,918;74,15
783,147;74,05
783,375;74,07
783,604;74,08
783,833;74,06
784,062;74,05
784,291;74,08
784,519;74,08
784,748;74,07
784,977;74,05
785,206;74,07
785,434;74,06
785,663;74,04
785,892;74,04
786,12;74,02
786,349;74,02
786,577;74,02
786,806;74,02
787,034;74,04
787,263;74,02
787,492;74,07
787,72;74,06
787,948;74,08
788,177;74,02
788,405;74,03
788,634;73,95
788,862;73,94
789,09;73,87
789,319;73,79
789,547;73,79
789,775;73,77
790,004;73,74
790,232;73,75
790,46;73,77
790,688;73,73
790,917;73,72
791,145;73,7
791,373;73,7
791,601;73,67
791,829;73,62
792,057;73,59
792,286;73,57
792,514;73,58
792,742;73,52
792,97;73,54
793,198;73,46
793,426;73,49
793,654;73,47
793,882;73,47
794,109;73,53
794,337;73,51
794,565;73,5
794,793;73,49
795,021;73,45
795,249;73,41
795,477;73,41
795,704;73,34
795,932;73,27
796,16;73,26
796,388;73,2
796,615;73,21
796,843;73,14
797,071;73,1
797,298;73,02
797,526;73
797,754;72,94
797,981;72,92
798,209;72,86
798,436;72,86
798,664;72,82
798,891;72,81
799,119;72,73
799,346;72,68
799,574;72,68
799,801;72,72
800,029;72,65
800,256;72,65
800,483;72,69
800,711;72,7
800,938;72,64
801,165;72,65
801,393;72,58
801,62;72,64
801,847;72,65
802,074;72,61
802,302;72,64
802,529;72,62
802,756;72,64
802,983;72,67
803,21;72,64
803,437;72,61
803,665;72,59
803,892;72,61
804,119;72,6
804,346;72,56
804,573;72,5
804,8;72,5
805,027;72,4
805,254;72,32
805,481;72,31
805,708;72,23
805,934;72,18
806,161;72,19
806,388;72,13
806,615;72,07
806,842;72,08
807,069;72,03
807,295;72,02
807,522;71,99
807,749;71,97
807,976;71,92
808,202;71,93
808,429;71,9
808,656;71,91
808,882;71,96
809,109;71,94
809,335;71,97
809,562;71,96
809,789;72
810,015;71,99
810,242;71,98
810,468;72
810,695;72,01
810,921;71,94
811,147;71,91
811,374;71,91
811,6;71,9
811,827;71,88
812,053;71,87
812,279;71,86
812,506;71,8
812,732;71,79
812,958;71,77
813,185;71,7
813,411;71,65
813,637;71,59
813,863;71,6
814,089;71,56
814,315;71,55
814,542;71,51
814,768;71,52
814,994;71,48
815,22;71,5
815,446;71,44
815,672;71,46
815,898;71,46
816,124;71,41
816,35;71,37
816,576;71,35
816,802;71,31
817,028;71,25
817,254;71,25
817,48;71,2
817,705;71,14
817,931;71,16
818,157;71,13
818,383;71,06
818,609;71,03
818,834;71,01
819,06;70,98
819,286;70,93
819,512;70,9
819,737;70,82
819,963;70,76
820,189;70,73
820,414;70,66
820,64;70,59
820,865;70,6
821,091;70,56
821,316;70,52
821,542;70,46
821,767;70,47
821,993;70,42
822,218;70,39
822,444;70,33
822,669;70,29
822,895;70,27
823,12;70,32
823,345;70,33
823,571;70,15
823,796;70,11
824,021;70,06
824,247;70,09
824,472;70,07
824,697;70,08
824,922;70,1
825,147;70,11
825,373;70,12
825,598;70,12
825,823;70,16
826,048;70,16
826,273;70,1
826,498;70,16
826,723;70,19
826,948;70,17
827,173;70,19
827,398;70,14
827,623;70,15
827,848;70,11
828,073;69,95
828,298;69,99
828,523;70,02
828,748;70,06
828,973;69,99
829,197;70,04
829,422;69,94
829,647;69,88
829,872;69,8
830,097;69,85
830,321;69,81
830,546;69,77
830,771;69,74
830,995;69,82
831,22;69,69
831,445;69,64
831,669;69,67
831,894;69,63
832,118;69,64
832,343;69,6
832,567;69,54
832,792;69,6
833,016;69,65
833,241;69,53
833,465;69,44
833,69;69,36
833,914;69,22
834,139;69,26
834,363;69,25
834,587;69,29
834,812;69,21
835,036;69,18
835,26;69,14
835,485;69,16
835,709;69,14
835,933;69,11
836,157;69,03
836,381;69,02
836,606;69
836,83;68,95
837,054;68,95
837,278;68,9
837,502;68,82
837,726;68,77
837,95;68,79
838,174;68,78
838,398;68,75
838,622;68,79
838,846;68,74
839,07;68,72
839,294;68,66
839,518;68,63
839,742;68,59
839,966;68,57
840,189;68,5
840,413;68,38
840,637;68,44
840,861;68,46
841,085;68,37
841,308;68,29
841,532;68,27
841,756;68,19
841,979;68,16
842,203;68,18
842,427;68,14
842,65;68,05
842,874;68,02
843,098;68,03
843,321;67,98
843,545;67,96
843,768;67,86
843,992;67,79
844,215;67,7
844,439;67,68
844,662;67,61
844,886;67,56
845,109;67,58
845,332;67,49
845,556;67,42
845,779;67,4
846,002;67,4
846,226;67,41
846,449;67,42
846,672;67,36
846,895;67,27
847,119;67,2
847,342;67,2
847,565;67,18
847,788;67,09
848,011;67,13
848,234;67,09
848,457;67,13
848,681;67,09
848,904;67,06
849,127;66,98
849,35;67,1
849,573;67,14
849,796;67,12
850,019;67,07
850,241;67,17
850,464;67,17
850,687;67,25
850,91;67,17
851,133;67,11
851,356;67,08
851,579;67,17
851,801;67,13
852,024;67,22
852,247;67,23
852,47;67,23
852,692;67,13
852,915;67,11
853,138;67,08
853,36;67,1
853,583;67,16
853,806;67,16
854,028;67
854,251;66,95
854,473;66,92
854,696;66,95
854,918;66,88
855,141;66,85
855,363;66,75
855,586;66,78
855,808;66,71
856,031;66,7
856,253;66,67
856,475;66,76
856,698;66,66
856,92;66,63
857,142;66,64
857,365;66,67
857,587;66,61
857,809;66,62
858,031;66,68
858,253;66,6
858,476;66,63
858,698;66,58
858,92;66,53
859,142;66,55
859,364;66,47
859,586;66,53
859,808;66,47
860,03;66,44
860,252;66,35
860,474;66,44
860,696;66,56
860,918;66,43
861,14;66,39
861,362;66,38
861,584;66,35
861,806;66,32
862,028;66,33
862,25;66,37
862,471;66,29
862,693;66,14
862,915;66,15
863,137;66,02
863,358;66,04
863,58;65,96
863,802;65,89
864,024;65,93
864,245;65,8
864,467;65,83
864,688;65,83
864,91;65,89
865,132;65,83
865,353;65,71
865,575;65,74
865,796;65,66
866,018;65,57
866,239;65,54
866,461;65,49
866,682;65,34
866,903;65,19
867,125;65,2
867,346;65,2
867,567;65,13
867,789;65,12
868,01;65,17
868,231;65,15
868,453;65,18
868,674;65,1
868,895;65,07
869,116;65,05
869,337;65,02
869,559;64,89
869,78;64,88
870,001;64,73
870,222;64,74
870,443;64,7
870,664;64,72
870,885;64,72
871,106;64,72
871,327;64,86
871,548;64,99
871,769;64,91
871,99;64,86
872,211;64,95
872,432;64,99
872,653;64,84
872,874;64,91
873,094;64,91
873,315;64,87
873,536;64,85
873,757;64,72
873,978;64,78
874,198;64,7
874,419;64,66
874,64;64,64
874,86;64,54
875,081;64,48
875,302;64,45
875,522;64,36
875,743;64,37
875,963;64,22
876,184;64,15
876,404;64,11
876,625;64,12
876,845;64,03
877,066;63,99
877,286;64,11
877,507;64,05
877,727;63,94
877,947;63,97
878,168;63,93
878,388;63,99
878,609;63,87
878,829;64,02
879,049;64,05
879,269;64,2
879,49;64,16
879,71;64,22
879,93;64,21
880,15;64,15
880,37;64,22
880,59;64,15
880,811;64,21
881,031;64,23
881,251;64,25
881,471;64,26
881,691;64,31
881,911;64,18
882,131;64,11
882,351;64,06
882,571;63,98
882,791;64,03
883,011;63,99
883,23;63,99
883,45;63,93
883,67;63,9
883,89;63,8
884,11;63,81
884,33;63,73
884,549;63,71
884,769;63,79
884,989;63,63
885,209;63,79
885,428;63,7
885,648;63,63
885,868;63,62
886,087;63,52
886,307;63,42
886,526;63,49
886,746;63,6
886,965;63,56
887,185;63,58
887,404;63,56
887,624;63,55
887,843;63,64
888,063;63,65
888,282;63,7
888,502;63,65
888,721;63,8
888,94;63,89
889,16;63,84
889,379;63,79
889,598;63,85
889,818;63,66
890,037;63,7
890,256;63,74
890,475;63,83
890,694;63,88
890,914;63,89
891,133;63,69
891,352;63,67
891,571;63,69
891,79;63,7
892,009;63,68
892,228;63,71
892,447;63,62
892,666;63,6
892,885;63,59
893,104;63,64
893,323;63,51
893,542;63,51
893,761;63,55
893,98;63,62
894,199;63,6
894,417;63,6
894,636;63,61
894,855;63,76
895,074;63,64
895,293;63,59
895,511;63,59
895,73;63,64
895,949;63,52
896,167;63,57
896,386;63,58
896,605;63,55
896,823;63,51
897,042;63,55
897,26;63,45
897,479;63,41
897,697;63,32
897,916;63,38
898,134;63,3
898,353;63,35
898,571;63,3
898,79;63,22
899,008;63,24
899,227;63,08
899,445;62,98
899,663;62,96
899,882;62,99
900,1;62,99
900,318;63,13
900,536;63,25
900,755;63,28
900,973;63,14
901,191;63
901,409;63,03
901,627;62,95
901,846;63,11
902,064;63,09
902,282;63,19
902,5;63,15
902,718;63,13
902,936;63,16
903,154;63,2
903,372;63,29
903,59;63,33
903,808;63,37
904,026;63,37
904,244;63,27
904,462;63,15
904,679;63,15
904,897;63,14
905,115;62,93
905,333;62,84
905,551;62,86
905,768;62,99
905,986;63,01
906,204;63,03
906,422;62,94
906,639;62,79
906,857;62,78
907,074;62,67
907,292;62,76
907,51;62,6
907,727;62,62
907,945;62,63
908,162;62,71
908,38;62,79
908,597;62,79
908,815;63
909,032;63,09
909,25;62,92
909,467;62,71
909,684;62,7
909,902;62,76
910,119;62,87
910,337;62,9
910,554;62,83
910,771;62,87
910,988;62,91
911,206;63
911,423;62,95
911,64;62,99
911,857;62,93
912,074;62,98
912,291;62,88
912,509;62,87
912,726;62,8
912,943;62,8
913,16;62,88
913,377;62,68
913,594;62,73
913,811;62,9
914,028;63,05
914,245;63,12
914,462;63,03
914,679;63,1
914,896;63,13
915,112;63,09
915,329;63,03
915,546;62,98
915,763;62,98
915,98;62,86
916,196;62,82
916,413;62,87
916,63;62,83
916,847;62,87
917,063;62,85
917,28;62,65
917,497;62,64
917,713;62,55
917,93;62,77
918,146;62,59
918,363;62,63
918,579;62,59
918,796;62,68
919,012;62,87
919,229;62,79
919,445;62,72
919,662;62,53
919,878;62,42
920,095;62,54
920,311;62,63
920,527;62,68
920,744;62,88
920,96;62,76
921,176;62,78
921,392;62,67
921,609;62,79
921,825;63,02
922,041;62,98
922,257;63,01
922,473;62,88
922,69;63,12
922,906;63,02
923,122;63,17
923,338;63,13
923,554;63,03
923,77;62,98
923,986;63,03
924,202;63,39
924,418;63,55
924,634;63,46
924,85;63,5
925,066;63,64
925,282;63,48
925,497;63,36
925,713;63,38
925,929;63,46
926,145;63,22
926,361;63,24
926,576;63,33
926,792;63,25
927,008;63,21
927,224;63,18
927,439;63,32
927,655;63,28
927,871;63,32
928,086;63,3
928,302;63,27
928,517;63,28
928,733;63,23
928,948;63,23
929,164;63,22
929,379;63,06
929,595;63
929,81;63,13
930,026;63,37
930,241;63,44
930,456;63,36
930,672;63,34
930,887;63,42
931,102;63,35
931,318;63,41
931,533;63,33
931,748;63,22
931,964;63,13
932,179;62,91
932,394;62,92
932,609;62,95
932,824;62,97
933,039;62,9
933,255;62,74
933,47;62,61
933,685;62,54
933,9;62,55
934,115;62,46
934,33;62,42
934,545;62,23
934,76;62,14
934,975;62,21
935,19;62,43
935,404;62,16
935,619;62,04
935,834;62,01
936,049;62,16
936,264;62,45
936,479;62,38
936,693;62,69
936,908;62,73
937,123;62,77
937,338;62,89
937,552;62,99
937,767;63,17
937,982;63,46
938,196;63,51
938,411;63,58
938,625;63,79
938,84;63,64
939,055;63,77
939,269;63,96
939,484;64,06
939,698;63,96
939,912;64,33
940,127;64,68
940,341;64,38
940,556;64,38
940,77;64,34
940,984;64,91
941,199;65,01
941,413;65,07
941,627;64,94
941,842;65,16
942,056;65,29
942,27;65,48
942,484;65,49
942,699;65,61
942,913;65,49
943,127;65,3
943,341;65,75
943,555;66,17
943,769;66,59
943,983;66,48
944,197;65,79
944,411;65,59
944,625;65,81
944,839;66,38
945,053;66,62
945,267;66,33
945,481;66,14
945,695;66,18
945,909;66,37
946,123;66,71
946,336;66,09
946,55;65,99
946,764;65,97
946,978;65,51
947,192;65,36
947,405;65,62
947,619;65,92
947,833;65,72
948,046;65,75
948,26;65,18
948,474;65,68
948,687;66,75
948,901;67,16
949,114;66,79
949,328;66,77
949,541;66,43
949,755;66,23
949,968;65,99
950,182;65,76
950,395;65,71
950,609;65,28
950,822;65,55
951,035;65,74
951,249;65,32
951,462;65,66
951,675;65,63
951,889;65,46
952,102;65,6
952,315;65,43
952,528;65,02
952,741;64,76
952,955;64,57
953,168;64,52
953,381;64,16
953,594;64,4
953,807;64,08
954,02;64,22
954,233;64,23
954,446;64,3
954,659;64,58
954,872;64,35
955,085;64,66
955,298;64,82
955,511;64,36
955,724;64,52
955,937;64,37
956,15;64,65
956,362;64,99
956,575;64,99
956,788;65,1
957,001;65,16
957,214;65,23
957,426;65,12
957,639;65,16
957,852;65,14
958,064;64,72
958,277;64,89
958,49;64,96
958,702;65,18
958,915;64,8
959,127;64,65
959,34;64,3
959,552;63,99
959,765;63,81
959,977;64,01
960,19;64,19
960,402;64,32
960,615;64,56
960,827;64,51
961,039;64,2
961,252;63,83
961,464;63,76
961,676;64,07
961,889;63,96
962,101;63,52
962,313;63,76
962,525;63,89
962,738;63,66
962,95;63,49
963,162;63,54
963,374;63,88
963,586;63,9
963,798;64,55
964,01;64,64
964,222;64,63
964,434;64,81
964,646;64,77
964,858;64,38
965,07;63,94
965,282;63,75
965,494;64,12
965,706;64,88
965,918;65,19
966,13;64,98
966,342;65,01
966,553;65,23
966,765;64,84
966,977;64,91
967,189;65,27
967,401;65,3
967,612;65,19
967,824;65,28
968,036;64,85
968,247;64,28
968,459;64,38
968,67;64,44
968,882;64,41
969,094;64,1
969,305;64,42
969,517;64,7
969,728;64,98
969,94;64,96
970,151;64,97
970,362;64,88
970,574;65,06
970,785;64,96
970,997;65,07
971,208;64,97
971,419;64,96
971,631;65,2
971,842;65,61
972,053;65,68
972,264;65,68
972,476;66,35
972,687;66,94
972,898;66,86
973,109;66,83
973,32;67,15
973,531;67,39
973,742;67,32
973,954;67,31
974,165;67,2
974,376;67,03
974,587;66,55
974,798;66,77
975,009;66,79
975,22;67,25
975,43;67,18
975,641;67,82
975,852;68,08
976,063;68,1
976,274;67,65
976,485;67,37
976,695;67,45
976,906;67,34
977,117;67,57
977,328;68,01
977,538;67,88
977,749;67,37
977,96;67,45
978,17;67,68
978,381;67,4
978,592;67,36
978,802;67,75
979,013;67,68
979,223;67,68
979,434;67,66
979,644;67,74
979,855;67,76
980,065;67,96
980,276;67,84
980,486;67,72
980,696;67,74
980,907;67,71
981,117;67,77
981,327;67,79
981,538;67,41
981,748;67,42
981,958;67,92
982,169;68,15
982,379;68,49
982,589;68,27
982,799;68,92
983,009;69,23
983,219;68,92
983,43;69,29
983,64;69,2
983,85;69,37
984,06;68,92
984,27;68,9
984,48;68,69
984,69;68,72
984,9;68,51
985,11;68,75
985,32;68,77
985,529;68,72
985,739;68,93
985,949;68,74
986,159;68,51
986,369;68,31
986,579;68,72
986,788;68,74
986,998;69,24
987,208;68,58
987,417;67,9
987,627;67,94
987,837;67,36
988,046;67,23
988,256;66,92
988,466;67,58
988,675;67,75
988,885;67,89
989,094;67,64
989,304;67,77
989,513;67,63
989,723;68,17
989,932;68,09
990,142;68,11
990,351;68,55
990,56;68,95
990,77;68,99
990,979;68,71
991,188;68,83
991,398;68,27
991,607;68,35
991,816;69,36
992,025;69,14
992,235;69,99
992,444;70,15
992,653;70,6
992,862;70,09
993,071;70,27
993,28;70,15
993,489;70,66
993,698;70,6
993,908;70,53
994,117;70,05
994,326;70,22
994,534;69,92
994,743;69,62
994,952;69,28
995,161;68,5
995,37;69,04
995,579;69,11
995,788;69,23
995,997;69,27
996,205;69,14
996,414;69,41
996,623;69,17
996,832;69,01
997,04;69,19
997,249;68,86
997,458;68,58
997,666;68,71
997,875;69,19
998,084;68,54
998,292;69,15
998,501;69,74
998,709;69,01
998,918;69,39
999,126;69,69
999,335;69,05
999,543;69,85
999,752;68,86
999,96;68,03
1000,169;67,47
1000,377;67,66
1000,585;66,88
1000,794;66,79
1001,002;66,7
1001,21;67,2
1001,418;66,57
1001,627;67,35
1001,835;67,4
1002,043;67,22
1002,251;66,28
1002,459;67,24
1002,668;66,45
1002,876;65,71
1003,084;66,74
1003,292;66,28
1003,5;65,85
1003,708;66,54
1003,916;66,44
1004,124;66,64
1004,332;67,5
1004,54;68,63
1004,748;68,49
1004,956;69,2
1005,163;68,84
1005,371;68,27
1005,579;67,8
1005,787;68,05
1005,995;68,03
1006,202;68,41
1006,41;68,71
1006,618;68,71
1006,826;68,86
1007,033;69,22
1007,241;70,41
1007,449;69,94
1007,656;70,38
1007,864;71,39
1008,071;71,39
1008,279;72,02
1008,486;72,48
1008,694;72,15
1008,901;72,08
1009,109;72,43
1009,316;71,83
1009,524;72,37
1009,731;73,22
1009,938;74,07
1010,146;73,88
1010,353;74,18
1010,56;73,53
1010,768;73,32
1010,975;73,98
1011,182;73,95
1011,389;73,72
1011,597;73,25
1011,804;73,12
1012,011;73,19
1012,218;72,53
1012,425;72,91
1012,632;71,89
1012,839;71
1013,046;70,57
1013,253;70,92
1013,46;71,55
1013,667;71,68
1013,874;71,63
1014,081;71,45
1014,288;70,54
1014,495;71,95
1014,702;70,83
1014,909;70,98
1015,116;71,26
1015,323;70,54
1015,529;70,84
1015,736;71,45
1015,943;71,16
1016,15;71,89
1016,356;71,81
1016,563;72,44
1016,77;71,98
1016,976;72,92
1017,183;73,95
1017,389;75,22
1017,596;75,02
1017,803;74,89
1018,009;75,58
1018,216;75,5
1018,422;76,42
1018,629;76,49
1018,835;74,86
1019,041;76,01
1019,248;76,53
1019,454;75,47
1019,661;76,1
1019,867;75,89
1020,073;77,01
1020,279;78,18
1020,486;76,99
1020,692;77,74
1020,898;75,54
1021,104;74,68
1021,311;73,54
1021,517;72,88
1021,723;72,63
1021,929;72,8
1022,135;72,33
1022,341;71,22
1022,547;72,07
1022,753;71,94
1022,959;71,63
1023,165;73,23
1023,371;73,21
1023,577;72,43
1023,783;72,84
1023,989;72,76
1024,195;73,7
1024,401;73,39
1024,607;72,83
1024,812;73,66
1025,018;72,44
1025,224;72,56
1025,43;74,1
1025,635;73,28
1025,841;74,47
1026,047;74,16
1026,252;73,94
1026,458;73,71
1026,664;75,53
1026,869;75,32
1027,075;75,88
1027,28;75,25
1027,486;74,88
1027,691;73,45
1027,897;73,92
1028,102;72,54
1028,308;72,72
1028,513;71,87
1028,719;71,2
1028,924;70,8
1029,129;71,14
1029,335;69,93
1029,54;72,46
1029,745;71,47
1029,95;73,48
1030,156;73,37
1030,361;72,59
1030,566;72,32
1030,771;72,34
1030,976;71,21
1031,182;71,41
1031,387;68,55
1031,592;70,85
1031,797;70,21
1032,002;70,65
1032,207;70,73
1032,412;73,41
1032,617;73,9
1032,822;72,39
1033,027;74,15
1033,232;74,37
1033,437;74,04
1033,642;76,41
1033,846;75,26
1034,051;75,66
1034,256;76,81
1034,461;75,2
1034,666;75,4
1034,87;75,16
1035,075;73,08
1035,28;72,34
1035,484;69,95
1035,689;71,1
1035,894;68,94
1036,098;67,86
1036,303;68,12
1036,507;69,67
1036,712;69,11
1036,917;67,8
1037,121;70,22
1037,325;66,75
1037,53;68,28
1037,734;68,1
1037,939;66,49
1038,143;68,26
1038,348;71,1
1038,552;71,58
1038,756;72,63
1038,961;73,86
1039,165;73,03
1039,369;75,97
1039,573;76,36
1039,778;76,72
1039,982;77,56
1040,186;77,79
1040,39;77,09
1040,594;76,61
1040,798;74,32
1041,002;74,01
1041,206;74,71
1041,41;74,46
1041,614;77,8
1041,818;73,14
1042,022;72,35
1042,226;72,83
1042,43;72,32
1042,634;68,79
1042,838;66,66
1043,042;66,17
1043,246;62,84
1043,45;63,5
1043,653;61,61
1043,857;62,51
1044,061;65,23
1044,265;64,07
1044,468;65,3
1044,672;68,84
1044,876;70,96
1045,079;70,54
1045,283;70,75
1045,487;70,52
1045,69;70,98
1045,894;67,56
1046,097;72,17
1046,301;72,42
1046,504;76,52
1046,708;75,41
1046,911;77
1047,115;77,89
1047,318;75,73
1047,522;81,7
1047,725;78,93
1047,928;78,81
1048,132;80,3
1048,335;77,81
1048,538;80,57
1048,741;79,95
1048,945;77,5
1049,148;79,55
1049,351;78,9
1049,554;81,69
1049,757;82,8
1049,96;80,62
1050,163;82,27
1050,367;82,59
1050,57;83,5
1050,773;79,65
1050,976;80,66
1051,179;80,72
1051,382;80,16
1051,585;86,02
1051,787;85,07
1051,99;90,15
1052,193;92,88
1052,396;95,11
1052,599;93,62
1052,802;94,63
1053,005;92,48
1053,207;93,82
1053,41;87,3
1053,613;91,5
1053,815;86,4
1054,018;87,72
1054,221;88,87
1054,423;90,07
1054,626;87,28
1054,829;88,06
1055,031;89,21
1055,234;87,73
1055,436;88,07
1055,639;88,51
1055,841;82,79
1056,044;80,08
1056,246;76,83
