Data from azuriteWhite_Reflection__4__09.txt Node;
"Date: Thu Sep 11 15:29:32 CEST 2025 User: sycur";
186,01;-1728,55
186,281;1391,7
186,552;247,74
186,822;136,5
187,093;0
187,364;-18,17
187,635;-32,1
187,905;49,42
188,176;30,68
188,447;32,5
188,717;24,56
188,988;23,3
189,258;23,7
189,529;24,44
189,8;23,85
190,07;23,8
190,341;23,14
190,611;18,29
190,882;16,38
191,152;16,12
191,423;17,39
191,693;17,14
191,964;16,56
192,234;15,69
192,505;14,54
192,775;14,26
193,045;13,29
193,316;12,76
193,586;11,74
193,856;11,26
194,127;11
194,397;11,26
194,667;11,63
194,938;10,18
195,208;10,19
195,478;9,75
195,748;9,58
196,019;9,72
196,289;10,44
196,559;10,59
196,829;10,1
197,099;9,54
197,37;9,27
197,64;8,68
197,91;8,65
198,18;8,52
198,45;8,54
198,72;8,88
198,99;9,05
199,26;9,15
199,53;9,07
199,8;8,7
200,07;8,44
200,34;8,02
200,61;8,41
200,88;8,46
201,15;8,39
201,42;8,14
201,69;7,94
201,96;7,81
202,23;7,7
202,499;7,4
202,769;7,47
203,039;7,69
203,309;7,98
203,579;7,68
203,849;7,74
204,118;7,6
204,388;7,4
204,658;7,14
204,927;7,01
205,197;7,01
205,467;6,81
205,736;6,75
206,006;6,64
206,276;6,58
206,545;6,29
206,815;6,3
207,085;6,1
207,354;6,12
207,624;6,19
207,893;6,15
208,163;6,3
208,432;6,07
208,702;5,92
208,971;5,78
209,241;5,87
209,51;5,72
209,78;5,55
210,049;5,45
210,318;5,37
210,588;5,43
210,857;5,25
211,127;5,19
211,396;5,11
211,665;5,06
211,935;5,1
212,204;5,13
212,473;5,02
212,742;5,2
213,012;5,07
213,281;4,87
213,55;4,77
213,819;4,55
214,088;4,51
214,358;4,41
214,627;4,38
214,896;4,27
215,165;4,28
215,434;4,26
215,703;4,28
215,972;4,19
216,241;4,14
216,51;4,22
216,779;4,19
217,048;4,15
217,317;4,08
217,586;3,98
217,855;3,9
218,124;3,91
218,393;3,82
218,662;3,78
218,931;3,73
219,2;3,73
219,469;3,76
219,738;3,73
220,006;3,76
220,275;3,72
220,544;3,69
220,813;3,64
221,082;3,65
221,35;3,63
221,619;3,6
221,888;3,61
222,157;3,58
222,425;3,56
222,694;3,49
222,963;3,48
223,231;3,45
223,5;3,44
223,769;3,42
224,037;3,41
224,306;3,44
224,574;3,46
224,843;3,42
225,111;3,37
225,38;3,34
225,648;3,29
225,917;3,26
226,185;3,26
226,454;3,19
226,722;3,13
226,991;3,11
227,259;3,1
227,528;3,06
227,796;2,99
228,064;2,96
228,333;2,97
228,601;2,95
228,869;2,91
229,138;2,89
229,406;2,86
229,674;2,85
229,942;2,82
230,211;2,83
230,479;2,82
230,747;2,81
231,015;2,8
231,283;2,8
231,552;2,8
231,82;2,77
232,088;2,77
232,356;2,78
232,624;2,77
232,892;2,76
233,16;2,75
233,428;2,76
233,696;2,75
233,964;2,74
234,232;2,73
234,5;2,72
234,768;2,72
235,036;2,73
235,304;2,71
235,572;2,69
235,84;2,66
236,108;2,66
236,376;2,66
236,644;2,67
236,912;2,65
237,179;2,63
237,447;2,62
237,715;2,63
237,983;2,62
238,251;2,62
238,518;2,61
238,786;2,62
239,054;2,61
239,322;2,59
239,589;2,59
239,857;2,58
240,125;2,57
240,392;2,57
240,66;2,55
240,927;2,52
241,195;2,52
241,463;2,52
241,73;2,51
241,998;2,49
242,265;2,46
242,533;2,46
242,8;2,47
243,068;2,46
243,335;2,44
243,603;2,44
243,87;2,43
244,138;2,42
244,405;2,41
244,672;2,42
244,94;2,42
245,207;2,41
245,474;2,42
245,742;2,42
246,009;2,41
246,276;2,41
246,544;2,41
246,811;2,41
247,078;2,41
247,345;2,41
247,613;2,4
247,88;2,41
248,147;2,4
248,414;2,39
248,681;2,38
248,948;2,39
249,215;2,39
249,483;2,38
249,75;2,38
250,017;2,36
250,284;2,35
250,551;2,35
250,818;2,35
251,085;2,34
251,352;2,33
251,619;2,32
251,886;2,32
252,153;2,32
252,42;2,32
252,687;2,31
252,953;2,31
253,22;2,32
253,487;2,33
253,754;2,33
254,021;2,31
254,288;2,32
254,555;2,31
254,821;2,3
255,088;2,3
255,355;2,3
255,622;2,3
255,888;2,29
256,155;2,28
256,422;2,28
256,688;2,27
256,955;2,26
257,222;2,26
257,488;2,25
257,755;2,25
258,022;2,25
258,288;2,24
258,555;2,23
258,821;2,24
259,088;2,21
259,354;2,2
259,621;2,21
259,887;2,2
260,154;2,2
260,42;2,18
260,687;2,18
260,953;2,18
261,219;2,18
261,486;2,19
261,752;2,18
262,019;2,18
262,285;2,18
262,551;2,18
262,818;2,17
263,084;2,17
263,35;2,17
263,616;2,17
263,883;2,16
264,149;2,16
264,415;2,16
264,681;2,16
264,947;2,16
265,214;2,16
265,48;2,16
265,746;2,16
266,012;2,17
266,278;2,17
266,544;2,16
266,81;2,16
267,076;2,15
267,342;2,15
267,608;2,17
267,874;2,16
268,14;2,16
268,406;2,16
268,672;2,16
268,938;2,15
269,204;2,15
269,47;2,14
269,736;2,14
270,002;2,13
270,268;2,14
270,533;2,14
270,799;2,12
271,065;2,12
271,331;2,12
271,597;2,11
271,862;2,11
272,128;2,1
272,394;2,09
272,66;2,09
272,925;2,09
273,191;2,07
273,457;2,08
273,722;2,07
273,988;2,07
274,254;2,07
274,519;2,07
274,785;2,06
275,05;2,07
275,316;2,07
275,582;2,06
275,847;2,06
276,113;2,05
276,378;2,05
276,644;2,05
276,909;2,04
277,174;2,04
277,44;2,05
277,705;2,05
277,971;2,06
278,236;2,06
278,501;2,05
278,767;2,05
279,032;2,03
279,297;2,04
279,563;2,05
279,828;2,05
280,093;2,04
280,358;2,04
280,624;2,04
280,889;2,03
281,154;2,04
281,419;2,03
281,684;2,03
281,95;2,02
282,215;2,02
282,48;2,02
282,745;2,02
283,01;2,01
283,275;2,01
283,54;1,99
283,805;2
284,07;2
284,335;2,01
284,6;2,01
284,865;2,01
285,13;2
285,395;2
285,66;2
285,925;2
286,19;2
286,455;1,99
286,72;1,99
286,985;1,99
287,249;1,99
287,514;2
287,779;2
288,044;2,01
288,309;2,02
288,573;2,01
288,838;2,02
289,103;2,02
289,367;2,02
289,632;2,02
289,897;2,02
290,161;2,02
290,426;2,02
290,691;2,02
290,955;2,02
291,22;2,03
291,484;2,04
291,749;2,04
292,014;2,04
292,278;2,05
292,543;2,05
292,807;2,06
293,072;2,06
293,336;2,06
293,6;2,05
293,865;2,05
294,129;2,05
294,394;2,06
294,658;2,06
294,922;2,06
295,187;2,05
295,451;2,06
295,715;2,06
295,98;2,06
296,244;2,07
296,508;2,07
296,773;2,06
297,037;2,05
297,301;2,05
297,565;2,06
297,829;2,05
298,094;2,05
298,358;2,05
298,622;2,04
298,886;2,03
299,15;2,04
299,414;2,05
299,678;2,05
299,942;2,04
300,206;2,04
300,47;2,04
300,734;2,04
300,998;2,03
301,262;2,03
301,526;2,03
301,79;2,03
302,054;2,03
302,318;2,03
302,582;2,03
302,846;2,03
303,11;2,03
303,374;2,03
303,637;2,03
303,901;2,02
304,165;2,02
304,429;2,03
304,693;2,02
304,956;2,01
305,22;2,01
305,484;2,01
305,747;2,02
306,011;2,01
306,275;2
306,538;2,02
306,802;2,01
307,066;2,01
307,329;2,01
307,593;2,01
307,856;2,02
308,12;2,02
308,384;2,01
308,647;2,01
308,911;2
309,174;2
309,438;2,01
309,701;2,02
309,964;2,02
310,228;2,02
310,491;2,03
310,755;2,03
311,018;2,03
311,281;2,02
311,545;2,04
311,808;2,04
312,071;2,02
312,335;2,02
312,598;2,02
312,861;2,02
313,124;2,01
313,388;2,01
313,651;2,02
313,914;2,02
314,177;2,04
314,44;2,03
314,704;2,04
314,967;2,03
315,23;2,02
315,493;2,02
315,756;2,03
316,019;2,03
316,282;2,03
316,545;2,03
316,808;2,04
317,071;2,04
317,334;2,05
317,597;2,05
317,86;2,07
318,123;2,06
318,386;2,06
318,649;2,06
318,912;2,06
319,175;2,05
319,437;2,05
319,7;2,04
319,963;2,04
320,226;2,04
320,489;2,03
320,751;2,03
321,014;2,04
321,277;2,03
321,54;2,02
321,802;2,01
322,065;2,01
322,328;2
322,59;2
322,853;1,99
323,116;2
323,378;2
323,641;2
323,903;2
324,166;2
324,428;1,99
324,691;2
324,953;2
325,216;2
325,478;2
325,741;1,99
326,003;2
326,266;1,99
326,528;1,99
326,791;2
327,053;2
327,315;1,99
327,578;2
327,84;1,99
328,102;1,99
328,365;1,99
328,627;1,97
328,889;1,98
329,151;1,98
329,414;1,98
329,676;1,99
329,938;2
330,2;2
330,462;2
330,725;2
330,987;2
331,249;2
331,511;2
331,773;2
332,035;2
332,297;2
332,559;2,02
332,821;2,02
333,083;2,02
333,345;2,03
333,607;2,05
333,869;2,05
334,131;2,05
334,393;2,04
334,655;2,04
334,917;2,03
335,179;2,02
335,44;2,02
335,702;2,02
335,964;2,03
336,226;2,03
336,488;2,04
336,749;2,05
337,011;2,06
337,273;2,07
337,535;2,07
337,796;2,07
338,058;2,06
338,32;2,06
338,581;2,05
338,843;2,05
339,105;2,05
339,366;2,06
339,628;2,08
339,889;2,1
340,151;2,11
340,412;2,12
340,674;2,13
340,935;2,13
341,197;2,15
341,458;2,15
341,72;2,16
341,981;2,16
342,243;2,16
342,504;2,16
342,766;2,18
343,027;2,18
343,288;2,19
343,55;2,2
343,811;2,2
344,072;2,23
344,334;2,24
344,595;2,24
344,856;2,25
345,117;2,24
345,379;2,25
345,64;2,25
345,901;2,25
346,162;2,25
346,423;2,26
346,684;2,25
346,946;2,26
347,207;2,25
347,468;2,27
347,729;2,26
347,99;2,28
348,251;2,29
348,512;2,3
348,773;2,3
349,034;2,29
349,295;2,31
349,556;2,31
349,817;2,3
350,078;2,3
350,339;2,31
350,6;2,33
350,86;2,32
351,121;2,33
351,382;2,34
351,643;2,35
351,904;2,34
352,165;2,36
352,425;2,38
352,686;2,4
352,947;2,41
353,208;2,41
353,468;2,41
353,729;2,4
353,99;2,41
354,25;2,42
354,511;2,44
354,772;2,44
355,032;2,43
355,293;2,46
355,553;2,45
355,814;2,46
356,074;2,46
356,335;2,48
356,596;2,49
356,856;2,49
357,116;2,51
357,377;2,52
357,637;2,53
357,898;2,54
358,158;2,53
358,419;2,57
358,679;2,58
358,939;2,59
359,2;2,6
359,46;2,6
359,72;2,62
359,981;2,63
360,241;2,65
360,501;2,69
360,761;2,69
361,022;2,72
361,282;2,74
361,542;2,77
361,802;2,79
362,062;2,8
362,323;2,84
362,583;2,85
362,843;2,88
363,103;2,9
363,363;2,9
363,623;2,94
363,883;2,95
364,143;2,96
364,403;2,98
364,663;3,03
364,923;3,05
365,183;3,07
365,443;3,1
365,703;3,12
365,963;3,13
366,223;3,16
366,483;3,19
366,743;3,21
367,002;3,24
367,262;3,27
367,522;3,3
367,782;3,32
368,042;3,35
368,301;3,37
368,561;3,4
368,821;3,43
369,081;3,45
369,34;3,49
369,6;3,52
369,86;3,55
370,119;3,55
370,379;3,58
370,638;3,6
370,898;3,62
371,158;3,66
371,417;3,7
371,677;3,74
371,936;3,77
372,196;3,8
372,455;3,82
372,715;3,83
372,974;3,88
373,234;3,92
373,493;3,96
373,753;4,02
374,012;4,06
374,271;4,1
374,531;4,14
374,79;4,16
375,049;4,21
375,309;4,27
375,568;4,32
375,827;4,38
376,086;4,43
376,346;4,49
376,605;4,53
376,864;4,57
377,123;4,62
377,383;4,65
377,642;4,71
377,901;4,76
378,16;4,82
378,419;4,86
378,678;4,9
378,937;4,96
379,196;4,99
379,455;5,04
379,714;5,09
379,973;5,15
380,232;5,22
380,491;5,27
380,75;5,31
381,009;5,37
381,268;5,43
381,527;5,49
381,786;5,54
382,045;5,59
382,304;5,66
382,563;5,72
382,821;5,79
383,08;5,85
383,339;5,93
383,598;5,99
383,857;6,06
384,115;6,12
384,374;6,18
384,633;6,24
384,891;6,3
385,15;6,37
385,409;6,45
385,667;6,51
385,926;6,57
386,185;6,65
386,443;6,71
386,702;6,78
386,96;6,84
387,219;6,92
387,477;6,99
387,736;7,06
387,994;7,12
388,253;7,19
388,511;7,28
388,77;7,34
389,028;7,41
389,287;7,48
389,545;7,58
389,803;7,67
390,062;7,76
390,32;7,86
390,578;7,95
390,837;8,02
391,095;8,1
391,353;8,2
391,612;8,28
391,87;8,36
392,128;8,43
392,386;8,52
392,644;8,63
392,903;8,72
393,161;8,8
393,419;8,89
393,677;8,98
393,935;9,04
394,193;9,13
394,451;9,24
394,709;9,32
394,967;9,41
395,225;9,51
395,483;9,6
395,741;9,69
395,999;9,78
396,257;9,91
396,515;9,99
396,773;10,08
397,031;10,18
397,289;10,28
397,547;10,38
397,805;10,48
398,062;10,56
398,32;10,64
398,578;10,73
398,836;10,83
399,094;10,9
399,351;10,99
399,609;11,07
399,867;11,15
400,124;11,25
400,382;11,32
400,64;11,4
400,897;11,5
401,155;11,58
401,413;11,67
401,67;11,74
401,928;11,84
402,185;11,91
402,443;12,01
402,701;12,11
402,958;12,22
403,216;12,31
403,473;12,4
403,73;12,47
403,988;12,55
404,245;12,61
404,503;12,72
404,76;12,8
405,018;12,89
405,275;12,98
405,532;13,05
405,79;13,14
406,047;13,21
406,304;13,31
406,561;13,4
406,819;13,47
407,076;13,55
407,333;13,62
407,59;13,72
407,848;13,8
408,105;13,87
408,362;13,95
408,619;14,03
408,876;14,11
409,133;14,2
409,39;14,3
409,647;14,4
409,904;14,48
410,161;14,59
410,418;14,67
410,675;14,77
410,932;14,88
411,189;14,96
411,446;15,06
411,703;15,14
411,96;15,23
412,217;15,32
412,474;15,43
412,731;15,54
412,988;15,61
413,245;15,71
413,501;15,79
413,758;15,87
414,015;15,95
414,272;16,05
414,529;16,13
414,785;16,2
415,042;16,27
415,299;16,36
415,555;16,43
415,812;16,51
416,069;16,58
416,325;16,66
416,582;16,74
416,838;16,81
417,095;16,88
417,352;16,95
417,608;17,03
417,865;17,1
418,121;17,18
418,378;17,3
418,634;17,4
418,891;17,51
419,147;17,61
419,403;17,7
419,66;17,78
419,916;17,91
420,173;18,01
420,429;18,12
420,685;18,18
420,942;18,29
421,198;18,37
421,454;18,48
421,711;18,56
421,967;18,65
422,223;18,75
422,479;18,84
422,735;18,93
422,992;19,01
423,248;19,09
423,504;19,16
423,76;19,21
424,016;19,28
424,272;19,35
424,528;19,4
424,784;19,47
425,041;19,54
425,297;19,6
425,553;19,69
425,809;19,75
426,065;19,85
426,32;19,92
426,576;20,02
426,832;20,08
427,088;20,16
427,344;20,25
427,6;20,33
427,856;20,41
428,112;20,5
428,368;20,58
428,623;20,66
428,879;20,72
429,135;20,78
429,391;20,85
429,646;20,93
429,902;21,02
430,158;21,1
430,414;21,16
430,669;21,24
430,925;21,32
431,181;21,4
431,436;21,46
431,692;21,53
431,947;21,6
432,203;21,69
432,458;21,75
432,714;21,82
432,97;21,89
433,225;21,96
433,481;22,02
433,736;22,1
433,991;22,16
434,247;22,26
434,502;22,35
434,758;22,43
435,013;22,49
435,268;22,56
435,524;22,63
435,779;22,72
436,034;22,79
436,29;22,85
436,545;22,93
436,8;23
437,056;23,06
437,311;23,13
437,566;23,2
437,821;23,27
438,076;23,34
438,331;23,4
438,587;23,47
438,842;23,57
439,097;23,65
439,352;23,76
439,607;23,8
439,862;23,89
440,117;23,96
440,372;24,06
440,627;24,14
440,882;24,22
441,137;24,31
441,392;24,37
441,647;24,44
441,902;24,52
442,157;24,58
442,412;24,66
442,667;24,72
442,921;24,78
443,176;24,86
443,431;24,94
443,686;25,01
443,941;25,08
444,195;25,14
444,45;25,21
444,705;25,23
444,96;25,31
445,214;25,35
445,469;25,39
445,724;25,43
445,978;25,47
446,233;25,51
446,487;25,54
446,742;25,59
446,997;25,65
447,251;25,66
447,506;25,72
447,76;25,75
448,015;25,8
448,269;25,82
448,524;25,86
448,778;25,89
449,033;25,89
449,287;25,9
449,541;25,92
449,796;25,92
450,05;25,97
450,305;26
450,559;26,01
450,813;26,06
451,067;26,05
451,322;26,09
451,576;26,11
451,83;26,12
452,084;26,13
452,339;26,15
452,593;26,2
452,847;26,24
453,101;26,26
453,355;26,27
453,609;26,3
453,864;26,29
454,118;26,31
454,372;26,33
454,626;26,37
454,88;26,39
455,134;26,43
455,388;26,45
455,642;26,48
455,896;26,53
456,15;26,56
456,404;26,6
456,658;26,63
456,912;26,65
457,165;26,7
457,419;26,74
457,673;26,76
457,927;26,78
458,181;26,81
458,435;26,82
458,688;26,88
458,942;26,89
459,196;26,92
459,45;26,93
459,703;26,97
459,957;26,98
460,211;27,01
460,464;27
460,718;27,03
460,972;27,04
461,225;27,07
461,479;27,09
461,732;27,11
461,986;27,12
462,239;27,15
462,493;27,18
462,746;27,2
463;27,25
463,253;27,32
463,507;27,32
463,76;27,36
464,014;27,36
464,267;27,42
464,52;27,46
464,774;27,5
465,027;27,5
465,28;27,52
465,534;27,54
465,787;27,57
466,04;27,56
466,294;27,57
466,547;27,55
466,8;27,55
467,053;27,55
467,306;27,57
467,56;27,55
467,813;27,55
468,066;27,55
468,319;27,54
468,572;27,49
468,825;27,49
469,078;27,47
469,331;27,5
469,584;27,49
469,837;27,5
470,09;27,5
470,343;27,54
470,596;27,56
470,849;27,58
471,102;27,6
471,355;27,64
471,608;27,65
471,861;27,7
472,114;27,72
472,367;27,76
472,619;27,77
472,872;27,82
473,125;27,82
473,378;27,85
473,631;27,85
473,883;27,9
474,136;27,92
474,389;27,94
474,641;27,94
474,894;27,95
475,147;27,95
475,399;27,96
475,652;27,99
475,905;28
476,157;28
476,41;28,02
476,662;28,02
476,915;28,04
477,167;28,03
477,42;28,05
477,672;28,04
477,925;28,04
478,177;28,02
478,43;28,01
478,682;27,99
478,934;28,01
479,187;28
479,439;27,99
479,691;27,99
479,944;28
480,196;27,99
480,448;27,97
480,701;27,97
480,953;27,95
481,205;27,93
481,457;27,92
481,709;27,9
490,022;26,97
490,274;26,9
490,525;26,84
490,777;26,78
491,028;26,71
491,28;26,64
491,531;26,59
491,783;26,51
492,034;26,47
492,286;26,4
492,537;26,36
492,789;26,3
493,04;26,25
493,291;26,2
493,543;26,16
493,794;26,1
494,045;26,06
494,297;26,01
494,548;25,96
494,799;25,92
495,051;25,87
495,302;25,83
495,553;25,78
495,804;25,71
496,056;25,66
496,307;25,62
496,558;25,56
496,809;25,49
497,06;25,45
497,311;25,38
497,562;25,33
497,813;25,27
498,064;25,22
498,316;25,17
498,567;25,11
498,818;25,04
499,069;24,99
499,319;24,91
499,57;24,84
499,821;24,78
500,072;24,71
500,323;24,65
500,574;24,6
500,825;24,53
501,076;24,48
501,327;24,42
501,577;24,36
501,828;24,3
502,079;24,25
502,33;24,18
502,58;24,11
502,831;24,04
503,082;23,98
503,333;23,9
503,583;23,83
503,834;23,76
504,084;23,69
504,335;23,61
504,586;23,55
504,836;23,48
505,087;23,41
505,337;23,34
505,588;23,26
505,838;23,19
506,089;23,13
506,339;23,05
506,59;22,97
506,84;22,89
507,091;22,83
507,341;22,74
507,591;22,67
507,842;22,6
508,092;22,53
508,343;22,44
508,593;22,38
508,843;22,31
509,093;22,24
509,344;22,16
509,594;22,09
509,844;22,01
510,094;21,94
510,345;21,86
510,595;21,8
510,845;21,72
511,095;21,64
511,345;21,56
511,595;21,47
511,845;21,39
512,095;21,32
512,345;21,24
512,595;21,17
512,845;21,1
513,095;21,04
513,345;20,96
513,595;20,89
513,845;20,8
514,095;20,73
514,345;20,65
514,595;20,59
514,845;20,51
515,095;20,44
515,345;20,36
515,594;20,3
515,844;20,22
516,094;20,15
516,344;20,07
516,593;20
516,843;19,93
517,093;19,86
517,343;19,79
517,592;19,73
517,842;19,66
518,092;19,59
518,341;19,52
518,591;19,44
518,84;19,38
519,09;19,32
519,34;19,24
519,589;19,18
519,839;19,1
520,088;19,04
520,338;18,97
520,587;18,9
520,836;18,82
521,086;18,75
521,335;18,68
521,585;18,61
521,834;18,55
522,083;18,49
522,333;18,42
522,582;18,35
522,831;18,28
523,081;18,21
523,33;18,14
523,579;18,08
523,828;18,02
524,078;17,95
524,327;17,89
524,576;17,83
524,825;17,77
525,074;17,71
525,323;17,63
525,573;17,58
525,822;17,51
526,071;17,46
526,32;17,41
526,569;17,36
526,818;17,3
527,067;17,24
527,316;17,17
527,565;17,11
527,814;17,06
528,063;17
528,312;16,94
528,56;16,89
528,809;16,81
529,058;16,75
529,307;16,68
529,556;16,62
529,805;16,55
530,053;16,49
530,302;16,42
530,551;16,38
530,8;16,31
531,048;16,26
531,297;16,19
531,546;16,15
531,794;16,08
532,043;16,02
532,292;15,97
532,54;15,92
532,789;15,86
533,037;15,81
533,286;15,74
533,535;15,69
533,783;15,63
534,032;15,59
534,28;15,54
534,528;15,5
534,777;15,45
535,025;15,41
535,274;15,36
535,522;15,3
535,771;15,24
536,019;15,2
536,267;15,14
536,516;15,11
536,764;15,05
537,012;15
537,26;14,96
537,509;14,91
537,757;14,85
538,005;14,81
538,253;14,76
538,501;14,71
538,75;14,67
538,998;14,63
539,246;14,57
539,494;14,52
539,742;14,46
539,99;14,41
540,238;14,35
540,486;14,3
540,734;14,26
540,982;14,22
541,23;14,17
541,478;14,13
541,726;14,08
541,974;14,03
542,222;13,98
542,47;13,92
542,718;13,88
542,966;13,83
543,213;13,78
543,461;13,73
543,709;13,68
543,957;13,62
544,205;13,57
544,452;13,53
544,7;13,49
544,948;13,45
545,196;13,4
545,443;13,37
545,691;13,32
545,939;13,27
546,186;13,23
546,434;13,19
546,681;13,15
546,929;13,12
547,176;13,07
547,424;13,04
547,671;12,99
547,919;12,95
548,166;12,9
548,414;12,87
548,661;12,83
548,909;12,81
549,156;12,78
549,404;12,74
549,651;12,71
549,898;12,67
550,146;12,63
550,393;12,6
550,64;12,56
550,888;12,53
551,135;12,49
551,382;12,45
551,629;12,41
551,876;12,38
552,124;12,33
552,371;12,3
552,618;12,25
552,865;12,22
553,112;12,2
553,359;12,17
553,606;12,13
553,854;12,09
554,101;12,06
554,348;12,02
554,595;11,99
554,842;11,95
555,089;11,91
555,336;11,88
555,582;11,85
555,829;11,82
556,076;11,78
556,323;11,75
556,57;11,71
556,817;11,68
557,064;11,63
557,311;11,59
557,557;11,56
557,804;11,54
558,051;11,5
558,298;11,47
558,544;11,43
558,791;11,4
559,038;11,37
559,284;11,34
559,531;11,29
559,778;11,26
560,024;11,22
560,271;11,18
560,517;11,14
560,764;11,1
561,011;11,07
561,257;11,04
561,504;11
561,75;10,97
561,997;10,94
562,243;10,93
562,489;10,9
562,736;10,87
562,982;10,83
563,229;10,8
563,475;10,77
563,721;10,74
563,968;10,7
564,214;10,67
564,46;10,64
564,707;10,62
564,953;10,59
565,199;10,57
565,445;10,56
565,691;10,54
565,938;10,51
566,184;10,49
566,43;10,47
566,676;10,46
566,922;10,45
567,168;10,43
567,414;10,41
567,66;10,41
567,906;10,39
568,152;10,37
568,398;10,37
568,644;10,37
568,89;10,36
569,136;10,36
569,382;10,35
569,628;10,34
569,874;10,33
570,12;10,33
570,366;10,32
570,612;10,31
570,857;10,29
571,103;10,29
571,349;10,29
571,595;10,28
571,84;10,26
572,086;10,26
572,332;10,25
572,578;10,24
572,823;10,22
573,069;10,21
573,315;10,2
573,56;10,19
573,806;10,16
574,051;10,15
574,297;10,13
574,542;10,11
574,788;10,09
575,034;10,08
575,279;10,07
575,524;10,06
575,77;10,04
576,015;10,03
576,261;10,03
576,506;10,01
576,752;9,99
576,997;9,97
577,242;9,95
577,488;9,93
577,733;9,9
577,978;9,88
578,223;9,87
578,469;9,86
578,714;9,84
578,959;9,84
579,204;9,82
579,45;9,81
579,695;9,8
579,94;9,79
580,185;9,77
580,43;9,75
580,675;9,73
580,92;9,71
581,165;9,68
581,41;9,65
581,655;9,62
581,9;9,6
582,145;9,57
582,39;9,55
582,635;9,53
582,88;9,52
583,125;9,49
583,37;9,47
583,615;9,43
583,86;9,4
584,105;9,37
584,349;9,34
584,594;9,29
584,839;9,26
585,084;9,23
585,328;9,2
585,573;9,17
585,818;9,14
586,063;9,11
586,307;9,09
586,552;9,06
586,797;9,04
587,041;9,01
587,286;8,99
587,53;8,96
587,775;8,93
588,019;8,9
588,264;8,88
588,508;8,85
588,753;8,82
588,997;8,79
589,242;8,76
589,486;8,73
589,731;8,71
589,975;8,68
590,22;8,65
590,464;8,62
590,708;8,61
590,953;8,58
591,197;8,57
591,441;8,54
591,685;8,52
591,93;8,51
592,174;8,5
592,418;8,47
592,662;8,46
592,907;8,45
593,151;8,44
593,395;8,42
593,639;8,41
593,883;8,4
594,127;8,38
594,371;8,36
594,615;8,36
594,859;8,33
595,103;8,32
595,347;8,3
595,591;8,27
595,835;8,24
596,079;8,21
596,323;8,19
596,567;8,17
596,811;8,15
597,055;8,13
597,299;8,11
597,542;8,1
597,786;8,08
598,03;8,07
598,274;8,05
598,518;8,04
598,761;8,02
599,005;8
599,249;7,99
599,492;7,98
599,736;7,96
599,98;7,95
600,223;7,92
600,467;7,92
600,711;7,92
600,954;7,9
601,198;7,89
601,441;7,87
601,685;7,86
601,928;7,85
602,172;7,83
602,415;7,81
602,659;7,79
602,902;7,77
603,145;7,74
603,389;7,73
603,632;7,7
603,876;7,69
604,119;7,67
604,362;7,65
604,606;7,63
604,849;7,62
605,092;7,61
605,335;7,59
605,579;7,57
605,822;7,55
606,065;7,53
606,308;7,53
606,551;7,51
606,794;7,49
607,037;7,47
607,281;7,46
607,524;7,44
607,767;7,43
608,01;7,41
608,253;7,41
608,496;7,39
608,739;7,38
608,982;7,37
609,225;7,36
609,468;7,34
609,711;7,33
609,953;7,31
610,196;7,29
610,439;7,28
610,682;7,27
610,925;7,25
611,168;7,25
611,41;7,23
611,653;7,22
611,896;7,2
612,139;7,19
612,381;7,17
612,624;7,17
612,867;7,15
613,109;7,14
613,352;7,12
613,595;7,11
613,837;7,09
614,08;7,08
614,322;7,07
614,565;7,07
614,807;7,05
615,05;7,05
615,292;7,04
615,535;7,03
615,777;7,01
616,02;7,01
616,262;7
616,505;6,99
616,747;6,97
616,989;6,97
617,232;6,96
617,474;6,96
617,716;6,94
617,959;6,95
618,201;6,93
618,443;6,92
618,685;6,91
618,927;6,9
619,17;6,88
619,412;6,88
619,654;6,87
619,896;6,87
620,138;6,86
620,38;6,86
620,622;6,86
620,864;6,86
621,107;6,85
621,349;6,85
621,591;6,86
621,833;6,85
622,075;6,85
622,316;6,85
622,558;6,84
622,8;6,84
623,042;6,83
623,284;6,83
623,526;6,83
623,768;6,84
624,01;6,83
624,251;6,84
624,493;6,82
624,735;6,82
624,977;6,81
625,218;6,81
625,46;6,79
625,702;6,78
625,943;6,77
626,185;6,76
626,427;6,74
626,668;6,73
626,91;6,72
627,152;6,72
627,393;6,7
627,635;6,69
627,876;6,68
628,118;6,67
628,359;6,66
628,601;6,65
628,842;6,62
629,084;6,62
629,325;6,61
629,566;6,6
629,808;6,58
630,049;6,57
630,29;6,55
630,532;6,55
630,773;6,53
631,014;6,52
631,256;6,51
631,497;6,5
631,738;6,49
631,979;6,49
632,22;6,47
632,462;6,46
632,703;6,45
632,944;6,45
633,185;6,44
633,426;6,43
633,667;6,42
633,908;6,42
634,149;6,41
634,39;6,4
634,631;6,39
634,872;6,39
635,113;6,38
635,354;6,39
635,595;6,37
635,836;6,38
636,077;6,36
636,318;6,36
636,559;6,35
636,8;6,35
637,04;6,33
637,281;6,33
637,522;6,33
637,763;6,33
638,003;6,31
638,244;6,31
638,485;6,3
638,726;6,3
638,966;6,29
639,207;6,3
639,448;6,29
639,688;6,29
639,929;6,28
640,169;6,28
640,41;6,27
640,65;6,27
640,891;6,26
641,131;6,26
641,372;6,25
641,612;6,26
641,853;6,25
642,093;6,25
642,334;6,25
642,574;6,24
642,814;6,24
643,055;6,25
643,295;6,25
643,535;6,25
643,776;6,25
644,016;6,25
644,256;6,23
644,496;6,23
644,737;6,22
644,977;6,23
645,217;6,22
645,457;6,23
645,697;6,22
645,938;6,23
646,178;6,23
646,418;6,24
646,658;6,24
646,898;6,25
647,138;6,25
647,378;6,25
647,618;6,25
647,858;6,25
648,098;6,24
648,338;6,24
648,578;6,24
648,818;6,25
649,057;6,25
649,297;6,26
649,537;6,26
649,777;6,26
650,017;6,26
650,257;6,27
650,496;6,27
650,736;6,28
650,976;6,27
651,216;6,28
661,506;6,32
661,744;6,3
661,983;6,29
662,222;6,29
662,461;6,3
662,7;6,31
662,939;6,31
663,177;6,31
663,416;6,3
663,655;6,32
663,894;6,32
664,132;6,34
664,371;6,34
664,61;6,35
664,848;6,36
665,087;6,38
665,326;6,39
665,564;6,39
665,803;6,38
666,041;6,39
666,28;6,39
666,518;6,39
666,757;6,39
666,995;6,39
667,234;6,39
667,472;6,4
667,711;6,4
667,949;6,4
668,187;6,41
668,426;6,41
668,664;6,42
668,902;6,42
669,141;6,42
669,379;6,43
669,617;6,44
669,856;6,43
670,094;6,44
670,332;6,44
670,57;6,46
670,808;6,46
671,046;6,48
671,285;6,48
671,523;6,49
671,761;6,5
671,999;6,52
672,237;6,53
672,475;6,53
672,713;6,53
672,951;6,54
673,189;6,54
673,427;6,54
673,665;6,54
673,903;6,56
674,141;6,56
674,379;6,56
674,617;6,56
674,854;6,58
675,092;6,57
675,33;6,57
675,568;6,57
675,806;6,58
676,043;6,58
676,281;6,59
676,519;6,59
676,756;6,6
676,994;6,6
677,232;6,61
677,469;6,61
677,707;6,62
677,945;6,63
678,182;6,64
678,42;6,65
678,657;6,67
678,895;6,67
679,132;6,67
679,37;6,67
679,607;6,69
679,845;6,69
680,082;6,7
680,32;6,71
680,557;6,72
680,794;6,73
681,032;6,74
681,269;6,74
681,507;6,74
681,744;6,75
681,981;6,76
682,218;6,76
682,456;6,77
682,693;6,78
682,93;6,79
683,167;6,79
683,404;6,8
683,642;6,79
683,879;6,81
684,116;6,82
684,353;6,83
684,59;6,83
684,827;6,84
685,064;6,85
685,301;6,86
685,538;6,86
685,775;6,88
686,012;6,88
686,249;6,89
686,486;6,91
686,723;6,91
686,96;6,92
687,197;6,93
687,433;6,93
687,67;6,94
687,907;6,95
688,144;6,95
688,381;6,95
688,617;6,96
688,854;6,97
689,091;6,97
689,327;6,98
689,564;6,99
689,801;7
690,037;7,01
690,274;7,01
690,511;7,02
690,747;7,03
690,984;7,03
691,22;7,04
691,457;7,05
691,693;7,06
691,93;7,07
692,166;7,07
692,403;7,08
692,639;7,08
692,876;7,08
693,112;7,09
693,348;7,1
693,585;7,1
693,821;7,11
694,057;7,12
694,294;7,14
694,53;7,13
694,766;7,14
695,002;7,14
695,239;7,15
695,475;7,15
695,711;7,16
695,947;7,17
696,183;7,17
696,419;7,17
696,656;7,18
696,892;7,18
697,128;7,2
697,364;7,2
697,6;7,22
697,836;7,22
698,072;7,24
698,308;7,24
698,544;7,25
698,78;7,25
699,016;7,25
699,251;7,25
699,487;7,25
699,723;7,27
699,959;7,28
700,195;7,28
700,431;7,29
700,666;7,29
700,902;7,3
701,138;7,31
701,374;7,31
701,609;7,3
701,845;7,31
702,081;7,32
702,316;7,32
702,552;7,33
702,788;7,33
703,023;7,33
703,259;7,34
703,494;7,34
703,73;7,35
703,965;7,34
704,201;7,36
704,436;7,37
704,672;7,37
704,907;7,38
705,143;7,4
705,378;7,4
705,613;7,41
705,849;7,42
706,084;7,43
706,319;7,44
706,555;7,46
706,79;7,47
707,025;7,48
707,26;7,48
707,496;7,48
707,731;7,49
707,966;7,5
708,201;7,51
708,436;7,53
708,671;7,54
708,907;7,55
709,142;7,55
709,377;7,55
709,612;7,56
709,847;7,56
710,082;7,56
710,317;7,56
710,552;7,58
710,787;7,58
711,022;7,59
711,257;7,59
711,492;7,6
711,726;7,6
711,961;7,6
712,196;7,62
712,431;7,61
712,666;7,63
712,901;7,63
713,135;7,63
713,37;7,63
713,605;7,63
713,839;7,64
714,074;7,66
714,309;7,66
714,543;7,67
714,778;7,67
715,013;7,68
715,247;7,68
715,482;7,68
715,716;7,68
715,951;7,68
716,185;7,69
716,42;7,69
716,654;7,69
716,889;7,69
717,123;7,7
717,358;7,71
717,592;7,71
717,827;7,72
718,061;7,73
718,295;7,74
718,53;7,74
718,764;7,74
718,998;7,74
719,232;7,74
719,467;7,74
719,701;7,74
719,935;7,74
720,169;7,75
720,403;7,74
720,638;7,75
720,872;7,74
721,106;7,74
721,34;7,74
721,574;7,75
721,808;7,75
722,042;7,75
722,276;7,75
722,51;7,75
722,744;7,76
722,978;7,76
723,212;7,77
723,446;7,78
723,68;7,79
723,914;7,8
724,147;7,82
724,381;7,84
724,615;7,85
724,849;7,86
725,083;7,86
725,316;7,88
725,55;7,9
725,784;7,91
726,018;7,93
726,251;7,94
726,485;7,97
726,719;7,99
726,952;8,01
727,186;8,02
727,419;8,03
727,653;8,04
727,887;8,05
728,12;8,05
728,354;8,06
728,587;8,06
728,821;8,08
729,054;8,08
729,287;8,08
729,521;8,09
729,754;8,1
729,988;8,11
730,221;8,12
730,454;8,12
730,688;8,13
730,921;8,12
731,154;8,13
731,387;8,14
731,621;8,14
731,854;8,15
732,087;8,15
732,32;8,16
732,553;8,17
732,787;8,18
733,02;8,19
733,253;8,21
733,486;8,21
733,719;8,22
733,952;8,23
734,185;8,24
734,418;8,25
734,651;8,25
734,884;8,26
735,117;8,26
735,35;8,27
735,583;8,27
735,816;8,28
736,049;8,28
736,281;8,28
736,514;8,28
736,747;8,28
736,98;8,28
737,213;8,28
737,445;8,28
737,678;8,27
737,911;8,28
738,144;8,28
738,376;8,29
738,609;8,29
738,842;8,3
739,074;8,29
739,307;8,29
739,539;8,28
739,772;8,29
740,004;8,29
740,237;8,28
740,469;8,27
740,702;8,28
740,934;8,27
741,167;8,28
741,399;8,28
741,632;8,27
741,864;8,27
742,096;8,28
742,329;8,26
742,561;8,27
742,793;8,26
743,026;8,25
743,258;8,24
743,49;8,25
743,723;8,25
743,955;8,25
744,187;8,25
744,419;8,25
744,651;8,25
744,883;8,26
745,115;8,26
745,348;8,28
745,58;8,27
745,812;8,29
746,044;8,29
746,276;8,3
746,508;8,3
746,74;8,31
746,972;8,3
747,204;8,31
747,436;8,3
747,667;8,3
747,899;8,31
748,131;8,32
748,363;8,32
748,595;8,32
748,827;8,33
749,058;8,35
749,29;8,35
749,522;8,35
749,754;8,36
749,985;8,37
750,217;8,37
750,449;8,38
750,68;8,38
750,912;8,37
751,144;8,37
751,375;8,38
751,607;8,37
751,838;8,39
752,07;8,4
752,301;8,41
752,533;8,42
752,764;8,44
752,996;8,44
753,227;8,44
753,459;8,44
753,69;8,43
753,921;8,43
754,153;8,44
754,384;8,45
754,615;8,46
754,847;8,46
755,078;8,46
755,309;8,47
755,54;8,47
755,772;8,48
756,003;8,48
756,234;8,49
756,465;8,5
756,696;8,5
756,927;8,51
757,159;8,5
757,39;8,5
757,621;8,49
757,852;8,49
758,083;8,49
758,314;8,51
758,545;8,51
758,776;8,52
759,007;8,52
759,238;8,52
759,469;8,51
759,699;8,51
759,93;8,5
760,161;8,5
760,392;8,51
760,623;8,52
760,854;8,51
761,084;8,52
761,315;8,51
761,546;8,51
761,776;8,51
762,007;8,52
762,238;8,52
762,468;8,52
762,699;8,53
762,93;8,53
763,16;8,52
763,391;8,52
763,621;8,51
763,852;8,51
764,083;8,51
764,313;8,52
764,543;8,51
764,774;8,5
765,004;8,5
765,235;8,5
765,465;8,49
765,696;8,5
765,926;8,5
766,156;8,5
766,387;8,5
766,617;8,5
766,847;8,5
767,077;8,5
767,308;8,5
767,538;8,5
767,768;8,49
767,998;8,49
768,228;8,49
768,459;8,49
768,689;8,48
768,919;8,49
769,149;8,49
769,379;8,5
769,609;8,5
769,839;8,5
770,069;8,48
770,299;8,48
770,529;8,47
770,759;8,47
770,989;8,47
771,219;8,46
771,449;8,46
771,678;8,46
771,908;8,46
772,138;8,46
772,368;8,46
772,598;8,47
772,827;8,45
773,057;8,45
773,287;8,45
773,517;8,45
773,746;8,45
773,976;8,44
774,206;8,43
774,435;8,43
774,665;8,43
774,894;8,45
775,124;8,45
775,354;8,45
775,583;8,45
775,813;8,45
776,042;8,45
776,272;8,45
776,501;8,45
776,73;8,45
776,96;8,46
777,189;8,46
777,419;8,45
777,648;8,46
777,877;8,47
778,107;8,47
778,336;8,47
778,565;8,47
778,794;8,46
779,024;8,47
779,253;8,48
779,482;8,47
779,711;8,47
779,94;8,46
780,17;8,47
780,399;8,47
780,628;8,48
780,857;8,48
781,086;8,49
781,315;8,49
781,544;8,49
781,773;8,48
782,002;8,49
782,231;8,49
782,46;8,5
782,689;8,49
782,918;8,49
783,147;8,49
783,375;8,5
783,604;8,5
783,833;8,49
784,062;8,48
784,291;8,48
784,519;8,49
784,748;8,49
784,977;8,49
785,206;8,48
785,434;8,48
785,663;8,48
785,892;8,48
786,12;8,47
786,349;8,48
786,577;8,48
786,806;8,47
787,034;8,47
787,263;8,46
787,492;8,48
787,72;8,48
787,948;8,47
788,177;8,48
788,405;8,47
788,634;8,47
788,862;8,47
789,09;8,48
789,319;8,48
789,547;8,48
789,775;8,48
790,004;8,48
790,232;8,47
790,46;8,46
790,688;8,46
790,917;8,46
791,145;8,47
791,373;8,46
791,601;8,46
791,829;8,46
792,057;8,46
792,286;8,45
792,514;8,45
792,742;8,46
792,97;8,45
793,198;8,44
793,426;8,46
793,654;8,45
793,882;8,45
794,109;8,45
794,337;8,45
794,565;8,45
794,793;8,44
795,021;8,45
795,249;8,47
795,477;8,46
795,704;8,46
795,932;8,45
796,16;8,44
796,388;8,44
796,615;8,42
796,843;8,41
797,071;8,41
797,298;8,41
797,526;8,4
797,754;8,42
797,981;8,43
798,209;8,43
798,436;8,43
798,664;8,43
798,891;8,43
799,119;8,43
799,346;8,44
799,574;8,44
799,801;8,43
800,029;8,42
800,256;8,42
800,483;8,41
800,711;8,42
800,938;8,43
801,165;8,44
801,393;8,45
801,62;8,46
801,847;8,46
802,074;8,43
802,302;8,43
802,529;8,41
802,756;8,41
802,983;8,41
803,21;8,4
803,437;8,39
803,665;8,4
803,892;8,4
804,119;8,39
804,346;8,38
804,573;8,39
804,8;8,39
805,027;8,4
805,254;8,4
805,481;8,38
805,708;8,38
805,934;8,38
806,161;8,38
806,388;8,36
806,615;8,36
806,842;8,36
807,069;8,36
807,295;8,37
807,522;8,37
807,749;8,36
807,976;8,36
808,202;8,37
808,429;8,36
808,656;8,38
808,882;8,37
809,109;8,38
809,335;8,39
809,562;8,39
809,789;8,39
810,015;8,4
810,242;8,41
810,468;8,4
810,695;8,4
810,921;8,41
811,147;8,44
811,374;8,44
811,6;8,45
811,827;8,46
812,053;8,45
812,279;8,47
812,506;8,46
812,732;8,48
812,958;8,49
813,185;8,49
813,411;8,48
813,637;8,48
813,863;8,48
814,089;8,48
814,315;8,49
814,542;8,48
814,768;8,49
814,994;8,5
815,22;8,5
815,446;8,5
815,672;8,51
815,898;8,51
816,124;8,51
816,35;8,52
816,576;8,52
816,802;8,53
817,028;8,52
817,254;8,52
817,48;8,51
817,705;8,51
817,931;8,51
818,157;8,51
818,383;8,51
818,609;8,52
818,834;8,52
819,06;8,52
819,286;8,51
819,512;8,51
819,737;8,51
819,963;8,52
820,189;8,53
820,414;8,52
820,64;8,51
820,865;8,5
821,091;8,51
821,316;8,5
821,542;8,49
821,767;8,48
821,993;8,49
822,218;8,49
822,444;8,5
822,669;8,51
822,895;8,5
823,12;8,5
823,345;8,5
823,571;8,49
823,796;8,49
824,021;8,5
824,247;8,5
824,472;8,49
824,697;8,49
824,922;8,51
825,147;8,52
825,373;8,52
825,598;8,53
825,823;8,54
826,048;8,53
826,273;8,55
826,498;8,57
826,723;8,57
826,948;8,58
827,173;8,57
827,398;8,57
827,623;8,57
827,848;8,58
828,073;8,59
828,298;8,62
828,523;8,63
828,748;8,64
828,973;8,62
829,197;8,63
829,422;8,63
829,647;8,62
829,872;8,61
830,097;8,62
830,321;8,61
830,546;8,62
830,771;8,63
830,995;8,63
831,22;8,61
831,445;8,61
831,669;8,61
831,894;8,61
832,118;8,62
832,343;8,64
832,567;8,64
832,792;8,65
833,016;8,63
833,241;8,61
833,465;8,62
833,69;8,64
833,914;8,66
834,139;8,68
834,363;8,66
834,587;8,67
834,812;8,66
835,036;8,67
835,26;8,65
835,485;8,63
835,709;8,63
835,933;8,66
836,157;8,65
836,381;8,66
836,606;8,67
836,83;8,67
837,054;8,67
837,278;8,67
837,502;8,66
837,726;8,68
837,95;8,7
838,174;8,69
838,398;8,67
838,622;8,65
838,846;8,64
839,07;8,66
839,294;8,66
839,518;8,69
839,742;8,71
839,966;8,73
840,189;8,74
840,413;8,76
840,637;8,76
840,861;8,77
841,085;8,78
841,308;8,79
841,532;8,78
841,756;8,79
841,979;8,8
842,203;8,78
842,427;8,79
842,65;8,77
842,874;8,77
843,098;8,82
843,321;8,84
843,545;8,84
843,768;8,84
843,992;8,85
844,215;8,85
844,439;8,84
844,662;8,84
844,886;8,85
845,109;8,86
845,332;8,87
845,556;8,91
845,779;8,91
846,002;8,9
846,226;8,92
846,449;8,93
846,672;8,92
846,895;8,97
847,119;8,95
847,342;8,97
847,565;8,98
847,788;8,99
848,011;8,98
848,234;9,01
848,457;9,01
848,681;9,02
848,904;9,01
849,127;9,01
849,35;9,01
849,573;9,04
849,796;9,03
850,019;9,04
850,241;9,02
850,464;9
850,687;9,04
850,91;9,07
851,133;9,07
851,356;9,09
851,579;9,08
851,801;9,12
852,024;9,13
852,247;9,12
852,47;9,11
852,692;9,12
852,915;9,13
853,138;9,16
853,36;9,14
853,583;9,16
853,806;9,18
854,028;9,18
854,251;9,16
854,473;9,18
854,696;9,2
854,918;9,2
855,141;9,21
855,363;9,21
855,586;9,2
855,808;9,19
856,031;9,2
856,253;9,2
856,475;9,19
856,698;9,24
856,92;9,26
857,142;9,24
857,365;9,22
857,587;9,22
857,809;9,23
858,031;9,27
858,253;9,28
858,476;9,27
858,698;9,31
858,92;9,32
859,142;9,33
859,364;9,32
859,586;9,33
859,808;9,34
860,03;9,34
860,252;9,34
860,474;9,35
860,696;9,37
860,918;9,4
861,14;9,42
861,362;9,4
861,584;9,4
861,806;9,42
862,028;9,46
862,25;9,44
862,471;9,44
862,693;9,44
862,915;9,41
863,137;9,43
863,358;9,44
863,58;9,44
863,802;9,45
864,024;9,46
864,245;9,48
864,467;9,49
864,688;9,5
864,91;9,51
865,132;9,52
865,353;9,51
865,575;9,5
865,796;9,52
866,018;9,52
866,239;9,53
866,461;9,58
866,682;9,57
866,903;9,58
867,125;9,58
867,346;9,59
867,567;9,63
867,789;9,65
868,01;9,64
868,231;9,69
868,453;9,69
868,674;9,69
868,895;9,72
869,116;9,71
869,337;9,72
869,559;9,72
869,78;9,75
870,001;9,78
870,222;9,8
870,443;9,81
870,664;9,83
870,885;9,84
871,106;9,82
871,327;9,85
871,548;9,87
871,769;9,91
871,99;9,93
872,211;9,95
872,432;9,95
872,653;9,96
872,874;9,96
873,094;9,98
873,315;10,03
873,536;10
873,757;10,04
873,978;10,05
874,198;10,08
874,419;10,06
874,64;10,07
874,86;10,06
875,081;10,08
875,302;10,09
875,522;10,11
875,743;10,1
875,963;10,1
876,184;10,12
876,404;10,11
876,625;10,11
876,845;10,13
877,066;10,14
877,286;10,15
877,507;10,14
877,727;10,14
877,947;10,15
878,168;10,18
878,388;10,19
878,609;10,22
878,829;10,24
879,049;10,27
879,269;10,28
879,49;10,31
879,71;10,31
879,93;10,31
880,15;10,33
880,37;10,36
880,59;10,38
880,811;10,39
881,031;10,42
881,251;10,42
881,471;10,44
881,691;10,46
881,911;10,49
882,131;10,53
882,351;10,56
882,571;10,54
882,791;10,56
883,011;10,56
883,23;10,57
883,45;10,54
883,67;10,54
883,89;10,58
884,11;10,61
884,33;10,6
884,549;10,63
884,769;10,59
884,989;10,6
885,209;10,6
885,428;10,63
885,648;10,65
885,868;10,67
886,087;10,66
886,307;10,68
886,526;10,66
886,746;10,67
886,965;10,68
887,185;10,7
887,404;10,75
887,624;10,78
887,843;10,78
888,063;10,85
888,282;10,86
888,502;10,85
888,721;10,85
888,94;10,87
889,16;10,9
889,379;10,95
889,598;10,99
889,818;11,02
890,037;11,04
890,256;11,04
890,475;11,07
890,694;11,16
890,914;11,2
891,133;11,26
891,352;11,29
891,571;11,32
891,79;11,37
892,009;11,34
892,228;11,37
892,447;11,42
892,666;11,4
892,885;11,45
893,104;11,45
893,323;11,47
893,542;11,53
893,761;11,54
893,98;11,56
894,199;11,59
894,417;11,61
894,636;11,61
894,855;11,64
895,074;11,64
895,293;11,63
895,511;11,63
895,73;11,63
895,949;11,64
896,167;11,69
896,386;11,68
896,605;11,7
896,823;11,69
897,042;11,7
897,26;11,72
897,479;11,71
897,697;11,76
897,916;11,8
898,134;11,82
898,353;11,84
898,571;11,88
898,79;11,9
899,008;11,94
899,227;11,98
899,445;12,01
899,663;12,02
899,882;12,05
900,1;12,06
900,318;12,08
900,536;12,06
900,755;12,05
900,973;12,1
901,191;12,13
901,409;12,2
901,627;12,23
901,846;12,24
902,064;12,28
902,282;12,32
902,5;12,31
902,718;12,31
902,936;12,34
903,154;12,33
903,372;12,32
903,59;12,33
903,808;12,34
904,026;12,37
904,244;12,41
904,462;12,4
904,679;12,41
904,897;12,4
905,115;12,46
905,333;12,44
905,551;12,42
905,768;12,45
905,986;12,45
906,204;12,48
906,422;12,52
906,639;12,53
906,857;12,57
907,074;12,59
907,292;12,62
907,51;12,63
907,727;12,65
907,945;12,69
908,162;12,68
908,38;12,72
908,597;12,75
908,815;12,78
909,032;12,86
909,25;12,87
909,467;12,94
909,684;12,92
909,902;12,94
910,119;13
910,337;12,99
910,554;13,03
910,771;13
910,988;12,99
911,206;13,04
911,423;13
911,64;13,04
911,857;13,06
912,074;13,1
912,291;13,16
912,509;13,2
912,726;13,26
912,943;13,3
913,16;13,33
913,377;13,34
913,594;13,35
913,811;13,41
914,028;13,44
914,245;13,52
914,462;13,56
914,679;13,6
914,896;13,65
915,112;13,7
915,329;13,78
915,546;13,83
915,763;13,88
915,98;13,93
916,196;13,93
916,413;13,93
916,63;13,97
916,847;13,98
917,063;13,94
917,28;13,96
917,497;13,96
917,713;13,98
917,93;14,01
918,146;14,02
918,363;14,05
918,579;14,09
918,796;14,07
919,012;14,09
919,229;14,13
919,445;14,17
919,662;14,19
919,878;14,18
920,095;14,23
920,311;14,24
920,527;14,27
920,744;14,32
920,96;14,37
921,176;14,41
921,392;14,44
921,609;14,58
921,825;14,62
922,041;14,67
922,257;14,72
922,473;14,78
922,69;14,83
922,906;14,82
923,122;14,82
923,338;14,89
923,554;14,94
923,77;14,94
923,986;14,96
924,202;14,97
924,418;15,01
924,634;15,02
924,85;15,06
925,066;15,1
925,282;15,13
925,497;15,19
925,713;15,2
925,929;15,24
926,145;15,23
926,361;15,24
926,576;15,26
926,792;15,27
927,008;15,32
927,224;15,32
927,439;15,4
927,655;15,44
927,871;15,48
928,086;15,54
928,302;15,54
928,517;15,6
928,733;15,64
928,948;15,68
929,164;15,72
929,379;15,75
929,595;15,78
929,81;15,85
930,026;15,83
930,241;15,9
930,456;15,93
930,672;15,96
930,887;16,01
931,102;16,02
931,318;16,02
931,533;16,05
931,748;16,1
931,964;16,06
932,179;16,08
932,394;16,09
932,609;16,09
932,824;16,17
933,039;16,18
933,255;16,21
933,47;16,24
933,685;16,26
933,9;16,31
934,115;16,33
934,33;16,32
934,545;16,42
934,76;16,44
934,975;16,46
935,19;16,52
935,404;16,56
935,619;16,64
935,834;16,74
936,049;16,75
936,264;16,8
936,479;16,91
936,693;17
936,908;17,1
937,123;17,2
937,338;17,26
937,552;17,4
937,767;17,44
937,982;17,59
938,196;17,75
938,411;17,86
938,625;17,98
938,84;18,08
939,055;18,15
939,269;18,31
939,484;18,46
939,698;18,59
939,912;18,7
940,127;18,84
940,341;18,91
940,556;19,07
940,77;19,19
940,984;19,43
941,199;19,49
941,413;19,63
941,627;19,63
941,842;19,78
942,056;19,81
942,27;20,1
942,484;20,08
942,699;20,09
942,913;20,21
943,127;20,14
943,341;20,33
943,555;20,38
943,769;20,39
943,983;20,52
944,197;20,53
944,411;20,53
944,625;20,54
944,839;20,64
945,053;20,7
945,267;20,69
945,481;20,73
945,695;20,86
945,909;21,03
946,123;20,94
946,336;20,83
946,55;20,97
946,764;20,92
946,978;20,98
947,192;21,15
947,405;21,04
947,619;21,25
947,833;21,35
948,046;21,43
948,26;21,47
948,474;21,54
948,687;21,53
948,901;21,79
949,114;21,71
949,328;21,75
949,541;21,93
949,755;22,07
949,968;22
950,182;21,97
950,395;21,81
950,609;21,91
950,822;22,01
951,035;21,94
951,249;21,98
951,462;22
951,675;22,08
951,889;22,12
952,102;22,07
952,315;22,11
952,528;21,97
952,741;21,87
952,955;21,82
953,168;21,92
953,381;21,71
953,594;21,8
953,807;21,75
954,02;21,77
954,233;21,78
954,446;21,89
954,659;21,97
954,872;22,11
955,085;22,23
955,298;22,41
955,511;22,42
955,724;22,45
955,937;22,53
956,15;22,52
956,362;22,51
956,575;22,55
956,788;22,54
957,001;22,65
957,214;22,95
957,426;22,93
957,639;22,87
957,852;23,02
958,064;23,04
958,277;23,16
958,49;23,23
958,702;23,25
958,915;23,17
959,127;23,25
959,34;23,21
959,552;23,11
959,765;23,03
959,977;23,06
960,19;23,18
960,402;23,13
960,615;23,04
960,827;23,14
961,039;23,18
961,252;23,18
961,464;23,27
961,676;23,03
961,889;23,19
962,101;23,28
962,313;23,26
962,525;23,35
962,738;23,33
962,95;23,22
963,162;23,26
963,374;23,3
963,586;23,27
963,798;23,31
964,01;23,43
964,222;23,47
964,434;23,58
964,646;23,55
964,858;23,68
965,07;23,8
965,282;23,92
965,494;24,04
965,706;24,16
965,918;24,37
966,13;24,49
966,342;24,36
966,553;24,4
966,765;24,42
966,977;24,21
967,189;24,35
967,401;24,38
967,612;24,43
967,824;24,52
968,036;24,49
968,247;24,5
968,459;24,57
968,67;24,59
968,882;24,62
969,094;24,68
969,305;24,73
969,517;24,65
969,728;24,65
969,94;24,54
970,151;24,57
970,362;24,55
970,574;24,59
970,785;24,81
970,997;24,94
971,208;25,05
971,419;25,31
971,631;25,28
971,842;25,41
972,053;25,49
972,264;25,5
972,476;25,53
972,687;25,57
972,898;25,63
973,109;25,78
973,32;25,85
973,531;25,86
973,742;25,84
973,954;25,99
974,165;25,99
974,376;26,13
974,587;26,1
974,798;26,07
975,009;26,07
975,22;26,09
975,43;26,04
975,641;26,04
975,852;26,13
976,063;26,2
976,274;26,19
976,485;26,07
976,695;26,13
976,906;26,23
977,117;26,38
977,328;26,5
977,538;26,37
977,749;26,32
977,96;26,47
978,17;26,56
978,381;26,61
978,592;26,85
978,802;26,95
979,013;26,99
979,223;26,97
979,434;27,08
979,644;26,99
979,855;27,19
980,065;27,34
980,276;27,44
980,486;27,53
980,696;27,73
980,907;28,05
981,117;28,22
981,327;28,25
981,538;28,24
981,748;28,29
981,958;28,61
982,169;28,87
982,379;28,78
982,589;28,81
982,799;28,8
983,009;28,7
983,219;28,68
983,43;28,82
983,64;28,91
983,85;29,02
984,06;29,22
984,27;29,18
984,48;29,33
984,69;29,29
984,9;29,22
985,11;29,16
985,32;29,05
985,529;29,06
985,739;29,22
985,949;29,3
986,159;29,17
986,369;29,2
986,579;29,24
986,788;29,48
986,998;29,66
987,208;29,78
987,417;29,88
987,627;30,02
987,837;29,97
988,046;30,01
988,256;30,1
988,466;30,21
988,675;30,19
988,885;30,1
989,094;30,32
989,304;30,38
989,513;30,57
989,723;30,76
989,932;30,74
990,142;30,95
990,351;31,02
990,56;31,23
990,77;31,31
990,979;31,21
991,188;31,08
991,398;31,07
991,607;31,22
991,816;31,36
992,025;31,44
992,235;31,59
992,444;31,64
992,653;31,63
992,862;31,58
993,071;31,56
993,28;31,67
993,489;31,74
993,698;32,01
993,908;32,03
994,117;32,08
994,326;32,25
994,534;32,22
994,743;32,45
994,952;32,64
995,161;32,51
995,37;32,85
995,579;33,05
995,788;33,1
995,997;33,01
996,205;32,81
996,414;32,77
996,623;32,78
996,832;33,01
997,04;33,26
997,249;33,54
997,458;33,77
997,666;33,86
997,875;33,79
998,084;33,63
998,292;33,64
998,501;33,72
998,709;33,78
998,918;33,81
999,126;33,64
999,335;33,63
999,543;33,89
999,752;33,82
999,96;33,96
1000,169;34,1
1000,377;34,26
1000,585;34,64
1000,794;34,83
1001,002;34,82
1001,21;34,78
1001,418;34,81
1001,627;34,58
1001,835;34,63
1002,043;34,58
1002,251;34,56
1002,459;34,75
1002,668;34,82
1002,876;34,73
1003,084;34,74
1003,292;34,64
1003,5;34,89
1003,708;35,05
1003,916;34,97
1004,124;35,06
1004,332;34,87
1004,54;34,89
1004,748;34,75
1004,956;34,81
1005,163;34,88
1005,371;35,29
1005,579;35,47
1005,787;35,19
1005,995;35,54
1006,202;35,7
1006,41;35,8
1006,618;35,94
1006,826;36,14
1007,033;35,89
1007,241;36,34
1007,449;36,32
1007,656;36,73
1007,864;36,84
1008,071;36,83
1008,279;36,74
1008,486;36,83
1008,694;36,95
1008,901;36,84
1009,109;37,09
1009,316;36,94
1009,524;37
1009,731;36,94
1009,938;36,69
1010,146;36,88
1010,353;36,87
1010,56;36,91
1010,768;37,11
1010,975;37,59
1011,182;37,73
1011,389;37,79
1011,597;37,62
1011,804;37,79
1012,011;37,65
1012,218;37,62
1012,425;37,37
1012,632;37,4
1012,839;37,44
1013,046;37,19
1013,253;37,47
1013,46;37,54
1013,667;37,7
1013,874;37,65
1014,081;37,73
1014,288;38,06
1014,495;38,38
1014,702;38,18
1014,909;38,58
1015,116;38,29
1015,323;37,73
1015,529;37,92
1015,736;38,58
1015,943;38,56
1016,15;38,61
1016,356;38,52
1016,563;38,88
1016,77;39,49
1016,976;39,73
1017,183;39,52
1017,389;40,31
1017,596;40,48
1017,803;40,92
1018,009;40,67
1018,216;40,67
1018,422;40,83
1018,629;40,82
1018,835;40,81
1019,041;41,11
1019,248;40,74
1019,454;40,87
1019,661;41,16
1019,867;41,02
1020,073;40,93
1020,279;40,77
1020,486;41,1
1020,692;41,36
1020,898;41,09
1021,104;40,65
1021,311;40,72
1021,517;41,12
1021,723;41
1021,929;40,99
1022,135;40,48
1022,341;40,64
1022,547;40,95
1022,753;41,23
1022,959;41,46
1023,165;41,66
1023,371;41,83
1023,577;41,79
1023,783;42,15
1023,989;42,13
1024,195;41,98
1024,401;42,18
1024,607;42,39
1024,812;42,25
1025,018;42,53
1025,224;42,37
1025,43;42,54
1025,635;42,66
1025,841;42,5
1026,047;42,6
1026,252;42,3
1026,458;42,78
1026,664;43,07
1026,869;42,77
1027,075;41,98
1027,28;41,54
1027,486;40,9
1027,691;40,97
1027,897;40,75
1028,102;40,3
1028,308;40,24
1028,513;40,78
1028,719;40,76
1028,924;40,47
1029,129;40,71
1029,335;40,98
1029,54;41,09
1029,745;41,25
1029,95;41,44
1030,156;41,57
1030,361;41,46
1030,566;42,08
1030,771;42,24
1030,976;42,27
1031,182;42,89
1031,387;43,32
1031,592;43,77
1031,797;44,5
1032,002;43,78
1032,207;43,87
1032,412;44,71
1032,617;45,18
1032,822;44,21
1033,027;43,93
1033,232;44,94
1033,437;44,89
1033,642;44,3
1033,846;44,57
1034,051;44,54
1034,256;44,92
1034,461;45,15
1034,666;45,59
1034,87;45,25
1035,075;45,35
1035,28;44,44
1035,484;44,67
1035,689;45,05
1035,894;44,94
1036,098;44,77
1036,303;45,3
1036,507;45,35
1036,712;45,03
1036,917;44,9
1037,121;45,41
1037,325;45,65
1037,53;45,29
1037,734;45,73
1037,939;45,58
1038,143;46,13
1038,348;46,55
1038,552;45,81
1038,756;45,59
1038,961;44,66
1039,165;44,52
1039,369;44,39
1039,573;46,36
1039,778;45,93
1039,982;45,58
1040,186;45,65
1040,39;46,24
1040,594;45,91
1040,798;45,59
1041,002;46,23
1041,206;45,92
1041,41;46,34
1041,614;46,33
1041,818;45,94
1042,022;45,2
1042,226;46,62
1042,43;46,42
1042,634;46,41
1042,838;47,64
1043,042;47,46
1043,246;47,83
1043,45;48,89
1043,653;49,31
1043,857;49,36
1044,061;49,69
1044,265;49,63
1044,468;51,28
1044,672;51,74
1044,876;52,94
1045,079;53,07
1045,283;53,03
1045,487;54,2
1045,69;53,93
1045,894;54,09
1046,097;54,48
1046,301;53,34
1046,504;51,58
1046,708;51,31
1046,911;50,78
1047,115;49,85
1047,318;50,63
1047,522;50,81
1047,725;50,94
1047,928;50,58
1048,132;49,58
1048,335;49,78
1048,538;49,74
1048,741;49,5
1048,945;48,29
1049,148;48,18
1049,351;49,78
1049,554;49,24
1049,757;48,34
1049,96;48,84
1050,163;49,49
1050,367;49,49
1050,57;52,28
1050,773;52,81
1050,976;54
1051,179;55,95
1051,382;55,9
1051,585;55,55
1051,787;55,51
1051,99;55,06
1052,193;54,16
1052,396;52,91
1052,599;53,15
1052,802;53,05
1053,005;52,16
1053,207;52,69
1053,41;53,18
1053,613;53,73
1053,815;52,93
1054,018;53,9
1054,221;54,87
1054,423;54,51
1054,626;54,75
1054,829;53,59
1055,031;54,54
1055,234;53,23
1055,436;51,1
1055,639;51,43
1055,841;51,24
1056,044;51,67
1056,246;51,21
