Data from bluEgizioWhite_Reflection__1__24.txt Node;
Date: Fri Sep 12 11:03:01 CEST 2025;
186,01;-62,79
186,281;-2245,59
186,552;100,26
186,822;46,75
187,093;-36,36
187,364;7,18
187,635;-325,53
187,905;43,54
188,176;24,34
188,447;26,33
188,717;20,37
188,988;17,36
189,258;17,68
189,529;22,94
189,8;21,46
190,07;18,19
190,341;18,98
190,611;18,75
190,882;17,5
191,152;18
191,423;18,95
191,693;17,86
191,964;17,92
192,234;18,43
192,505;17,15
192,775;17,38
193,045;17,48
193,316;17,4
193,586;16,74
193,856;16,18
194,127;15,46
194,397;15,26
194,667;15,29
194,938;15,16
195,208;14,29
195,478;14,15
195,748;13,58
196,019;12,93
196,289;12,86
196,559;12,2
196,829;11,46
197,099;11,32
197,37;11,21
197,64;10,87
197,91;10,14
198,18;9,61
198,45;8,74
198,72;8,6
198,99;8
199,26;7,8
199,53;7,63
199,8;7,83
200,07;7,78
200,34;7,54
200,61;7,51
200,88;7,44
201,15;7,1
201,42;7,06
201,69;6,9
201,96;6,81
202,23;6,75
202,499;6,59
202,769;6,67
203,039;6,51
203,309;6,44
203,579;6,56
203,849;6,94
204,118;6,99
204,388;6,5
204,658;6,48
204,927;6,38
205,197;6,15
205,467;5,73
205,736;5,63
206,006;5,43
206,276;5,4
206,545;5,12
206,815;5,11
207,085;5,14
207,354;4,96
207,624;4,89
207,893;4,78
208,163;4,7
208,432;4,55
208,702;4,59
208,971;4,64
209,241;4,52
209,51;4,37
209,78;4,28
210,049;4,35
210,318;4,28
210,588;4,2
210,857;4,29
211,127;4,39
211,396;4,43
211,665;4,33
211,935;4,38
212,204;4,35
212,473;4,29
212,742;4,26
213,012;4,36
213,281;4,38
213,55;4,35
213,819;4,36
214,088;4,29
214,358;4,16
214,627;4,02
214,896;3,95
215,165;3,87
215,434;3,83
215,703;3,73
215,972;3,76
216,241;3,71
216,51;3,67
216,779;3,53
217,048;3,45
217,317;3,44
217,586;3,37
217,855;3,36
218,124;3,3
218,393;3,23
218,662;3,2
218,931;3,13
219,2;3,11
219,469;3,06
219,738;3,04
220,006;3,04
220,275;3,1
220,544;3,11
220,813;3,07
221,082;3,04
221,35;3,04
221,619;2,99
221,888;2,96
222,157;2,94
222,425;2,95
222,694;2,93
222,963;2,92
223,231;2,87
223,5;2,9
223,769;2,89
224,037;2,89
224,306;2,87
224,574;2,87
224,843;2,88
225,111;2,88
225,38;2,85
225,648;2,83
225,917;2,74
226,185;2,73
226,454;2,73
226,722;2,73
226,991;2,73
227,259;2,74
227,528;2,74
227,796;2,73
228,064;2,7
228,333;2,69
228,601;2,69
228,869;2,67
229,138;2,63
229,406;2,64
229,674;2,64
229,942;2,63
230,211;2,62
230,479;2,61
230,747;2,58
231,015;2,58
231,283;2,58
231,552;2,6
231,82;2,59
232,088;2,59
232,356;2,59
232,624;2,57
232,892;2,56
233,16;2,54
233,428;2,54
233,696;2,54
233,964;2,54
234,232;2,52
234,5;2,53
234,768;2,51
235,036;2,49
235,304;2,48
235,572;2,46
235,84;2,45
236,108;2,44
236,376;2,45
236,644;2,44
236,912;2,44
237,179;2,44
237,447;2,44
237,715;2,44
237,983;2,43
238,251;2,42
238,518;2,4
238,786;2,41
239,054;2,4
239,322;2,42
239,589;2,42
239,857;2,42
240,125;2,42
240,392;2,43
240,66;2,43
240,927;2,43
241,195;2,43
241,463;2,43
241,73;2,43
241,998;2,43
242,265;2,42
242,533;2,42
242,8;2,41
243,068;2,4
243,335;2,39
243,603;2,39
243,87;2,39
244,138;2,39
244,405;2,38
244,672;2,39
244,94;2,37
245,207;2,36
245,474;2,36
245,742;2,36
246,009;2,36
246,276;2,36
246,544;2,35
246,811;2,36
247,078;2,36
247,345;2,35
247,613;2,34
247,88;2,34
248,147;2,34
248,414;2,34
248,681;2,33
248,948;2,34
249,215;2,34
249,483;2,35
249,75;2,35
250,017;2,35
250,284;2,35
250,551;2,34
250,818;2,34
251,085;2,34
251,352;2,34
251,619;2,33
251,886;2,33
252,153;2,33
252,42;2,33
252,687;2,33
252,953;2,33
253,22;2,34
253,487;2,34
253,754;2,33
254,021;2,33
254,288;2,33
254,555;2,32
254,821;2,32
255,088;2,33
255,355;2,33
255,622;2,34
255,888;2,32
256,155;2,33
256,422;2,33
256,688;2,34
256,955;2,33
257,222;2,34
257,488;2,34
257,755;2,34
258,022;2,33
258,288;2,32
258,555;2,31
258,821;2,31
259,088;2,32
259,354;2,33
259,621;2,33
259,887;2,33
260,154;2,33
260,42;2,33
260,687;2,32
260,953;2,32
261,219;2,3
261,486;2,3
261,752;2,3
262,019;2,3
262,285;2,29
262,551;2,29
262,818;2,28
263,084;2,27
263,35;2,28
263,616;2,28
263,883;2,29
264,149;2,28
264,415;2,28
264,681;2,28
264,947;2,29
265,214;2,29
265,48;2,3
265,746;2,3
266,012;2,3
266,278;2,31
266,544;2,32
266,81;2,33
267,076;2,33
267,342;2,33
267,608;2,33
267,874;2,34
268,14;2,34
268,406;2,35
268,672;2,36
268,938;2,36
269,204;2,36
269,47;2,35
269,736;2,36
270,002;2,36
270,268;2,37
270,533;2,36
270,799;2,36
271,065;2,36
271,331;2,35
271,597;2,35
271,862;2,35
272,128;2,34
272,394;2,35
272,66;2,35
272,925;2,35
273,191;2,35
273,457;2,35
273,722;2,35
273,988;2,35
274,254;2,33
274,519;2,32
274,785;2,32
275,05;2,33
275,316;2,34
275,582;2,33
275,847;2,32
276,113;2,32
276,378;2,33
276,644;2,33
276,909;2,33
277,174;2,33
277,44;2,33
277,705;2,34
277,971;2,34
278,236;2,34
278,501;2,34
278,767;2,35
279,032;2,35
279,297;2,34
279,563;2,36
279,828;2,37
280,093;2,37
280,358;2,37
280,624;2,36
280,889;2,36
281,154;2,37
281,419;2,37
281,684;2,37
281,95;2,37
282,215;2,37
282,48;2,37
282,745;2,39
283,01;2,37
283,275;2,38
283,54;2,37
283,805;2,38
284,07;2,39
284,335;2,39
284,6;2,38
284,865;2,39
285,13;2,38
285,395;2,39
285,66;2,39
285,925;2,39
286,19;2,4
286,455;2,41
286,72;2,41
286,985;2,41
287,249;2,42
287,514;2,42
287,779;2,43
288,044;2,43
288,309;2,42
288,573;2,44
288,838;2,44
289,103;2,44
289,367;2,44
289,632;2,44
289,897;2,43
290,161;2,44
290,426;2,44
290,691;2,45
290,955;2,45
291,22;2,46
291,484;2,46
291,749;2,47
292,014;2,47
292,278;2,48
292,543;2,49
292,807;2,49
293,072;2,5
293,336;2,51
293,6;2,51
293,865;2,52
294,129;2,52
294,394;2,53
294,658;2,55
294,922;2,56
295,187;2,57
295,451;2,58
295,715;2,6
295,98;2,61
296,244;2,62
296,508;2,63
296,773;2,64
297,037;2,65
297,301;2,67
297,565;2,68
297,829;2,68
298,094;2,69
298,358;2,7
298,622;2,71
298,886;2,71
299,15;2,73
299,414;2,74
299,678;2,76
299,942;2,76
300,206;2,76
300,47;2,77
300,734;2,77
300,998;2,78
301,262;2,78
301,526;2,78
301,79;2,79
302,054;2,79
302,318;2,8
302,582;2,81
302,846;2,81
303,11;2,82
303,374;2,83
303,637;2,84
303,901;2,85
304,165;2,85
304,429;2,87
304,693;2,88
304,956;2,89
305,22;2,88
305,484;2,89
305,747;2,91
306,011;2,91
306,275;2,92
306,538;2,94
306,802;2,95
307,066;2,96
307,329;2,96
307,593;2,97
307,856;2,98
308,12;3
308,384;3,01
308,647;3,01
308,911;3,02
309,174;3,03
309,438;3,03
309,701;3,05
309,964;3,04
310,228;3,05
310,491;3,06
310,755;3,08
311,018;3,09
311,281;3,1
311,545;3,12
311,808;3,12
312,071;3,12
312,335;3,13
312,598;3,15
312,861;3,17
313,124;3,17
313,388;3,19
313,651;3,2
313,914;3,2
314,177;3,21
314,44;3,23
314,704;3,25
314,967;3,26
315,23;3,26
315,493;3,27
315,756;3,28
316,019;3,28
316,282;3,3
316,545;3,31
316,808;3,32
317,071;3,33
317,334;3,35
317,597;3,36
317,86;3,37
318,123;3,37
318,386;3,37
318,649;3,38
318,912;3,39
319,175;3,39
319,437;3,41
319,7;3,43
319,963;3,43
320,226;3,43
320,489;3,44
320,751;3,44
321,014;3,45
321,277;3,48
321,54;3,5
321,802;3,51
322,065;3,52
322,328;3,53
322,59;3,52
322,853;3,54
323,116;3,56
323,378;3,57
323,641;3,59
323,903;3,62
324,166;3,64
324,428;3,65
324,691;3,67
324,953;3,68
325,216;3,7
325,478;3,72
325,741;3,74
326,003;3,75
326,266;3,77
326,528;3,79
326,791;3,8
327,053;3,81
327,315;3,82
327,578;3,84
327,84;3,86
328,102;3,88
328,365;3,89
328,627;3,91
328,889;3,91
329,151;3,93
329,414;3,94
329,676;3,95
329,938;3,97
330,2;3,98
330,462;4,01
330,725;4,02
330,987;4,04
331,249;4,04
331,511;4,07
331,773;4,09
332,035;4,11
332,297;4,13
332,559;4,16
332,821;4,17
333,083;4,19
333,345;4,21
333,607;4,23
333,869;4,25
334,131;4,27
334,393;4,3
334,655;4,31
334,917;4,34
335,179;4,36
335,44;4,38
335,702;4,4
335,964;4,42
336,226;4,43
336,488;4,45
336,749;4,47
337,011;4,5
337,273;4,52
337,535;4,55
337,796;4,56
338,058;4,57
338,32;4,59
338,581;4,6
338,843;4,62
339,105;4,64
339,366;4,67
339,628;4,7
339,889;4,73
340,151;4,76
340,412;4,79
340,674;4,8
340,935;4,84
341,197;4,88
341,458;4,91
341,72;4,93
341,981;4,95
342,243;4,98
342,504;5,01
342,766;5,02
343,027;5,03
343,288;5,07
343,55;5,1
343,811;5,13
344,072;5,16
344,334;5,18
344,595;5,21
344,856;5,24
345,117;5,26
345,379;5,29
345,64;5,31
345,901;5,34
346,162;5,36
346,423;5,38
346,684;5,38
346,946;5,4
347,207;5,44
347,468;5,47
347,729;5,51
347,99;5,53
348,251;5,56
348,512;5,59
348,773;5,63
349,034;5,65
349,295;5,68
349,556;5,7
349,817;5,73
350,078;5,76
350,339;5,78
350,6;5,8
350,86;5,83
351,121;5,86
351,382;5,88
351,643;5,91
351,904;5,95
352,165;5,99
352,425;6,02
352,686;6,06
352,947;6,09
353,208;6,12
353,468;6,16
353,729;6,19
353,99;6,23
354,25;6,26
354,511;6,29
354,772;6,34
355,032;6,4
355,293;6,43
355,553;6,47
355,814;6,52
356,074;6,56
356,335;6,6
356,596;6,64
356,856;6,68
357,116;6,74
357,377;6,79
357,637;6,83
357,898;6,87
358,158;6,91
358,419;6,95
358,679;6,99
358,939;7,04
359,2;7,09
359,46;7,13
359,72;7,16
359,981;7,21
360,241;7,24
360,501;7,27
360,761;7,32
361,022;7,36
361,282;7,41
361,542;7,47
361,802;7,51
362,062;7,56
362,323;7,62
362,583;7,66
362,843;7,71
363,103;7,75
363,363;7,78
363,623;7,82
363,883;7,86
364,143;7,93
364,403;7,96
364,663;8,01
364,923;8,06
365,183;8,12
365,443;8,19
365,703;8,24
365,963;8,3
366,223;8,34
366,483;8,38
366,743;8,44
367,002;8,48
367,262;8,54
367,522;8,59
367,782;8,64
368,042;8,69
368,301;8,74
368,561;8,79
368,821;8,86
369,081;8,91
369,34;8,96
369,6;9
369,86;9,06
370,119;9,14
370,379;9,19
370,638;9,26
370,898;9,28
371,158;9,35
371,417;9,4
371,677;9,49
371,936;9,56
372,196;9,63
372,455;9,69
372,715;9,76
372,974;9,82
373,234;9,89
373,493;9,98
373,753;10,04
374,012;10,13
374,271;10,19
374,531;10,28
374,79;10,35
375,049;10,42
375,309;10,48
375,568;10,56
375,827;10,63
376,086;10,69
376,346;10,78
376,605;10,87
376,864;10,96
377,123;11,03
377,383;11,11
377,642;11,18
377,901;11,25
378,16;11,33
378,419;11,4
378,678;11,46
378,937;11,51
379,196;11,59
379,455;11,65
379,714;11,73
379,973;11,78
380,232;11,86
380,491;11,93
380,75;12,02
381,009;12,08
381,268;12,16
381,527;12,24
381,786;12,32
382,045;12,39
382,304;12,45
382,563;12,5
382,821;12,58
383,08;12,66
383,339;12,75
383,598;12,82
383,857;12,9
384,115;12,98
384,374;13,07
384,633;13,16
384,891;13,23
385,15;13,32
385,409;13,43
385,667;13,52
385,926;13,6
386,185;13,67
386,443;13,76
386,702;13,85
386,96;13,92
387,219;14,01
387,477;14,08
387,736;14,15
387,994;14,27
388,253;14,34
388,511;14,42
388,77;14,49
389,028;14,58
389,287;14,68
389,545;14,77
389,803;14,87
390,062;14,97
390,32;15,06
390,578;15,14
390,837;15,22
391,095;15,31
391,353;15,42
391,612;15,51
391,87;15,57
392,128;15,66
392,386;15,75
392,644;15,85
392,903;15,94
393,161;16,03
393,419;16,08
393,677;16,18
393,935;16,25
394,193;16,35
394,451;16,43
394,709;16,5
394,967;16,58
395,225;16,67
395,483;16,74
395,741;16,85
395,999;16,96
396,257;17,05
396,515;17,12
396,773;17,22
397,031;17,3
397,289;17,41
397,547;17,5
397,805;17,57
398,062;17,65
398,32;17,75
398,578;17,84
398,836;17,95
399,094;18,02
399,351;18,1
399,609;18,17
399,867;18,23
400,124;18,32
400,382;18,43
400,64;18,5
400,897;18,6
401,155;18,66
401,413;18,77
401,67;18,86
401,928;18,97
402,185;19,05
402,443;19,17
402,701;19,26
402,958;19,36
403,216;19,46
403,473;19,55
403,73;19,62
403,988;19,73
404,245;19,82
404,503;19,95
404,76;20,05
405,018;20,16
405,275;20,27
405,532;20,37
405,79;20,46
406,047;20,58
406,304;20,67
406,561;20,79
406,819;20,86
407,076;20,95
407,333;21,03
407,59;21,14
407,848;21,21
408,105;21,31
408,362;21,4
408,619;21,51
408,876;21,59
409,133;21,69
409,39;21,76
409,647;21,84
409,904;21,92
410,161;22,03
410,418;22,13
410,675;22,26
410,932;22,35
411,189;22,44
411,446;22,53
411,703;22,64
411,96;22,74
412,217;22,85
412,474;22,97
412,731;23,08
412,988;23,15
413,245;23,28
413,501;23,35
413,758;23,45
414,015;23,53
414,272;23,65
414,529;23,77
414,785;23,89
415,042;24
415,299;24,11
415,555;24,18
415,812;24,27
416,069;24,34
416,325;24,46
416,582;24,55
416,838;24,67
417,095;24,74
417,352;24,84
417,608;24,95
417,865;25,07
418,121;25,18
418,378;25,33
418,634;25,47
418,891;25,62
419,147;25,74
419,403;25,88
419,66;26
419,916;26,14
420,173;26,26
420,429;26,37
420,685;26,46
420,942;26,63
421,198;26,76
421,454;26,88
421,711;26,97
421,967;27,11
422,223;27,2
422,479;27,34
422,735;27,43
422,992;27,53
423,248;27,63
423,504;27,73
423,76;27,81
424,016;27,89
424,272;27,99
424,528;28,1
424,784;28,19
425,041;28,33
425,297;28,42
425,553;28,53
425,809;28,65
426,065;28,79
426,32;28,89
426,576;29,02
426,832;29,17
427,088;29,32
427,344;29,43
427,6;29,58
427,856;29,71
428,112;29,84
428,368;29,97
428,623;30,09
428,879;30,21
429,135;30,35
429,391;30,46
429,646;30,58
429,902;30,69
430,158;30,83
430,414;30,94
430,669;31,07
430,925;31,2
431,181;31,35
431,436;31,46
431,692;31,59
431,947;31,71
432,203;31,8
432,458;31,91
432,714;32,06
432,97;32,16
433,225;32,28
433,481;32,38
433,736;32,51
433,991;32,61
434,247;32,76
434,502;32,87
434,758;33,01
435,013;33,16
435,268;33,3
435,524;33,42
435,779;33,57
436,034;33,7
436,29;33,85
436,545;33,95
436,8;34,08
437,056;34,21
437,311;34,34
437,566;34,5
437,821;34,63
438,076;34,75
438,331;34,91
438,587;35,05
438,842;35,23
439,097;35,37
439,352;35,53
439,607;35,67
439,862;35,85
440,117;35,99
440,372;36,14
440,627;36,28
440,882;36,45
441,137;36,59
441,392;36,73
441,647;36,87
441,902;37,03
442,157;37,18
442,412;37,34
442,667;37,46
442,921;37,58
443,176;37,71
443,431;37,86
443,686;38
443,941;38,15
444,195;38,3
444,45;38,49
444,705;38,63
444,96;38,79
445,214;38,92
445,469;39,05
445,724;39,17
445,978;39,3
446,233;39,42
446,487;39,56
446,742;39,69
446,997;39,82
447,251;39,93
447,506;40,07
447,76;40,19
448,015;40,36
448,269;40,49
448,524;40,64
448,778;40,76
449,033;40,88
449,287;40,99
449,541;41,11
449,796;41,2
450,05;41,33
450,305;41,41
450,559;41,54
450,813;41,66
451,067;41,78
451,322;41,9
451,576;42,03
451,83;42,13
452,084;42,25
452,339;42,37
452,593;42,51
452,847;42,64
453,101;42,79
453,355;42,91
453,609;43,03
453,864;43,16
454,118;43,3
454,372;43,44
454,626;43,59
454,88;43,73
455,134;43,88
455,388;44,04
455,642;44,2
455,896;44,31
456,15;44,42
456,404;44,58
456,658;44,7
456,912;44,83
457,165;44,97
457,419;45,11
457,673;45,25
457,927;45,41
458,181;45,52
458,435;45,65
458,688;45,81
458,942;45,93
459,196;46,04
459,45;46,15
459,703;46,28
459,957;46,4
460,211;46,5
460,464;46,62
460,718;46,72
460,972;46,86
461,225;46,96
461,479;47,11
461,732;47,24
461,986;47,35
462,239;47,44
462,493;47,57
462,746;47,71
463;47,78
463,253;47,89
463,507;48,02
463,76;48,13
464,014;48,21
464,267;48,34
464,52;48,44
464,774;48,54
465,027;48,63
465,28;48,73
465,534;48,85
465,787;48,96
466,04;49,03
466,294;49,12
466,547;49,24
466,8;49,33
467,053;49,38
467,306;49,51
467,56;49,61
467,813;49,7
468,066;49,77
468,319;49,9
468,572;49,98
468,825;50,07
469,078;50,17
469,331;50,27
469,584;50,35
469,837;50,43
470,09;50,57
470,343;50,64
470,596;50,72
470,849;50,81
471,102;50,9
471,355;51,01
471,608;51,1
471,861;51,18
472,114;51,25
472,367;51,35
472,619;51,39
472,872;51,47
473,125;51,57
473,378;51,67
473,631;51,72
473,883;51,8
474,136;51,86
474,389;51,91
474,641;51,95
474,894;52,02
475,147;52,08
475,399;52,14
475,652;52,21
475,905;52,28
476,157;52,33
476,41;52,37
476,662;52,43
476,915;52,48
477,167;52,54
477,42;52,59
477,672;52,64
477,925;52,73
478,177;52,75
478,43;52,77
478,682;52,79
478,934;52,83
479,187;52,86
479,439;52,89
479,691;52,9
479,944;52,94
480,196;52,94
480,448;52,98
480,701;53
480,953;53,03
481,205;53,05
481,457;53,06
481,709;53,08
481,962;53,1
482,214;53,09
482,466;53,08
482,718;53,06
482,97;53,06
483,222;53
483,474;52,99
483,726;52,97
483,978;52,95
484,23;52,94
484,482;52,93
484,734;52,91
484,986;52,91
485,238;52,9
485,49;52,9
485,742;52,9
485,994;52,89
486,246;52,88
486,498;52,86
486,75;52,84
487,001;52,85
487,253;52,83
487,505;52,84
487,757;52,84
488,009;52,86
488,26;52,87
488,512;52,89
488,764;52,89
489,015;52,9
489,267;52,9
489,519;52,91
489,77;52,9
490,022;52,89
490,274;52,87
490,525;52,89
490,777;52,87
491,028;52,84
491,28;52,79
491,531;52,74
491,783;52,72
492,034;52,71
492,286;52,66
492,537;52,62
492,789;52,57
493,04;52,52
493,291;52,44
493,543;52,38
493,794;52,32
494,045;52,27
494,297;52,22
494,548;52,18
494,799;52,12
495,051;52,06
495,302;52,02
495,553;51,97
495,804;51,9
496,056;51,86
496,307;51,79
496,558;51,74
496,809;51,71
497,06;51,64
497,311;51,56
497,562;51,49
497,813;51,44
498,064;51,35
498,316;51,3
498,567;51,22
498,818;51,15
499,069;51,09
499,319;51,03
499,57;50,96
499,821;50,88
500,072;50,81
500,323;50,74
500,574;50,66
500,825;50,58
501,076;50,5
501,327;50,42
501,577;50,36
501,828;50,28
502,079;50,2
502,33;50,13
502,58;50,06
502,831;49,97
503,082;49,9
503,333;49,85
503,583;49,76
503,834;49,69
504,084;49,63
504,335;49,56
504,586;49,48
504,836;49,41
505,087;49,33
505,337;49,24
505,588;49,13
505,838;49,04
506,089;48,96
506,339;48,88
506,59;48,81
506,84;48,72
507,091;48,64
507,341;48,55
507,591;48,47
507,842;48,4
508,092;48,32
508,343;48,22
508,593;48,13
508,843;48,03
509,093;47,95
509,344;47,85
509,594;47,76
509,844;47,66
510,094;47,57
510,345;47,48
510,595;47,41
510,845;47,34
511,095;47,26
511,345;47,15
511,595;47,05
511,845;46,94
512,095;46,87
512,345;46,77
512,595;46,68
512,845;46,57
513,095;46,48
513,345;46,39
513,595;46,29
513,845;46,2
514,095;46,11
514,345;46,02
514,595;45,95
514,845;45,87
515,095;45,79
515,345;45,7
515,594;45,63
515,844;45,52
516,094;45,43
516,344;45,33
516,593;45,24
516,843;45,15
517,093;45,09
517,343;44,97
517,592;44,87
517,842;44,77
518,092;44,69
518,341;44,6
518,591;44,51
518,84;44,43
519,09;44,33
519,34;44,27
519,589;44,18
519,839;44,06
520,088;43,97
520,338;43,88
520,587;43,79
520,836;43,69
521,086;43,61
521,335;43,51
521,585;43,43
521,834;43,34
522,083;43,27
522,333;43,17
522,582;43,09
522,831;43,02
523,081;42,96
523,33;42,88
523,579;42,8
523,828;42,71
524,078;42,64
524,327;42,57
524,576;42,48
524,825;42,4
525,074;42,33
525,323;42,23
525,573;42,15
525,822;42,06
526,071;41,98
526,32;41,92
526,569;41,86
526,818;41,78
527,067;41,69
527,316;41,61
527,565;41,52
527,814;41,43
528,063;41,35
528,312;41,26
528,56;41,19
528,809;41,09
529,058;41,01
529,307;40,92
529,556;40,83
529,805;40,77
530,053;40,69
530,302;40,6
530,551;40,53
530,8;40,45
531,048;40,39
531,297;40,29
531,546;40,19
531,794;40,1
532,043;40,03
532,292;39,96
532,54;39,88
532,789;39,82
533,037;39,76
533,286;39,68
533,535;39,61
533,783;39,53
534,032;39,47
534,28;39,39
534,528;39,32
534,777;39,25
535,025;39,17
535,274;39,09
535,522;39,03
535,771;38,95
536,019;38,88
536,267;38,8
536,516;38,76
536,764;38,71
537,012;38,66
537,26;38,59
537,509;38,53
537,757;38,46
538,005;38,4
538,253;38,33
538,501;38,27
538,75;38,2
538,998;38,15
539,246;38,08
539,494;38,02
539,742;37,95
539,99;37,9
540,238;37,85
540,486;37,79
540,734;37,72
540,982;37,67
541,23;37,6
541,478;37,55
541,726;37,49
541,974;37,42
542,222;37,35
542,47;37,29
542,718;37,23
542,966;37,18
543,213;37,11
543,461;37,06
543,709;37,01
543,957;36,96
544,205;36,9
544,452;36,85
544,7;36,78
544,948;36,75
545,196;36,68
545,443;36,63
545,691;36,58
545,939;36,54
546,186;36,5
546,434;36,45
546,681;36,41
546,929;36,35
547,176;36,32
547,424;36,26
547,671;36,22
547,919;36,19
548,166;36,13
548,414;36,1
548,661;36,05
548,909;36,01
549,156;35,97
549,404;35,92
549,651;35,88
549,898;35,84
550,146;35,79
550,393;35,76
550,64;35,7
550,888;35,66
551,135;35,61
551,382;35,56
551,629;35,53
551,876;35,47
552,124;35,43
552,371;35,37
552,618;35,33
552,865;35,28
553,112;35,22
553,359;35,17
553,606;35,11
553,854;35,05
554,101;34,99
554,348;34,94
554,595;34,89
554,842;34,85
555,089;34,79
555,336;34,74
555,582;34,68
555,829;34,63
556,076;34,58
556,323;34,52
556,57;34,47
556,817;34,42
557,064;34,36
557,311;34,3
557,557;34,25
557,804;34,2
558,051;34,13
558,298;34,08
558,544;34,04
558,791;33,99
559,038;33,94
559,284;33,89
559,531;33,83
559,778;33,77
560,024;33,7
560,271;33,65
560,517;33,6
560,764;33,54
561,011;33,48
561,257;33,43
561,504;33,37
561,75;33,31
561,997;33,25
562,243;33,19
562,489;33,14
562,736;33,09
562,982;33,02
563,229;32,96
563,475;32,9
563,721;32,84
563,968;32,76
564,214;32,69
564,46;32,63
564,707;32,58
564,953;32,52
565,199;32,45
565,445;32,38
565,691;32,32
565,938;32,25
566,184;32,18
566,43;32,11
566,676;32,04
566,922;31,97
567,168;31,91
567,414;31,84
567,66;31,77
567,906;31,7
568,152;31,64
568,398;31,58
568,644;31,5
568,89;31,44
569,136;31,38
569,382;31,31
569,628;31,24
569,874;31,16
570,12;31,1
570,366;31,02
570,612;30,95
570,857;30,88
571,103;30,82
571,349;30,73
571,595;30,67
571,84;30,59
572,086;30,52
572,332;30,43
572,578;30,35
572,823;30,27
573,069;30,19
573,315;30,11
573,56;30,03
573,806;29,96
574,051;29,88
574,297;29,8
574,542;29,72
574,788;29,64
575,034;29,56
575,279;29,47
575,524;29,4
575,77;29,32
576,015;29,24
576,261;29,17
576,506;29,09
576,752;29
576,997;28,92
577,242;28,83
577,488;28,75
577,733;28,67
577,978;28,59
578,223;28,51
578,469;28,43
578,714;28,34
578,959;28,26
579,204;28,17
579,45;28,09
579,695;28,01
579,94;27,93
580,185;27,86
580,43;27,78
580,675;27,7
580,92;27,63
581,165;27,55
581,41;27,47
581,655;27,39
581,9;27,32
582,145;27,23
582,39;27,15
582,635;27,08
582,88;27
583,125;26,91
583,37;26,84
583,615;26,75
583,86;26,66
584,105;26,57
584,349;26,48
584,594;26,38
584,839;26,3
585,084;26,21
585,328;26,12
585,573;26,03
585,818;25,94
586,063;25,85
586,307;25,77
586,552;25,68
586,797;25,61
587,041;25,53
587,286;25,46
587,53;25,38
587,775;25,29
588,019;25,22
588,264;25,15
588,508;25,05
588,753;24,95
588,997;24,87
589,242;24,8
589,486;24,71
589,731;24,63
589,975;24,52
590,22;24,44
590,464;24,34
590,708;24,25
590,953;24,16
591,197;24,07
591,441;23,98
591,685;23,9
591,93;23,81
592,174;23,73
592,418;23,64
592,662;23,57
592,907;23,49
593,151;23,42
593,395;23,34
593,639;23,28
593,883;23,21
594,127;23,12
594,371;23,04
594,615;22,97
594,859;22,89
595,103;22,81
595,347;22,73
595,591;22,65
595,835;22,57
596,079;22,5
596,323;22,41
596,567;22,34
596,811;22,26
597,055;22,19
597,299;22,11
597,542;22,04
597,786;21,96
598,03;21,88
598,274;21,8
598,518;21,73
598,761;21,66
599,005;21,59
599,249;21,54
599,492;21,48
599,736;21,41
599,98;21,36
600,223;21,31
600,467;21,25
600,711;21,19
600,954;21,14
601,198;21,08
601,441;21,02
601,685;20,96
601,928;20,91
602,172;20,85
602,415;20,79
602,659;20,72
602,902;20,67
603,145;20,61
603,389;20,56
603,632;20,51
603,876;20,46
604,119;20,4
604,362;20,34
604,606;20,28
604,849;20,22
605,092;20,15
605,335;20,09
605,579;20,03
605,822;19,98
606,065;19,91
606,308;19,86
606,551;19,8
606,794;19,75
607,037;19,69
607,281;19,63
607,524;19,58
607,767;19,53
608,01;19,48
608,253;19,43
608,496;19,38
608,739;19,32
608,982;19,27
609,225;19,21
609,468;19,16
609,711;19,12
609,953;19,07
610,196;19,04
610,439;18,99
610,682;18,95
610,925;18,89
611,168;18,86
611,41;18,81
611,653;18,77
611,896;18,73
612,139;18,69
612,381;18,65
612,624;18,62
612,867;18,57
613,109;18,54
613,352;18,49
613,595;18,46
613,837;18,42
614,08;18,38
614,322;18,34
614,565;18,31
614,807;18,27
615,05;18,23
615,292;18,19
615,535;18,16
615,777;18,13
616,02;18,11
616,262;18,07
616,505;18,04
616,747;18,01
616,989;17,98
617,232;17,95
617,474;17,92
617,716;17,88
617,959;17,85
618,201;17,82
618,443;17,8
618,685;17,76
618,927;17,75
619,17;17,72
619,412;17,71
619,654;17,69
619,896;17,67
620,138;17,66
620,38;17,65
620,622;17,62
620,864;17,61
621,107;17,59
621,349;17,58
621,591;17,56
621,833;17,55
622,075;17,53
622,316;17,52
622,558;17,52
622,8;17,51
623,042;17,49
623,284;17,49
623,526;17,47
623,768;17,47
624,01;17,45
624,251;17,45
624,493;17,42
624,735;17,41
624,977;17,39
625,218;17,38
625,46;17,36
625,702;17,35
625,943;17,33
626,185;17,33
626,427;17,31
626,668;17,3
626,91;17,27
627,152;17,26
627,393;17,25
627,635;17,24
627,876;17,23
628,118;17,23
628,359;17,22
628,601;17,22
628,842;17,2
629,084;17,2
629,325;17,17
629,566;17,17
629,808;17,17
630,049;17,15
630,29;17,14
630,532;17,13
630,773;17,11
631,014;17,11
631,256;17,09
631,497;17,09
631,738;17,08
631,979;17,09
632,22;17,08
632,462;17,08
632,703;17,07
632,944;17,08
633,185;17,08
633,426;17,08
633,667;17,08
633,908;17,07
634,149;17,07
634,39;17,08
634,631;17,08
634,872;17,09
635,113;17,09
635,354;17,1
635,595;17,1
635,836;17,12
636,077;17,13
636,318;17,15
636,559;17,15
636,8;17,18
637,04;17,18
637,281;17,19
637,522;17,2
637,763;17,22
638,003;17,23
638,244;17,24
638,485;17,25
638,726;17,26
638,966;17,29
639,207;17,31
639,448;17,33
639,688;17,36
639,929;17,37
640,169;17,41
640,41;17,42
640,65;17,46
640,891;17,47
641,131;17,5
641,372;17,51
641,612;17,54
641,853;17,55
642,093;17,58
642,334;17,6
642,574;17,63
642,814;17,65
643,055;17,68
643,295;17,7
643,535;17,73
643,776;17,75
644,016;17,8
644,256;17,81
644,496;17,85
644,737;17,87
644,977;17,92
645,217;17,95
645,457;18
645,697;18,02
645,938;18,08
646,178;18,11
646,418;18,16
646,658;18,19
646,898;18,25
647,138;18,29
647,378;18,36
647,618;18,4
647,858;18,45
648,098;18,5
648,338;18,55
648,578;18,59
648,818;18,66
649,057;18,7
649,297;18,78
649,537;18,81
649,777;18,87
650,017;18,91
650,257;18,97
659,594;21,62
659,833;21,65
660,072;21,68
660,311;21,72
660,55;21,78
660,789;21,85
661,028;21,92
661,267;22,01
661,506;22,09
661,744;22,19
661,983;22,26
662,222;22,36
662,461;22,45
662,7;22,55
662,939;22,62
663,177;22,71
663,416;22,81
663,655;22,92
663,894;23,01
664,132;23,11
664,371;23,2
664,61;23,29
664,848;23,39
665,087;23,49
665,326;23,59
665,564;23,68
665,803;23,78
666,041;23,89
666,28;23,97
666,518;24,07
666,757;24,17
666,995;24,28
667,234;24,38
667,472;24,48
667,711;24,6
667,949;24,72
668,187;24,82
668,426;24,94
668,664;25,04
668,902;25,14
669,141;25,26
669,379;25,37
669,617;25,5
669,856;25,62
670,094;25,73
670,332;25,84
670,57;25,97
670,808;26,08
671,046;26,2
671,285;26,33
671,523;26,43
671,761;26,54
671,999;26,65
672,237;26,76
672,475;26,88
672,713;26,97
672,951;27,07
673,189;27,19
673,427;27,3
673,665;27,4
673,903;27,52
674,141;27,64
674,379;27,76
674,617;27,86
674,854;27,97
675,092;28,09
675,33;28,22
675,568;28,33
675,806;28,46
676,043;28,58
676,281;28,7
676,519;28,83
676,756;28,93
676,994;29,05
677,232;29,17
677,469;29,29
677,707;29,43
677,945;29,57
678,182;29,7
678,42;29,83
678,657;29,94
678,895;30,05
679,132;30,18
679,37;30,29
679,607;30,4
679,845;30,52
680,082;30,64
680,32;30,75
680,557;30,88
680,794;30,99
681,032;31,11
681,269;31,22
681,507;31,36
681,744;31,5
681,981;31,62
682,218;31,75
682,456;31,88
682,693;32
682,93;32,12
683,167;32,23
683,404;32,35
683,642;32,46
683,879;32,59
684,116;32,71
684,353;32,85
684,59;32,97
684,827;33,08
685,064;33,19
685,301;33,3
685,538;33,4
685,775;33,52
686,012;33,62
686,249;33,74
686,486;33,84
686,723;33,94
686,96;34,07
687,197;34,17
687,433;34,26
687,67;34,38
687,907;34,48
688,144;34,59
688,381;34,7
688,617;34,8
688,854;34,92
689,091;35,01
689,327;35,11
689,564;35,22
689,801;35,34
690,037;35,45
690,274;35,56
690,511;35,66
690,747;35,76
690,984;35,89
691,22;35,97
691,457;36,08
691,693;36,19
691,93;36,28
692,166;36,38
692,403;36,5
692,639;36,58
692,876;36,68
693,112;36,77
693,348;36,85
693,585;36,96
693,821;37,05
694,057;37,15
694,294;37,26
694,53;37,35
694,766;37,44
695,002;37,52
695,239;37,62
695,475;37,71
695,711;37,77
695,947;37,82
696,183;37,92
696,419;38
696,656;38,07
696,892;38,14
697,128;38,22
697,364;38,3
697,6;38,36
697,836;38,44
698,072;38,52
698,308;38,62
698,544;38,7
698,78;38,76
699,016;38,83
699,251;38,88
699,487;38,97
699,723;39,03
699,959;39,12
700,195;39,18
700,431;39,24
700,666;39,31
700,902;39,42
701,138;39,49
701,374;39,57
701,609;39,66
701,845;39,73
702,081;39,8
702,316;39,86
702,552;39,93
702,788;39,99
703,023;40,04
703,259;40,09
703,494;40,13
703,73;40,19
703,965;40,24
704,201;40,29
704,436;40,33
704,672;40,4
704,907;40,44
705,143;40,5
705,378;40,56
705,613;40,61
705,849;40,64
706,084;40,67
706,319;40,68
706,555;40,72
706,79;40,75
707,025;40,78
707,26;40,83
707,496;40,86
707,731;40,91
707,966;40,94
708,201;40,98
708,436;41,02
708,671;41,04
708,907;41,07
709,142;41,1
709,377;41,14
709,612;41,17
709,847;41,17
710,082;41,2
710,317;41,23
710,552;41,26
710,787;41,27
711,022;41,31
711,257;41,37
711,492;41,38
711,726;41,41
711,961;41,43
712,196;41,44
712,431;41,46
712,666;41,48
712,901;41,5
713,135;41,51
713,37;41,53
713,605;41,57
713,839;41,6
714,074;41,64
714,309;41,65
714,543;41,65
714,778;41,68
715,013;41,7
715,247;41,71
715,482;41,71
715,716;41,74
715,951;41,73
716,185;41,73
716,42;41,75
716,654;41,76
716,889;41,75
717,123;41,76
717,358;41,79
717,592;41,8
717,827;41,82
718,061;41,84
718,295;41,83
718,53;41,84
718,764;41,84
718,998;41,85
719,232;41,85
719,467;41,87
719,701;41,87
719,935;41,86
720,169;41,86
720,403;41,85
720,638;41,88
720,872;41,87
721,106;41,88
721,34;41,88
721,574;41,87
721,808;41,88
722,042;41,89
722,276;41,87
722,51;41,88
722,744;41,86
722,978;41,87
723,212;41,88
723,446;41,87
723,68;41,86
723,914;41,84
724,147;41,84
724,381;41,83
724,615;41,83
724,849;41,81
725,083;41,83
725,316;41,83
725,55;41,82
725,784;41,84
726,018;41,84
726,251;41,85
726,485;41,86
726,719;41,86
726,952;41,87
727,186;41,86
727,419;41,87
727,653;41,87
727,887;41,86
728,12;41,88
728,354;41,86
728,587;41,87
728,821;41,89
729,054;41,88
729,287;41,88
729,521;41,88
729,754;41,88
729,988;41,86
730,221;41,86
730,454;41,85
730,688;41,83
730,921;41,81
731,154;41,79
731,387;41,79
731,621;41,79
731,854;41,76
732,087;41,77
732,32;41,74
732,553;41,71
732,787;41,71
733,02;41,69
733,253;41,68
733,486;41,65
733,719;41,63
733,952;41,63
734,185;41,6
734,418;41,59
734,651;41,59
734,884;41,56
735,117;41,56
735,35;41,54
735,583;41,54
735,816;41,52
736,049;41,49
736,281;41,44
736,514;41,41
736,747;41,4
736,98;41,36
737,213;41,34
737,445;41,33
737,678;41,31
737,911;41,26
738,144;41,22
738,376;41,2
738,609;41,16
738,842;41,12
739,074;41,1
739,307;41,06
739,539;41,01
739,772;41
740,004;40,96
740,237;40,9
740,469;40,86
740,702;40,83
740,934;40,82
741,167;40,8
741,399;40,76
741,632;40,74
741,864;40,73
742,096;40,7
742,329;40,67
742,561;40,64
742,793;40,61
743,026;40,6
743,258;40,58
743,49;40,57
743,723;40,55
743,955;40,52
744,187;40,49
744,419;40,48
744,651;40,45
744,883;40,44
745,115;40,43
745,348;40,41
745,58;40,38
745,812;40,35
746,044;40,33
746,276;40,32
746,508;40,27
746,74;40,23
746,972;40,2
747,204;40,18
747,436;40,14
747,667;40,14
747,899;40,11
748,131;40,09
748,363;40,07
748,595;40,03
748,827;40,01
749,058;39,99
749,29;39,96
749,522;39,93
749,754;39,89
749,985;39,85
750,217;39,84
750,449;39,83
750,68;39,79
750,912;39,77
751,144;39,76
751,375;39,73
751,607;39,69
751,838;39,69
752,07;39,65
752,301;39,61
752,533;39,58
752,764;39,54
752,996;39,51
753,227;39,47
753,459;39,45
753,69;39,44
753,921;39,43
754,153;39,4
754,384;39,39
754,615;39,38
754,847;39,36
755,078;39,35
755,309;39,31
755,54;39,29
755,772;39,25
756,003;39,23
756,234;39,21
756,465;39,21
756,696;39,17
756,927;39,16
757,159;39,15
757,39;39,14
757,621;39,13
757,852;39,11
758,083;39,09
758,314;39,08
758,545;39,06
758,776;39,02
759,007;39,01
759,238;38,99
759,469;38,96
759,699;38,95
759,93;38,91
760,161;38,9
760,392;38,87
760,623;38,84
760,854;38,81
761,084;38,79
761,315;38,76
761,546;38,75
761,776;38,72
762,007;38,71
762,238;38,68
762,468;38,65
762,699;38,61
762,93;38,61
763,16;38,58
763,391;38,53
763,621;38,51
763,852;38,49
764,083;38,45
764,313;38,42
764,543;38,36
764,774;38,35
765,004;38,32
765,235;38,3
765,465;38,29
765,696;38,27
765,926;38,23
766,156;38,22
766,387;38,18
766,617;38,14
766,847;38,1
767,077;38,07
767,308;38,05
767,538;38,02
767,768;37,97
767,998;37,96
768,228;37,93
768,459;37,91
768,689;37,9
768,919;37,88
769,149;37,84
769,379;37,85
769,609;37,82
769,839;37,81
770,069;37,8
770,299;37,78
770,529;37,74
770,759;37,72
770,989;37,71
771,219;37,69
771,449;37,68
771,678;37,64
771,908;37,62
772,138;37,59
772,368;37,56
772,598;37,54
772,827;37,51
773,057;37,49
773,287;37,47
773,517;37,42
773,746;37,39
773,976;37,38
774,206;37,34
774,435;37,3
774,665;37,26
774,894;37,22
775,124;37,2
775,354;37,17
775,583;37,15
775,813;37,12
776,042;37,09
776,272;37,07
776,501;37,06
776,73;37,06
776,96;37,05
777,189;37,02
777,419;36,99
777,648;36,96
777,877;36,95
778,107;36,91
778,336;36,92
778,565;36,89
778,794;36,89
779,024;36,88
779,253;36,86
779,482;36,86
779,711;36,88
779,94;36,87
780,17;36,85
780,399;36,83
780,628;36,82
780,857;36,81
781,086;36,78
781,315;36,77
781,544;36,74
781,773;36,7
782,002;36,72
782,231;36,73
782,46;36,7
782,689;36,68
782,918;36,67
783,147;36,65
783,375;36,62
783,604;36,59
783,833;36,56
784,062;36,56
784,291;36,53
784,519;36,5
784,748;36,49
784,977;36,47
785,206;36,46
785,434;36,42
785,663;36,41
785,892;36,42
786,12;36,4
786,349;36,39
786,577;36,4
786,806;36,37
787,034;36,34
787,263;36,36
787,492;36,33
787,72;36,3
787,948;36,27
788,177;36,28
788,405;36,25
788,634;36,23
788,862;36,22
789,09;36,2
789,319;36,18
789,547;36,18
789,775;36,15
790,004;36,12
790,232;36,12
790,46;36,06
790,688;36,03
790,917;36,03
791,145;35,98
791,373;35,94
791,601;35,93
791,829;35,9
792,057;35,89
792,286;35,88
792,514;35,91
792,742;35,9
792,97;35,89
793,198;35,88
793,426;35,87
793,654;35,84
793,882;35,81
794,109;35,81
794,337;35,77
794,565;35,77
794,793;35,78
795,021;35,76
795,249;35,78
795,477;35,77
795,704;35,75
795,932;35,75
796,16;35,76
796,388;35,75
796,615;35,74
796,843;35,71
797,071;35,69
797,298;35,66
797,526;35,65
797,754;35,63
797,981;35,62
798,209;35,6
798,436;35,59
798,664;35,6
798,891;35,54
799,119;35,55
799,346;35,54
799,574;35,53
799,801;35,52
800,029;35,51
800,256;35,49
800,483;35,48
800,711;35,46
800,938;35,46
801,165;35,45
801,393;35,45
801,62;35,46
801,847;35,46
802,074;35,44
802,302;35,43
802,529;35,44
802,756;35,45
802,983;35,45
803,21;35,45
803,437;35,46
803,665;35,49
803,892;35,48
804,119;35,5
804,346;35,51
804,573;35,55
804,8;35,56
805,027;35,56
805,254;35,57
805,481;35,56
805,708;35,56
805,934;35,55
806,161;35,55
806,388;35,57
806,615;35,58
806,842;35,59
807,069;35,61
807,295;35,6
807,522;35,6
807,749;35,6
807,976;35,62
808,202;35,61
808,429;35,6
808,656;35,59
808,882;35,54
809,109;35,54
809,335;35,51
809,562;35,49
809,789;35,51
810,015;35,5
810,242;35,52
810,468;35,51
810,695;35,5
810,921;35,51
811,147;35,51
811,374;35,53
811,6;35,56
811,827;35,55
812,053;35,57
812,279;35,59
812,506;35,6
812,732;35,61
812,958;35,62
813,185;35,67
813,411;35,66
813,637;35,7
813,863;35,69
814,089;35,69
814,315;35,72
814,542;35,71
814,768;35,72
814,994;35,72
815,22;35,73
815,446;35,75
815,672;35,75
815,898;35,77
816,124;35,74
816,35;35,71
816,576;35,73
816,802;35,71
817,028;35,7
817,254;35,7
817,48;35,71
817,705;35,71
817,931;35,71
818,157;35,77
818,383;35,8
818,609;35,83
818,834;35,85
819,06;35,86
819,286;35,84
819,512;35,86
819,737;35,9
819,963;35,93
820,189;35,94
820,414;35,96
820,64;35,97
820,865;36,03
821,091;36,05
821,316;36,06
821,542;36,08
821,767;36,09
821,993;36,11
822,218;36,14
822,444;36,15
822,669;36,17
822,895;36,16
823,12;36,15
823,345;36,16
823,571;36,19
823,796;36,23
824,021;36,28
824,247;36,29
824,472;36,31
824,697;36,34
824,922;36,37
825,147;36,41
825,373;36,43
825,598;36,43
825,823;36,41
826,048;36,42
826,273;36,44
826,498;36,47
826,723;36,46
826,948;36,48
827,173;36,49
827,398;36,5
827,623;36,51
827,848;36,54
828,073;36,57
828,298;36,61
828,523;36,63
828,748;36,61
828,973;36,63
829,197;36,64
829,422;36,68
829,647;36,7
829,872;36,69
830,097;36,71
830,321;36,75
830,546;36,82
830,771;36,84
830,995;36,89
831,22;36,93
831,445;36,98
831,669;36,99
831,894;37,03
832,118;37,06
832,343;37,11
832,567;37,16
832,792;37,18
833,016;37,18
833,241;37,22
833,465;37,27
833,69;37,31
833,914;37,33
834,139;37,32
834,363;37,34
834,587;37,38
834,812;37,42
835,036;37,46
835,26;37,46
835,485;37,52
835,709;37,54
835,933;37,55
836,157;37,6
836,381;37,64
836,606;37,66
836,83;37,66
837,054;37,69
837,278;37,72
837,502;37,71
837,726;37,75
837,95;37,73
838,174;37,79
838,398;37,8
838,622;37,85
838,846;37,88
839,07;37,91
839,294;37,94
839,518;37,94
839,742;37,97
839,966;38,02
840,189;38,05
840,413;38,07
840,637;38,15
840,861;38,17
841,085;38,17
841,308;38,21
841,532;38,27
841,756;38,27
841,979;38,32
842,203;38,41
842,427;38,45
842,65;38,51
842,874;38,54
843,098;38,57
843,321;38,61
843,545;38,69
843,768;38,75
843,992;38,79
844,215;38,84
844,439;38,86
844,662;38,9
844,886;38,94
845,109;38,91
845,332;38,91
845,556;38,93
845,779;38,97
846,002;38,97
846,226;39
846,449;39,06
846,672;39,09
846,895;39,11
847,119;39,12
847,342;39,14
847,565;39,18
847,788;39,23
848,011;39,27
848,234;39,3
848,457;39,36
848,681;39,38
848,904;39,42
849,127;39,47
849,35;39,49
849,573;39,56
849,796;39,65
850,019;39,69
850,241;39,77
850,464;39,85
850,687;39,92
850,91;40,01
851,133;40,07
851,356;40,13
851,579;40,19
851,801;40,2
852,024;40,25
852,247;40,3
852,47;40,33
852,692;40,35
852,915;40,38
853,138;40,38
853,36;40,44
853,583;40,47
853,806;40,51
854,028;40,57
854,251;40,58
854,473;40,63
854,696;40,7
854,918;40,7
855,141;40,69
855,363;40,75
855,586;40,78
855,808;40,82
856,031;40,82
856,253;40,86
856,475;40,94
856,698;40,96
856,92;40,96
857,142;41
857,365;41,03
857,587;41,06
857,809;41,13
858,031;41,14
858,253;41,18
858,476;41,21
858,698;41,24
858,92;41,27
859,142;41,3
859,364;41,3
859,586;41,34
859,808;41,38
860,03;41,37
860,252;41,37
860,474;41,39
860,696;41,4
860,918;41,39
861,14;41,44
861,362;41,48
861,584;41,55
861,806;41,63
862,028;41,67
862,25;41,7
862,471;41,75
862,693;41,81
862,915;41,83
863,137;41,88
863,358;41,91
863,58;41,94
863,802;41,97
864,024;42
864,245;42,07
864,467;42,15
864,688;42,22
864,91;42,2
865,132;42,26
865,353;42,31
865,575;42,36
865,796;42,42
866,018;42,41
866,239;42,49
866,461;42,5
866,682;42,55
866,903;42,6
867,125;42,63
867,346;42,67
867,567;42,71
867,789;42,75
868,01;42,76
868,231;42,82
868,453;42,88
868,674;42,89
868,895;42,91
869,116;42,95
869,337;42,98
869,559;43,09
869,78;43,1
870,001;43,18
870,222;43,21
870,443;43,23
870,664;43,3
870,885;43,31
871,106;43,35
871,327;43,35
871,548;43,39
871,769;43,43
871,99;43,48
872,211;43,51
872,432;43,54
872,653;43,56
872,874;43,59
873,094;43,63
873,315;43,66
873,536;43,66
873,757;43,68
873,978;43,72
874,198;43,71
874,419;43,72
874,64;43,76
874,86;43,8
875,081;43,82
875,302;43,85
875,522;43,87
875,743;43,84
875,963;43,92
876,184;43,89
876,404;43,87
876,625;43,79
876,845;43,81
877,066;43,86
877,286;43,95
877,507;43,93
877,727;43,93
877,947;43,99
878,168;44,11
878,388;44,12
878,609;44,12
878,829;44,18
879,049;44,22
879,269;44,23
879,49;44,22
879,71;44,25
879,93;44,3
880,15;44,31
880,37;44,38
880,59;44,34
880,811;44,42
881,031;44,51
881,251;44,62
881,471;44,66
881,691;44,69
881,911;44,68
882,131;44,73
882,351;44,76
882,571;44,78
882,791;44,71
883,011;44,74
883,23;44,81
883,45;44,81
883,67;44,85
883,89;44,87
884,11;44,92
884,33;44,94
884,549;44,95
884,769;45,05
884,989;45,09
885,209;45,11
885,428;45,17
885,648;45,18
885,868;45,2
886,087;45,24
886,307;45,23
886,526;45,28
886,746;45,31
886,965;45,33
887,185;45,43
887,404;45,49
887,624;45,49
887,843;45,5
888,063;45,59
888,282;45,61
888,502;45,6
888,721;45,64
888,94;45,73
889,16;45,77
889,379;45,73
889,598;45,77
889,818;45,83
890,037;45,79
890,256;45,82
890,475;45,82
890,694;45,85
890,914;45,89
891,133;45,93
891,352;45,91
891,571;45,92
891,79;45,93
892,009;45,94
892,228;45,97
892,447;46
892,666;45,95
892,885;45,94
893,104;45,99
893,323;46
893,542;45,91
893,761;45,86
893,98;45,86
894,199;45,86
894,417;45,9
894,636;45,98
894,855;45,94
895,074;45,94
895,293;45,94
895,511;45,98
895,73;45,91
895,949;45,91
896,167;45,95
896,386;45,94
896,605;45,98
896,823;46,05
897,042;46,12
897,26;46,14
897,479;46,21
897,697;46,15
897,916;46,16
898,134;46,18
898,353;46,21
898,571;46,28
898,79;46,25
899,008;46,27
899,227;46,19
899,445;46,23
899,663;46,25
899,882;46,25
900,1;46,24
900,318;46,32
900,536;46,4
900,755;46,43
900,973;46,45
901,191;46,46
901,409;46,43
901,627;46,37
901,846;46,38
902,064;46,32
902,282;46,4
902,5;46,45
902,718;46,47
902,936;46,51
903,154;46,51
903,372;46,56
903,59;46,64
903,808;46,67
904,026;46,71
904,244;46,69
904,462;46,71
904,679;46,71
904,897;46,77
905,115;46,8
905,333;46,78
905,551;46,78
905,768;46,74
905,986;46,81
906,204;46,85
906,422;46,88
906,639;46,92
906,857;46,91
907,074;46,89
907,292;46,88
907,51;46,9
907,727;46,89
907,945;46,87
908,162;46,84
908,38;46,91
908,597;46,94
908,815;47
909,032;47,04
909,25;47,02
909,467;46,98
909,684;47,01
909,902;47,04
910,119;47,09
910,337;47,18
910,554;47,09
910,771;47,06
910,988;47,13
911,206;47,15
911,423;47,19
911,64;47,22
911,857;47,29
912,074;47,28
912,291;47,29
912,509;47,32
912,726;47,26
912,943;47,24
913,16;47,19
913,377;47,25
913,594;47,19
913,811;47,2
914,028;47,23
914,245;47,22
914,462;47,22
914,679;47,16
914,896;47,14
915,112;47,16
915,329;47,2
915,546;47,19
915,763;47,21
915,98;47,25
916,196;47,28
916,413;47,26
916,63;47,36
916,847;47,41
917,063;47,43
917,28;47,45
917,497;47,39
917,713;47,38
917,93;47,33
918,146;47,36
918,363;47,41
918,579;47,45
918,796;47,47
919,012;47,44
919,229;47,56
919,445;47,55
919,662;47,68
919,878;47,72
920,095;47,71
920,311;47,66
920,527;47,62
920,744;47,6
920,96;47,71
921,176;47,72
921,392;47,69
921,609;47,68
921,825;47,76
922,041;47,78
922,257;47,85
922,473;47,92
922,69;47,94
922,906;47,91
923,122;47,81
923,338;47,75
923,554;47,79
923,77;47,73
923,986;47,72
924,202;47,63
924,418;47,61
924,634;47,64
924,85;47,76
925,066;47,79
925,282;47,79
925,497;47,78
925,713;47,72
925,929;47,8
926,145;47,88
926,361;47,84
926,576;47,96
926,792;47,99
927,008;48
927,224;48,03
927,439;48,11
927,655;48,11
927,871;48,14
928,086;48,14
928,302;48,19
928,517;48,28
928,733;48,33
928,948;48,42
929,164;48,42
929,379;48,45
929,595;48,5
929,81;48,56
930,026;48,55
930,241;48,57
930,456;48,55
930,672;48,51
930,887;48,53
931,102;48,48
931,318;48,47
931,533;48,44
931,748;48,48
931,964;48,49
932,179;48,55
932,394;48,56
932,609;48,56
932,824;48,54
933,039;48,47
933,255;48,47
933,47;48,42
933,685;48,42
933,9;48,43
934,115;48,48
934,33;48,49
934,545;48,49
934,76;48,59
934,975;48,6
935,19;48,68
935,404;48,76
935,619;48,86
935,834;48,96
936,049;49,16
936,264;49,22
936,479;49,3
936,693;49,41
936,908;49,56
937,123;49,78
937,338;49,99
937,552;50,26
937,767;50,43
937,982;50,68
938,196;50,97
938,411;51,17
938,625;51,28
938,84;51,45
939,055;51,7
939,269;51,84
939,484;52,34
939,698;52,57
939,912;52,92
940,127;53,1
940,341;53,33
940,556;53,56
940,77;53,86
940,984;54,29
941,199;54,56
941,413;54,98
941,627;55,18
941,842;55,26
942,056;55,64
942,27;55,7
942,484;55,52
942,699;55,62
942,913;55,68
943,127;55,65
943,341;55,85
943,555;56,04
943,769;56,24
943,983;56,04
944,197;56,03
944,411;55,76
944,625;55,89
944,839;55,92
945,053;56,11
945,267;56,1
945,481;56,15
945,695;56,44
945,909;56,18
946,123;56,01
946,336;55,97
946,55;55,43
946,764;55,66
946,978;55,46
947,192;55,47
947,405;55,29
947,619;55,42
947,833;55,42
948,046;55,22
948,26;54,73
948,474;54,53
948,687;54,77
948,901;54,71
949,114;54,58
949,328;54,11
949,541;53,78
949,755;53,76
949,968;53,49
950,182;53,19
950,395;53,2
950,609;53,16
950,822;53,47
951,035;53,8
951,249;53,75
951,462;53,95
951,675;54,1
951,889;54,05
952,102;54,01
952,315;53,71
952,528;53,76
952,741;53,91
952,955;54,09
953,168;53,74
953,381;53,71
953,594;53,9
953,807;54,09
954,02;54,24
954,233;54,1
954,446;54,13
954,659;54,05
954,872;54,17
955,085;53,89
955,298;53,69
955,511;53,64
955,724;53,44
955,937;53,46
956,15;53,07
956,362;52,97
956,575;52,88
956,788;52,97
957,001;52,65
957,214;52,6
957,426;52,65
957,639;52,55
957,852;52,56
958,064;52,15
958,277;52,17
958,49;51,9
958,702;52,05
958,915;51,79
959,127;51,8
959,34;51,68
959,552;51,9
959,765;51,81
959,977;51,67
960,19;51,66
960,402;51,43
960,615;51,38
960,827;51,43
961,039;51,33
961,252;51,39
961,464;51,39
961,676;51,3
961,889;51,31
962,101;51,45
962,313;51,33
962,525;51,39
962,738;51,22
962,95;51,35
963,162;51,36
963,374;51,38
963,586;51,26
963,798;51,28
964,01;51,19
964,222;51,37
964,434;51,31
964,646;51,35
964,858;51,45
965,07;51,51
965,282;51,42
965,494;51,46
965,706;51,36
965,918;51,47
966,13;51,43
966,342;51,26
966,553;51,22
966,765;51,21
966,977;51,18
967,189;51,38
967,401;51,23
967,612;50,98
967,824;50,98
968,036;51,11
968,247;50,97
968,459;51,06
968,67;50,88
968,882;50,75
969,094;50,7
969,305;50,63
969,517;50,68
969,728;50,83
969,94;50,85
970,151;51
970,362;51,01
970,574;51,13
970,785;51,07
970,997;51,2
971,208;51,33
971,419;51,32
971,631;51,41
971,842;51,42
972,053;51,67
972,264;51,84
972,476;51,7
972,687;51,89
972,898;51,92
973,109;52,09
973,32;52,16
973,531;52,4
973,742;52,61
973,954;52,71
974,165;52,57
974,376;52,63
974,587;52,72
974,798;52,82
975,009;52,95
975,22;52,88
975,43;52,91
975,641;53,04
975,852;53,22
976,063;53,03
976,274;53,04
976,485;52,62
976,695;52,69
976,906;52,96
977,117;52,83
977,328;52,74
977,538;52,71
977,749;52,92
977,96;52,8
978,17;53,04
978,381;52,92
978,592;53,16
978,802;53,1
979,013;52,97
979,223;52,69
979,434;52,56
979,644;52,76
979,855;52,79
980,065;52,67
980,276;52,38
980,486;52,59
980,696;52,8
980,907;53,25
981,117;53,23
981,327;53,19
981,538;53,18
981,748;53,28
981,958;53,11
982,169;53,09
982,379;52,95
982,589;52,76
982,799;52,89
983,009;52,64
983,219;52,84
983,43;52,82
983,64;53,1
983,85;53,21
984,06;53,12
984,27;52,97
984,48;53,3
984,69;53,63
984,9;53,33
985,11;53,09
985,32;53,24
985,529;53,12
985,739;52,98
985,949;53,23
986,159;53,14
986,369;53,41
986,579;53,18
986,788;53,39
986,998;53,51
987,208;53,41
987,417;53,62
987,627;53,51
987,837;53,65
988,046;53,33
988,256;53,37
988,466;53,16
988,675;53,16
988,885;52,76
989,094;52,75
989,304;52,98
989,513;53,15
989,723;53,03
989,932;52,9
990,142;52,9
990,351;52,76
990,56;53,02
990,77;52,69
990,979;52,97
991,188;52,73
991,398;52,47
991,607;52,82
991,816;52,77
992,025;52,73
992,235;52,48
992,444;52,55
992,653;52,43
992,862;52,62
993,071;52,71
993,28;52,74
993,489;52,64
993,698;52,63
993,908;52,51
994,117;52,15
994,326;52,45
994,534;52,44
994,743;52,41
994,952;52,47
995,161;52,73
995,37;53,03
995,579;53,3
995,788;53,24
995,997;52,92
996,205;53,04
996,414;52,82
996,623;53,32
996,832;53,8
997,04;53,89
997,249;54,03
997,458;54,03
997,666;54,47
997,875;54,62
998,084;54,81
998,292;54,9
998,501;55,35
998,709;55,22
998,918;55,41
999,126;55,41
999,335;55,55
999,543;55,47
999,752;55,13
999,96;55,25
1000,169;55,75
1000,377;55,84
1000,585;56,06
1000,794;56,32
1001,002;56,07
1001,21;56,03
1001,418;55,98
1001,627;55,68
1001,835;56,12
1002,043;56,33
1002,251;56,57
1002,459;56,5
1002,668;56,34
1002,876;56,16
1003,084;56,72
1003,292;56,77
1003,5;56,8
1003,708;56,57
1003,916;56,57
1004,124;56,47
1004,332;56,3
1004,54;56,18
1004,748;56,04
1004,956;56,03
1005,163;55,92
1005,371;55,8
1005,579;55,89
1005,787;55,82
1005,995;55,98
1006,202;55,91
1006,41;55,21
1006,618;54,62
1006,826;54,95
1007,033;55,42
1007,241;55,64
1007,449;55,11
1007,656;55,04
1007,864;55,44
1008,071;55,73
1008,279;55,89
1008,486;55,99
1008,694;55,85
1008,901;55,85
1009,109;55,97
1009,316;56,2
1009,524;56,56
1009,731;56,56
1009,938;56,64
1010,146;56,76
1010,353;57,61
1010,56;56,91
1010,768;56,66
1010,975;57,41
1011,182;56,86
1011,389;56,56
1011,597;56,41
1011,804;56,85
1012,011;57,03
1012,218;56,72
1012,425;56,14
1012,632;55,99
1012,839;56,37
1013,046;56,37
1013,253;56,8
1013,46;56,49
1013,667;56,35
1013,874;56,21
1014,081;56,29
1014,288;56,16
1014,495;56,09
1014,702;55,87
1014,909;56,45
1015,116;56,58
1015,323;56,22
1015,529;56,76
1015,736;56,45
1015,943;56,56
1016,15;56,45
1016,356;56,84
1016,563;57,08
1016,77;57,46
1016,976;57,42
1017,183;57,74
1017,389;57,49
1017,596;56,72
1017,803;57,46
1018,009;57,16
1018,216;57,31
1018,422;58,02
1018,629;58,05
1018,835;58,26
1019,041;57,84
1019,248;57,82
1019,454;58,27
1019,661;59,1
1019,867;58,97
1020,073;59,5
1020,279;59,03
1020,486;59,25
1020,692;58,97
1020,898;58,43
1021,104;57,95
1021,311;57,63
1021,517;57,24
1021,723;58,22
1021,929;58,58
1022,135;58,45
1022,341;59,17
1022,547;59,59
1022,753;58,95
1022,959;59,28
1023,165;59,69
1023,371;59,86
1023,577;60,04
1023,783;60,25
1023,989;59,77
1024,195;60,07
1024,401;60,59
1024,607;61,88
1024,812;61,72
1025,018;61,15
1025,224;62,09
1025,43;62,5
1025,635;63,7
1025,841;63,84
1026,047;63,35
1026,252;63,46
1026,458;63,78
1026,664;63,45
1026,869;63,13
1027,075;63,16
1027,28;63,02
1027,486;62,49
1027,691;63,37
1027,897;62,6
1028,102;62,61
1028,308;62,51
1028,513;62,24
1028,719;61,67
1028,924;60,99
1029,129;60,88
1029,335;61,17
1029,54;60,51
1029,745;60,37
1029,95;60,72
1030,156;60,41
1030,361;60,87
1030,566;61,75
1030,771;61,52
1030,976;61,07
1031,182;60,99
1031,387;61,29
1031,592;62,03
1031,797;62,45
1032,002;61,07
1032,207;61,63
1032,412;60,8
1032,617;61,35
1032,822;61,17
1033,027;61,11
1033,232;61,1
1033,437;61,07
1033,642;61,1
1033,846;61,37
1034,051;61,43
1034,256;60,25
1034,461;59,9
1034,666;59,15
1034,87;58,17
1035,075;59,3
1035,28;59,38
1035,484;59,13
1035,689;59,32
1035,894;57,5
1036,098;57,94
1036,303;58,99
1036,507;59,63
1036,712;60,4
1036,917;60,06
1037,121;60,88
1037,325;59,94
1037,53;59,24
1037,734;60,04
1037,939;60,54
1038,143;60,66
1038,348;61,28
1038,552;61,48
1038,756;62,27
1038,961;62,86
1039,165;62,8
1039,369;62,51
1039,573;63,18
1039,778;62,89
1039,982;63,92
1040,186;65,23
1040,39;64,84
1040,594;63,51
1040,798;62,87
1041,002;61,8
1041,206;60,3
1041,41;61,38
1041,614;62,14
1041,818;63,34
1042,022;62,87
1042,226;63,63
1042,43;62,71
1042,634;62,46
1042,838;63,89
1043,042;64,42
1043,246;65,84
1043,45;66,46
1043,653;64,33
1043,857;62,44
1044,061;62,72
1044,265;61,14
1044,468;60,5
1044,672;60,53
1044,876;61,67
1045,079;61,65
1045,283;63,39
1045,487;63,86
1045,69;63,08
1045,894;63,51
1046,097;63,17
1046,301;62,34
1046,504;62,76
1046,708;62,96
1046,911;64,11
1047,115;61,74
1047,318;61,77
1047,522;61,95
1047,725;62,97
1047,928;63,02
1048,132;66,77
1048,335;68,5
1048,538;68,54
1048,741;70,5
1048,945;71,4
1049,148;71,74
1049,351;72,57
1049,554;72,49
1049,757;72,57
1049,96;71,68
1050,163;71,93
1050,367;71,41
1050,57;72,39
1050,773;70,37
1050,976;71,9
1051,179;70,59
1051,382;72,91
1051,585;72,87
1051,787;70,04
1051,99;67,57
1052,193;67,89
1052,396;66
1052,599;63,52
1052,802;63,61
1053,005;60,8
1053,207;61,05
1053,41;58,36
1053,613;58,13
1053,815;58,91
1054,018;57,74
1054,221;56,74
1054,423;57,05
1054,626;57,29
1054,829;56,12
1055,031;55,49
1055,234;53,6
1055,436;53,96
1055,639;52,18
1055,841;50,29
1056,044;52,15
1056,246;51,83
