Data from GaranzaWhite_Reflection__1__41.txt Node;
186,01;-1200,86
186,281;-4652,94
186,552;198,84
186,822;145,94
187,093;245,45
187,364;-4,24
187,635;1157,45
187,905;31,36
188,176;23,71
188,447;25,13
188,717;23,62
188,988;23,67
189,258;23,29
189,529;25,29
189,8;23,13
190,07;20,94
190,341;19,51
190,611;17,77
190,882;16,05
191,152;15,77
191,423;16,17
191,693;15,49
191,964;14,91
192,234;15,71
192,505;14
192,775;13,11
193,045;12,88
193,316;12,24
193,586;11,59
193,856;11,14
194,127;10,39
194,397;9,74
194,667;9,79
194,938;10,36
195,208;9,94
195,478;10
195,748;9,62
196,019;9,16
196,289;9,25
196,559;9,54
196,829;9,33
197,099;9,43
197,37;9,44
197,64;9,62
197,91;9,5
198,18;9,4
198,45;9,29
198,72;9,28
198,99;9,21
199,26;9,17
199,53;9,16
199,8;9,42
200,07;9,42
200,34;9,12
200,61;8,75
200,88;8,78
201,15;8,56
201,42;8,62
201,69;8,76
201,96;8,86
202,23;8,68
202,499;8,48
202,769;8,38
203,039;8,34
203,309;8,04
203,579;7,86
203,849;8,02
204,118;7,82
204,388;7,55
204,658;7,55
204,927;7,43
205,197;7,18
205,467;6,81
205,736;6,72
206,006;6,69
206,276;6,63
206,545;6,31
206,815;6,13
207,085;5,96
207,354;5,77
207,624;5,57
207,893;5,44
208,163;5,4
208,432;5,34
208,702;5,22
208,971;5,24
209,241;5,22
209,51;5,1
209,78;5,14
210,049;5,17
210,318;5,12
210,588;5,13
210,857;5,13
211,127;5,14
211,396;5,19
211,665;4,94
211,935;4,96
212,204;4,97
212,473;5,01
212,742;5,04
213,012;5,08
213,281;5,01
213,55;5,02
213,819;4,91
214,088;4,71
214,358;4,6
214,627;4,49
214,896;4,36
215,165;4,3
215,434;4,22
215,703;4,08
215,972;4,02
216,241;3,92
216,51;3,86
216,779;3,76
217,048;3,66
217,317;3,7
217,586;3,64
217,855;3,61
218,124;3,54
218,393;3,52
218,662;3,47
218,931;3,42
219,2;3,34
219,469;3,36
219,738;3,4
220,006;3,43
220,275;3,46
220,544;3,46
220,813;3,39
221,082;3,37
221,35;3,39
221,619;3,37
221,888;3,35
222,157;3,34
222,425;3,38
222,694;3,35
222,963;3,36
223,231;3,32
223,5;3,32
223,769;3,31
224,037;3,25
224,306;3,23
224,574;3,24
224,843;3,25
225,111;3,24
225,38;3,17
225,648;3,15
225,917;3,09
226,185;3,08
226,454;3,09
226,722;3,08
226,991;3,07
227,259;3,06
227,528;3,03
227,796;3,04
228,064;3,01
228,333;2,99
228,601;2,97
228,869;2,96
229,138;2,93
229,406;2,93
229,674;2,93
229,942;2,93
230,211;2,92
230,479;2,9
230,747;2,9
231,015;2,93
231,283;2,92
231,552;2,93
231,82;2,92
232,088;2,91
232,356;2,92
232,624;2,91
232,892;2,92
233,16;2,92
233,428;2,92
233,696;2,91
233,964;2,93
234,232;2,92
234,5;2,93
234,768;2,95
235,036;2,94
235,304;2,94
235,572;2,92
235,84;2,92
236,108;2,92
236,376;2,92
236,644;2,93
236,912;2,93
237,179;2,93
237,447;2,94
237,715;2,94
237,983;2,94
238,251;2,92
238,518;2,91
238,786;2,91
239,054;2,91
239,322;2,91
239,589;2,91
239,857;2,91
240,125;2,92
240,392;2,91
240,66;2,91
240,927;2,92
241,195;2,92
241,463;2,92
241,73;2,93
241,998;2,93
242,265;2,91
242,533;2,91
242,8;2,91
243,068;2,91
243,335;2,9
243,603;2,9
243,87;2,91
244,138;2,92
244,405;2,91
244,672;2,91
244,94;2,9
245,207;2,89
245,474;2,88
245,742;2,87
246,009;2,87
246,276;2,86
246,544;2,85
246,811;2,86
247,078;2,85
247,345;2,84
247,613;2,82
247,88;2,81
248,147;2,81
248,414;2,8
248,681;2,79
248,948;2,8
249,215;2,8
249,483;2,79
249,75;2,78
250,017;2,78
250,284;2,78
250,551;2,77
250,818;2,76
251,085;2,75
251,352;2,75
251,619;2,75
251,886;2,75
252,153;2,75
252,42;2,73
252,687;2,73
252,953;2,73
253,22;2,74
253,487;2,74
253,754;2,73
254,021;2,73
254,288;2,72
254,555;2,71
254,821;2,7
255,088;2,7
255,355;2,7
255,622;2,69
255,888;2,68
256,155;2,68
256,422;2,68
256,688;2,67
256,955;2,66
257,222;2,66
257,488;2,66
257,755;2,65
258,022;2,65
258,288;2,64
258,555;2,62
258,821;2,62
259,088;2,62
259,354;2,62
259,621;2,62
259,887;2,62
260,154;2,61
260,42;2,6
260,687;2,59
260,953;2,59
261,219;2,58
261,486;2,58
261,752;2,57
262,019;2,57
262,285;2,57
262,551;2,57
262,818;2,57
263,084;2,56
263,35;2,56
263,616;2,55
263,883;2,55
264,149;2,54
264,415;2,53
264,681;2,54
264,947;2,54
265,214;2,54
265,48;2,54
265,746;2,54
266,012;2,54
266,278;2,54
266,544;2,54
266,81;2,54
267,076;2,53
267,342;2,52
267,608;2,53
267,874;2,53
268,14;2,53
268,406;2,52
268,672;2,54
268,938;2,54
269,204;2,54
269,47;2,53
269,736;2,54
270,002;2,53
270,268;2,53
270,533;2,53
270,799;2,52
271,065;2,51
271,331;2,51
271,597;2,51
271,862;2,51
272,128;2,51
272,394;2,5
272,66;2,51
272,925;2,52
273,191;2,51
273,457;2,51
273,722;2,5
273,988;2,51
274,254;2,49
274,519;2,48
274,785;2,48
275,05;2,48
275,316;2,48
275,582;2,49
275,847;2,48
276,113;2,47
276,378;2,47
276,644;2,47
276,909;2,47
277,174;2,47
277,44;2,47
277,705;2,48
277,971;2,48
278,236;2,49
278,501;2,48
278,767;2,48
279,032;2,47
279,297;2,47
279,563;2,49
279,828;2,48
280,093;2,49
280,358;2,48
280,624;2,49
280,889;2,48
281,154;2,48
281,419;2,48
281,684;2,48
281,95;2,49
282,215;2,49
282,48;2,49
282,745;2,5
283,01;2,49
283,275;2,49
283,54;2,48
283,805;2,48
284,07;2,48
284,335;2,49
284,6;2,5
284,865;2,5
285,13;2,49
285,395;2,5
285,66;2,5
285,925;2,5
286,19;2,51
286,455;2,53
286,72;2,54
286,985;2,55
287,249;2,55
287,514;2,55
287,779;2,56
288,044;2,56
288,309;2,56
288,573;2,56
288,838;2,57
289,103;2,57
289,367;2,58
289,632;2,58
289,897;2,58
290,161;2,58
290,426;2,58
290,691;2,59
290,955;2,6
291,22;2,61
291,484;2,61
291,749;2,62
292,014;2,61
292,278;2,61
292,543;2,62
292,807;2,62
293,072;2,64
293,336;2,64
293,6;2,64
293,865;2,65
294,129;2,66
294,394;2,66
294,658;2,69
294,922;2,69
295,187;2,7
295,451;2,71
295,715;2,72
295,98;2,74
296,244;2,75
296,508;2,76
296,773;2,77
297,037;2,78
297,301;2,78
297,565;2,8
297,829;2,8
298,094;2,81
298,358;2,83
298,622;2,84
298,886;2,84
299,15;2,86
299,414;2,87
299,678;2,89
299,942;2,89
300,206;2,89
300,47;2,9
300,734;2,91
300,998;2,92
301,262;2,94
301,526;2,94
301,79;2,95
302,054;2,95
302,318;2,96
302,582;2,97
302,846;2,97
303,11;2,97
303,374;2,99
303,637;2,99
303,901;2,99
304,165;2,99
304,429;3
304,693;3
304,956;3,01
305,22;3,01
305,484;3,02
305,747;3,02
306,011;3,02
306,275;3,02
306,538;3,03
306,802;3,03
307,066;3,04
307,329;3,04
307,593;3,05
307,856;3,05
308,12;3,06
308,384;3,06
308,647;3,06
308,911;3,05
309,174;3,06
309,438;3,07
309,701;3,07
309,964;3,07
310,228;3,07
310,491;3,07
310,755;3,08
311,018;3,09
311,281;3,1
311,545;3,1
311,808;3,11
312,071;3,09
312,335;3,09
312,598;3,09
312,861;3,08
313,124;3,08
313,388;3,09
313,651;3,09
313,914;3,08
314,177;3,09
314,44;3,1
314,704;3,11
314,967;3,1
315,23;3,1
315,493;3,1
315,756;3,1
316,019;3,11
316,282;3,11
316,545;3,09
316,808;3,1
317,071;3,1
317,334;3,1
317,597;3,11
317,86;3,11
318,123;3,11
318,386;3,12
318,649;3,12
318,912;3,12
319,175;3,12
319,437;3,13
319,7;3,15
319,963;3,14
320,226;3,14
320,489;3,14
320,751;3,14
321,014;3,14
321,277;3,14
321,54;3,15
321,802;3,15
322,065;3,16
322,328;3,17
322,59;3,15
322,853;3,16
323,116;3,17
323,378;3,17
323,641;3,17
323,903;3,18
324,166;3,18
324,428;3,19
324,691;3,19
324,953;3,18
325,216;3,18
325,478;3,18
325,741;3,18
326,003;3,19
326,266;3,19
326,528;3,19
326,791;3,2
327,053;3,19
327,315;3,18
327,578;3,18
327,84;3,19
328,102;3,2
328,365;3,21
328,627;3,21
328,889;3,2
329,151;3,21
329,414;3,2
329,676;3,2
329,938;3,2
330,2;3,2
330,462;3,21
330,725;3,2
330,987;3,21
331,249;3,21
331,511;3,21
331,773;3,22
332,035;3,23
332,297;3,23
332,559;3,23
332,821;3,24
333,083;3,23
333,345;3,23
333,607;3,23
333,869;3,23
334,131;3,24
334,393;3,26
334,655;3,25
334,917;3,27
335,179;3,28
335,44;3,29
335,702;3,31
335,964;3,32
336,226;3,33
336,488;3,34
336,749;3,35
337,011;3,36
337,273;3,36
337,535;3,36
337,796;3,36
338,058;3,37
338,32;3,39
338,581;3,4
338,843;3,4
339,105;3,41
339,366;3,41
339,628;3,42
339,889;3,43
340,151;3,43
340,412;3,43
340,674;3,43
340,935;3,43
341,197;3,44
341,458;3,44
341,72;3,43
341,981;3,43
342,243;3,45
342,504;3,44
342,766;3,45
343,027;3,45
343,288;3,47
343,55;3,47
343,811;3,46
344,072;3,47
344,334;3,46
344,595;3,47
344,856;3,48
345,117;3,47
345,379;3,48
345,64;3,48
345,901;3,48
346,162;3,48
346,423;3,48
346,684;3,46
346,946;3,46
347,207;3,47
347,468;3,47
347,729;3,47
347,99;3,48
348,251;3,47
348,512;3,48
348,773;3,48
349,034;3,48
349,295;3,49
349,556;3,49
349,817;3,5
350,078;3,5
350,339;3,5
350,6;3,5
350,86;3,51
351,121;3,52
351,382;3,52
351,643;3,54
351,904;3,55
352,165;3,58
352,425;3,57
352,686;3,58
352,947;3,58
353,208;3,59
353,468;3,6
353,729;3,6
353,99;3,6
354,25;3,62
354,511;3,62
354,772;3,62
355,032;3,63
355,293;3,64
355,553;3,65
355,814;3,63
356,074;3,66
356,335;3,65
356,596;3,63
356,856;3,66
357,116;3,67
357,377;3,69
357,637;3,69
357,898;3,71
358,158;3,72
358,419;3,73
358,679;3,73
358,939;3,73
359,2;3,76
359,46;3,77
359,72;3,76
359,981;3,79
360,241;3,79
360,501;3,78
360,761;3,79
361,022;3,79
361,282;3,81
361,542;3,81
361,802;3,83
362,062;3,86
362,323;3,86
362,583;3,88
362,843;3,87
363,103;3,87
363,363;3,87
363,623;3,87
363,883;3,88
364,143;3,88
364,403;3,89
364,663;3,89
364,923;3,9
365,183;3,9
365,443;3,92
365,703;3,94
365,963;3,96
366,223;3,96
366,483;3,97
366,743;3,98
367,002;3,99
367,262;4,01
367,522;4
367,782;4,01
368,042;4
368,301;4,01
368,561;4,02
368,821;4,04
369,081;4,04
369,34;4,04
369,6;4,04
369,86;4,06
370,119;4,06
370,379;4,07
370,638;4,09
370,898;4,07
371,158;4,08
371,417;4,09
371,677;4,11
371,936;4,12
372,196;4,14
372,455;4,15
372,715;4,15
372,974;4,15
373,234;4,16
373,493;4,19
373,753;4,19
374,012;4,22
374,271;4,22
374,531;4,25
374,79;4,28
375,049;4,28
375,309;4,28
375,568;4,3
375,827;4,3
376,086;4,32
376,346;4,35
376,605;4,37
376,864;4,39
377,123;4,41
377,383;4,42
377,642;4,41
377,901;4,43
378,16;4,43
378,419;4,45
378,678;4,46
378,937;4,45
379,196;4,45
379,455;4,45
379,714;4,47
379,973;4,45
380,232;4,46
380,491;4,49
380,75;4,5
381,009;4,51
381,268;4,52
381,527;4,52
381,786;4,52
382,045;4,5
382,304;4,5
382,563;4,49
382,821;4,5
383,08;4,53
383,339;4,52
383,598;4,53
383,857;4,54
384,115;4,56
384,374;4,59
384,633;4,6
384,891;4,63
385,15;4,64
385,409;4,66
385,667;4,67
385,926;4,67
386,185;4,69
386,443;4,71
386,702;4,72
386,96;4,72
387,219;4,75
387,477;4,79
387,736;4,79
387,994;4,81
388,253;4,82
388,511;4,85
388,77;4,86
389,028;4,88
389,287;4,9
389,545;4,9
389,803;4,9
390,062;4,93
390,32;4,92
390,578;4,91
390,837;4,93
391,095;4,94
391,353;4,96
391,612;4,96
391,87;4,96
392,128;4,99
392,386;5
392,644;5
392,903;5,01
393,161;5
393,419;5,01
393,677;5,01
393,935;5
394,193;5,01
394,451;5,02
394,709;5,02
394,967;5,04
395,225;5,04
395,483;5,04
395,741;5,06
395,999;5,09
396,257;5,11
396,515;5,11
396,773;5,12
397,031;5,12
397,289;5,16
397,547;5,14
397,805;5,15
398,062;5,15
398,32;5,15
398,578;5,17
398,836;5,18
399,094;5,18
399,351;5,19
399,609;5,18
399,867;5,17
400,124;5,18
400,382;5,19
400,64;5,21
400,897;5,23
401,155;5,22
401,413;5,24
401,67;5,24
401,928;5,25
402,185;5,26
402,443;5,27
402,701;5,25
402,958;5,28
403,216;5,29
403,473;5,3
403,73;5,31
403,988;5,33
404,245;5,36
404,503;5,39
404,76;5,4
405,018;5,41
405,275;5,43
405,532;5,44
405,79;5,43
406,047;5,44
406,304;5,45
406,561;5,47
406,819;5,47
407,076;5,47
407,333;5,46
407,59;5,45
407,848;5,45
408,105;5,47
408,362;5,47
408,619;5,48
408,876;5,48
409,133;5,47
409,39;5,47
409,647;5,46
409,904;5,43
410,161;5,44
410,418;5,45
410,675;5,46
410,932;5,45
411,189;5,45
411,446;5,46
411,703;5,44
411,96;5,44
412,217;5,43
412,474;5,46
412,731;5,47
412,988;5,48
413,245;5,48
413,501;5,47
413,758;5,46
414,015;5,46
414,272;5,45
414,529;5,46
414,785;5,47
415,042;5,47
415,299;5,47
415,555;5,46
415,812;5,45
416,069;5,43
416,325;5,44
416,582;5,44
416,838;5,44
417,095;5,43
417,352;5,43
417,608;5,42
417,865;5,41
418,121;5,41
418,378;5,4
418,634;5,41
418,891;5,41
419,147;5,41
419,403;5,4
419,66;5,41
419,916;5,41
420,173;5,39
420,429;5,38
420,685;5,39
420,942;5,4
421,198;5,4
421,454;5,41
421,711;5,41
421,967;5,4
422,223;5,38
422,479;5,39
422,735;5,36
422,992;5,35
423,248;5,33
423,504;5,31
423,76;5,32
424,016;5,32
424,272;5,32
424,528;5,34
424,784;5,36
425,041;5,35
425,297;5,35
425,553;5,36
425,809;5,37
426,065;5,36
426,32;5,35
426,576;5,35
426,832;5,35
427,088;5,34
427,344;5,34
427,6;5,34
427,856;5,35
428,112;5,37
428,368;5,38
428,623;5,38
428,879;5,38
429,135;5,35
429,391;5,33
429,646;5,32
429,902;5,3
430,158;5,29
430,414;5,29
430,669;5,29
430,925;5,27
431,181;5,27
431,436;5,27
431,692;5,27
431,947;5,25
432,203;5,22
432,458;5,21
432,714;5,2
432,97;5,2
433,225;5,18
433,481;5,17
433,736;5,16
433,991;5,16
434,247;5,14
434,502;5,16
434,758;5,16
435,013;5,16
435,268;5,16
435,524;5,15
435,779;5,15
436,034;5,13
436,29;5,12
436,545;5,09
436,8;5,08
437,056;5,06
437,311;5,07
437,566;5,08
437,821;5,08
438,076;5,07
438,331;5,07
438,587;5,06
438,842;5,05
439,097;5,03
439,352;5,05
439,607;5,05
439,862;5,05
440,117;5,04
440,372;5,02
440,627;5
440,882;5
441,137;4,98
441,392;4,97
441,647;4,98
441,902;4,99
442,157;4,98
442,412;4,99
442,667;4,97
442,921;4,97
443,176;4,97
443,431;4,98
443,686;4,96
443,941;4,96
444,195;4,95
444,45;4,95
444,705;4,92
444,96;4,9
445,214;4,89
445,469;4,9
445,724;4,89
445,978;4,91
446,233;4,88
446,487;4,87
446,742;4,87
446,997;4,84
447,251;4,83
447,506;4,83
447,76;4,8
448,015;4,8
448,269;4,79
448,524;4,78
448,778;4,76
449,033;4,75
449,287;4,74
449,541;4,74
449,796;4,73
450,05;4,73
450,305;4,73
450,559;4,72
450,813;4,72
451,067;4,7
451,322;4,67
451,576;4,67
451,83;4,66
452,084;4,66
452,339;4,66
452,593;4,65
452,847;4,62
453,101;4,62
453,355;4,62
453,609;4,61
453,864;4,6
454,118;4,59
454,372;4,59
454,626;4,59
454,88;4,59
455,134;4,57
455,388;4,57
455,642;4,57
455,896;4,55
456,15;4,52
456,404;4,52
456,658;4,51
456,912;4,5
457,165;4,51
457,419;4,51
457,673;4,51
457,927;4,52
458,181;4,51
458,435;4,52
458,688;4,52
458,942;4,5
459,196;4,5
459,45;4,48
459,703;4,48
459,957;4,48
460,211;4,45
460,464;4,46
460,718;4,44
460,972;4,43
461,225;4,42
461,479;4,44
461,732;4,43
461,986;4,43
462,239;4,43
462,493;4,43
462,746;4,43
463;4,41
463,253;4,4
463,507;4,41
463,76;4,39
464,014;4,39
464,267;4,38
464,52;4,37
464,774;4,36
465,027;4,35
465,28;4,34
465,534;4,35
465,787;4,34
466,04;4,33
466,294;4,32
466,547;4,34
466,8;4,34
467,053;4,33
467,306;4,33
467,56;4,31
467,813;4,3
468,066;4,27
468,319;4,28
468,572;4,29
468,825;4,28
469,078;4,27
469,331;4,27
469,584;4,26
469,837;4,26
470,09;4,27
470,343;4,27
470,596;4,26
470,849;4,25
471,102;4,25
471,355;4,25
471,608;4,25
471,861;4,22
472,114;4,21
472,367;4,21
472,619;4,21
472,872;4,22
473,125;4,22
473,378;4,22
473,631;4,21
473,883;4,21
474,136;4,22
474,389;4,22
474,641;4,2
474,894;4,21
475,147;4,21
475,399;4,21
475,652;4,2
475,905;4,2
476,157;4,2
476,41;4,2
476,662;4,2
476,915;4,2
477,167;4,2
477,42;4,2
477,672;4,2
477,925;4,2
478,177;4,2
478,43;4,19
478,682;4,2
478,934;4,2
479,187;4,19
479,439;4,18
479,691;4,2
479,944;4,21
480,196;4,22
480,448;4,22
480,701;4,23
480,953;4,24
481,205;4,23
481,457;4,24
481,709;4,25
481,962;4,26
482,214;4,28
482,466;4,32
482,718;4,36
482,97;4,42
483,222;4,47
483,474;4,5
483,726;4,53
483,978;4,55
484,23;4,57
484,482;4,58
484,734;4,59
484,986;4,59
485,238;4,58
485,49;4,58
485,742;4,58
485,994;4,58
486,246;4,58
486,498;4,59
486,75;4,58
487,001;4,57
487,253;4,57
487,505;4,56
487,757;4,54
488,009;4,52
488,26;4,49
488,512;4,45
488,764;4,42
489,015;4,39
489,267;4,36
489,519;4,34
489,77;4,32
490,022;4,31
490,274;4,3
490,525;4,31
490,777;4,3
491,028;4,29
491,28;4,29
491,531;4,27
491,783;4,27
492,034;4,27
492,286;4,29
492,537;4,28
492,789;4,29
493,04;4,28
493,291;4,28
493,543;4,26
493,794;4,26
494,045;4,26
494,297;4,26
494,548;4,26
494,799;4,26
495,051;4,27
495,302;4,26
495,553;4,27
495,804;4,27
496,056;4,27
496,307;4,27
496,558;4,27
496,809;4,28
497,06;4,29
497,311;4,28
497,562;4,28
497,813;4,28
498,064;4,28
498,316;4,3
498,567;4,29
498,818;4,3
499,069;4,3
499,319;4,3
499,57;4,31
499,821;4,3
500,072;4,31
500,323;4,3
500,574;4,31
500,825;4,31
501,076;4,31
501,327;4,31
501,577;4,33
501,828;4,33
502,079;4,33
502,33;4,34
502,58;4,35
502,831;4,35
503,082;4,36
503,333;4,36
503,583;4,35
503,834;4,36
504,084;4,37
504,335;4,37
504,586;4,37
504,836;4,37
505,087;4,38
505,337;4,37
505,588;4,38
505,838;4,37
506,089;4,38
506,339;4,38
506,59;4,39
506,84;4,38
507,091;4,39
507,341;4,38
507,591;4,38
507,842;4,37
508,092;4,37
508,343;4,37
508,593;4,38
508,843;4,38
509,093;4,39
509,344;4,39
509,594;4,4
509,844;4,4
510,094;4,41
510,345;4,41
510,595;4,43
510,845;4,43
511,095;4,44
511,345;4,44
511,595;4,44
511,845;4,44
512,095;4,45
512,345;4,45
512,595;4,47
512,845;4,47
513,095;4,49
513,345;4,49
513,595;4,5
513,845;4,5
514,095;4,5
514,345;4,5
514,595;4,51
514,845;4,51
515,095;4,52
515,345;4,53
515,594;4,53
515,844;4,54
516,094;4,56
516,344;4,55
516,593;4,55
516,843;4,56
517,093;4,56
517,343;4,57
517,592;4,58
517,842;4,59
518,092;4,6
518,341;4,59
518,591;4,61
518,84;4,62
519,09;4,63
519,34;4,64
519,589;4,66
519,839;4,67
520,088;4,68
520,338;4,69
520,587;4,7
520,836;4,7
521,086;4,71
521,335;4,71
521,585;4,72
521,834;4,75
522,083;4,76
522,333;4,78
522,582;4,79
522,831;4,81
523,081;4,82
523,33;4,83
523,579;4,84
523,828;4,86
524,078;4,87
524,327;4,88
524,576;4,9
524,825;4,91
525,074;4,93
525,323;4,92
525,573;4,95
525,822;4,95
526,071;4,97
526,32;4,99
526,569;5,01
526,818;5,03
527,067;5,04
527,316;5,06
527,565;5,08
527,814;5,08
528,063;5,1
528,312;5,12
528,56;5,13
528,809;5,14
529,058;5,16
529,307;5,17
529,556;5,19
529,805;5,2
530,053;5,21
530,302;5,22
530,551;5,26
530,8;5,26
531,048;5,29
531,297;5,31
531,546;5,32
531,794;5,35
532,043;5,37
532,292;5,38
532,54;5,4
532,789;5,41
533,037;5,44
533,286;5,46
533,535;5,48
533,783;5,5
534,032;5,52
534,28;5,54
534,528;5,56
534,777;5,58
535,025;5,59
535,274;5,6
535,522;5,61
535,771;5,62
536,019;5,64
536,267;5,65
536,516;5,67
536,764;5,67
537,012;5,68
537,26;5,69
537,509;5,7
537,757;5,71
538,005;5,72
538,253;5,73
538,501;5,76
538,75;5,76
538,998;5,77
539,246;5,79
539,494;5,8
539,742;5,81
539,99;5,82
540,238;5,84
540,486;5,87
540,734;5,9
540,982;5,9
541,23;5,92
541,478;5,95
541,726;5,96
541,974;5,99
542,222;6
542,47;6,02
542,718;6,05
542,966;6,07
543,213;6,09
543,461;6,11
543,709;6,13
543,957;6,16
544,205;6,18
544,452;6,2
544,7;6,22
544,948;6,24
545,196;6,26
545,443;6,28
545,691;6,3
545,939;6,32
546,186;6,35
546,434;6,37
546,681;6,38
546,929;6,41
547,176;6,43
547,424;6,46
547,671;6,48
547,919;6,5
548,166;6,52
548,414;6,56
548,661;6,59
548,909;6,61
549,156;6,64
549,404;6,67
549,651;6,7
549,898;6,73
550,146;6,76
550,393;6,8
550,64;6,83
550,888;6,86
551,135;6,89
551,382;6,92
551,629;6,95
551,876;6,99
552,124;7,03
552,371;7,06
552,618;7,08
552,865;7,13
553,112;7,15
553,359;7,18
553,606;7,21
553,854;7,24
554,101;7,26
554,348;7,3
554,595;7,33
554,842;7,36
555,089;7,39
555,336;7,43
555,582;7,46
555,829;7,49
556,076;7,52
556,323;7,56
556,57;7,59
556,817;7,64
557,064;7,67
557,311;7,71
557,557;7,74
557,804;7,8
558,051;7,84
558,298;7,89
558,544;7,94
558,791;7,98
559,038;8,03
559,284;8,07
559,531;8,12
559,778;8,17
560,024;8,23
560,271;8,28
560,517;8,34
560,764;8,4
561,011;8,45
561,257;8,51
561,504;8,58
561,75;8,64
561,997;8,7
562,243;8,76
562,489;8,81
562,736;8,87
562,982;8,93
563,229;8,99
563,475;9,05
563,721;9,12
563,968;9,18
564,214;9,25
564,46;9,33
564,707;9,4
564,953;9,46
565,199;9,54
565,445;9,62
565,691;9,7
565,938;9,78
566,184;9,88
566,43;9,97
566,676;10,07
566,922;10,15
567,168;10,25
567,414;10,36
567,66;10,47
567,906;10,57
568,152;10,68
568,398;10,79
568,644;10,9
568,89;11,01
569,136;11,12
569,382;11,23
569,628;11,33
569,874;11,42
570,12;11,53
570,366;11,64
570,612;11,74
570,857;11,84
571,103;11,96
571,349;12,05
571,595;12,16
571,84;12,26
572,086;12,37
572,332;12,46
572,578;12,56
572,823;12,65
573,069;12,74
573,315;12,84
573,56;12,93
573,806;13,03
574,051;13,14
574,297;13,24
574,542;13,36
574,788;13,48
575,034;13,59
575,279;13,7
575,524;13,81
575,77;13,91
576,015;14,01
576,261;14,11
576,506;14,21
576,752;14,29
576,997;14,39
577,242;14,49
577,488;14,6
577,733;14,7
577,978;14,81
578,223;14,93
578,469;15,05
578,714;15,17
578,959;15,29
579,204;15,4
579,45;15,51
579,695;15,61
579,94;15,72
580,185;15,81
580,43;15,91
580,675;15,99
580,92;16,09
581,165;16,19
581,41;16,29
581,655;16,39
581,9;16,49
582,145;16,6
582,39;16,7
582,635;16,8
582,88;16,91
583,125;17,01
583,37;17,12
583,615;17,21
583,86;17,31
584,105;17,42
584,349;17,53
584,594;17,63
584,839;17,75
585,084;17,85
585,328;17,97
585,573;18,07
585,818;18,19
586,063;18,29
586,307;18,39
586,552;18,49
586,797;18,6
587,041;18,69
587,286;18,8
587,53;18,89
587,775;18,98
588,019;19,08
588,264;19,17
588,508;19,27
588,753;19,37
588,997;19,48
589,242;19,6
589,486;19,7
589,731;19,83
589,975;19,95
590,22;20,09
590,464;20,22
590,708;20,35
590,953;20,46
591,197;20,59
591,441;20,72
591,685;20,84
591,93;20,96
592,174;21,1
592,418;21,21
592,662;21,35
592,907;21,48
593,151;21,6
593,395;21,71
593,639;21,83
593,883;21,94
594,127;22,06
594,371;22,15
594,615;22,26
594,859;22,36
595,103;22,47
595,347;22,58
595,591;22,69
595,835;22,81
596,079;22,94
596,323;23,06
596,567;23,17
596,811;23,29
597,055;23,41
597,299;23,52
597,542;23,65
597,786;23,77
598,03;23,89
598,274;24
598,518;24,13
598,761;24,26
599,005;24,37
599,249;24,49
599,492;24,62
599,736;24,74
599,98;24,87
600,223;25
600,467;25,12
600,711;25,24
600,954;25,37
601,198;25,49
601,441;25,6
601,685;25,72
601,928;25,85
602,172;25,97
602,415;26,08
602,659;26,21
602,902;26,33
603,145;26,44
603,389;26,58
603,632;26,69
603,876;26,81
604,119;26,94
604,362;27,06
604,606;27,16
604,849;27,28
605,092;27,38
605,335;27,49
605,579;27,59
605,822;27,69
606,065;27,79
606,308;27,91
606,551;28,03
606,794;28,14
607,037;28,25
607,281;28,36
607,524;28,48
607,767;28,58
608,01;28,69
608,253;28,81
608,496;28,91
608,739;29,03
608,982;29,12
609,225;29,23
609,468;29,35
609,711;29,47
609,953;29,58
610,196;29,71
610,439;29,82
610,682;29,94
610,925;30,05
611,168;30,17
611,41;30,28
611,653;30,4
611,896;30,5
612,139;30,61
612,381;30,72
612,624;30,85
612,867;30,97
613,109;31,09
613,352;31,19
613,595;31,29
613,837;31,39
614,08;31,51
614,322;31,61
614,565;31,72
614,807;31,81
615,05;31,93
615,292;32,03
615,535;32,13
615,777;32,23
616,02;32,35
616,262;32,45
616,505;32,56
616,747;32,65
616,989;32,77
617,232;32,88
617,474;32,99
617,716;33,09
617,959;33,19
618,201;33,29
618,443;33,41
618,685;33,51
618,927;33,63
619,17;33,74
619,412;33,84
619,654;33,95
619,896;34,06
620,138;34,18
620,38;34,29
620,622;34,4
620,864;34,52
621,107;34,62
621,349;34,7
621,591;34,8
621,833;34,93
622,075;35,02
622,316;35,13
622,558;35,24
622,8;35,34
623,042;35,45
623,284;35,54
623,526;35,64
623,768;35,75
624,01;35,84
624,251;35,94
624,493;36,04
624,735;36,13
624,977;36,22
625,218;36,31
625,46;36,4
625,702;36,5
625,943;36,59
626,185;36,69
626,427;36,81
626,668;36,92
626,91;37,01
627,152;37,1
627,393;37,19
627,635;37,27
627,876;37,36
628,118;37,46
628,359;37,57
628,601;37,66
628,842;37,75
629,084;37,84
629,325;37,93
629,566;38,03
629,808;38,13
630,049;38,22
630,29;38,31
630,532;38,41
630,773;38,49
631,014;38,59
631,256;38,67
631,497;38,75
631,738;38,83
631,979;38,93
632,22;39,02
632,462;39,12
632,703;39,2
632,944;39,29
633,185;39,36
633,426;39,46
633,667;39,56
633,908;39,65
634,149;39,74
634,39;39,81
634,631;39,88
634,872;39,96
635,113;40,06
635,354;40,14
635,595;40,21
635,836;40,3
636,077;40,36
636,318;40,46
636,559;40,53
636,8;40,62
637,04;40,71
637,281;40,8
637,522;40,88
637,763;40,97
638,003;41,06
638,244;41,16
638,485;41,25
638,726;41,32
638,966;41,4
639,207;41,49
639,448;41,6
639,688;41,71
639,929;41,8
640,169;41,89
640,41;41,98
640,65;42,07
640,891;42,16
641,131;42,26
641,372;42,34
641,612;42,43
641,853;42,5
642,093;42,59
642,334;42,67
642,574;42,75
642,814;42,83
643,055;42,9
643,295;42,98
643,535;43,06
643,776;43,13
644,016;43,22
644,256;43,29
644,496;43,37
644,737;43,44
644,977;43,52
645,217;43,59
645,457;43,67
645,697;43,76
645,938;43,84
646,178;43,92
646,418;44
646,658;44,07
646,898;44,15
647,138;44,23
647,378;44,32
647,618;44,39
647,858;44,48
648,098;44,55
648,338;44,64
648,578;44,71
648,818;44,81
649,057;44,89
649,297;44,99
649,537;45,07
649,777;45,14
650,017;45,23
650,257;45,31
650,496;45,38
650,736;45,44
650,976;45,5
661,028;48,12
661,267;48,29
661,506;48,42
661,744;48,56
661,983;48,66
662,222;48,77
662,461;48,87
662,7;48,96
662,939;49,04
663,177;49,11
663,416;49,2
663,655;49,28
663,894;49,36
664,132;49,43
664,371;49,51
664,61;49,59
664,848;49,67
665,087;49,73
665,326;49,81
665,564;49,88
665,803;49,93
666,041;49,99
666,28;50,06
666,518;50,15
666,757;50,22
666,995;50,3
667,234;50,37
667,472;50,44
667,711;50,52
667,949;50,6
668,187;50,68
668,426;50,76
668,664;50,84
668,902;50,91
669,141;50,99
669,379;51,05
669,617;51,16
669,856;51,24
670,094;51,32
670,332;51,38
670,57;51,47
670,808;51,55
671,046;51,65
671,285;51,72
671,523;51,77
671,761;51,85
671,999;51,9
672,237;51,97
672,475;52,05
672,713;52,11
672,951;52,17
673,189;52,24
673,427;52,31
673,665;52,36
673,903;52,43
674,141;52,5
674,379;52,58
674,617;52,63
674,854;52,7
675,092;52,78
675,33;52,86
675,568;52,93
675,806;53,02
676,043;53,08
676,281;53,17
676,519;53,25
676,756;53,32
676,994;53,41
677,232;53,49
677,469;53,56
677,707;53,64
677,945;53,74
678,182;53,8
678,42;53,87
678,657;53,94
678,895;54,01
679,132;54,09
679,37;54,14
679,607;54,22
679,845;54,28
680,082;54,36
680,32;54,44
680,557;54,51
680,794;54,56
681,032;54,64
681,269;54,7
681,507;54,79
681,744;54,86
681,981;54,91
682,218;54,97
682,456;55,03
682,693;55,1
682,93;55,16
683,167;55,24
683,404;55,31
683,642;55,38
683,879;55,45
684,116;55,52
684,353;55,61
684,59;55,66
684,827;55,71
685,064;55,77
685,301;55,83
685,538;55,9
685,775;55,95
686,012;56
686,249;56,07
686,486;56,11
686,723;56,18
686,96;56,25
687,197;56,32
687,433;56,38
687,67;56,41
687,907;56,48
688,144;56,54
688,381;56,6
688,617;56,67
688,854;56,73
689,091;56,78
689,327;56,84
689,564;56,9
689,801;56,98
690,037;57,05
690,274;57,11
690,511;57,17
690,747;57,26
690,984;57,34
691,22;57,38
691,457;57,46
691,693;57,52
691,93;57,58
692,166;57,65
692,403;57,72
692,639;57,78
692,876;57,85
693,112;57,91
693,348;57,97
693,585;58,04
693,821;58,13
694,057;58,21
694,294;58,3
694,53;58,36
694,766;58,4
695,002;58,45
695,239;58,51
695,475;58,58
695,711;58,64
695,947;58,68
696,183;58,77
696,419;58,81
696,656;58,89
696,892;58,97
697,128;59,02
697,364;59,08
697,6;59,16
697,836;59,22
698,072;59,28
698,308;59,36
698,544;59,43
698,78;59,48
699,016;59,54
699,251;59,58
699,487;59,66
699,723;59,73
699,959;59,82
700,195;59,89
700,431;59,94
700,666;60,01
700,902;60,1
701,138;60,15
701,374;60,21
701,609;60,26
701,845;60,32
702,081;60,39
702,316;60,45
702,552;60,51
702,788;60,58
703,023;60,64
703,259;60,69
703,494;60,72
703,73;60,78
703,965;60,83
704,201;60,89
704,436;60,95
704,672;61,02
704,907;61,07
705,143;61,14
705,378;61,2
705,613;61,24
705,849;61,28
706,084;61,34
706,319;61,38
706,555;61,45
706,79;61,48
707,025;61,55
707,26;61,62
707,496;61,66
707,731;61,71
707,966;61,77
708,201;61,84
708,436;61,91
708,671;61,97
708,907;62,02
709,142;62,07
709,377;62,14
709,612;62,18
709,847;62,21
710,082;62,26
710,317;62,3
710,552;62,36
710,787;62,43
711,022;62,49
711,257;62,56
711,492;62,59
711,726;62,67
711,961;62,71
712,196;62,76
712,431;62,84
712,666;62,89
712,901;62,92
713,135;62,94
713,37;62,98
713,605;63,02
713,839;63,09
714,074;63,13
714,309;63,17
714,543;63,22
714,778;63,3
715,013;63,36
715,247;63,4
715,482;63,46
715,716;63,5
715,951;63,56
716,185;63,62
716,42;63,68
716,654;63,74
716,889;63,8
717,123;63,85
717,358;63,88
717,592;63,93
717,827;64
718,061;64,07
718,295;64,11
718,53;64,18
718,764;64,23
718,998;64,28
719,232;64,33
719,467;64,36
719,701;64,4
719,935;64,45
720,169;64,5
720,403;64,52
720,638;64,6
720,872;64,64
721,106;64,69
721,34;64,72
721,574;64,77
721,808;64,81
722,042;64,85
722,276;64,88
722,51;64,92
722,744;64,97
722,978;65,03
723,212;65,09
723,446;65,12
723,68;65,18
723,914;65,23
724,147;65,27
724,381;65,32
724,615;65,35
724,849;65,4
725,083;65,46
725,316;65,53
725,55;65,56
725,784;65,6
726,018;65,64
726,251;65,7
726,485;65,75
726,719;65,78
726,952;65,83
727,186;65,88
727,419;65,94
727,653;65,99
727,887;66,01
728,12;66,05
728,354;66,09
728,587;66,13
728,821;66,17
729,054;66,21
729,287;66,26
729,521;66,32
729,754;66,35
729,988;66,38
730,221;66,41
730,454;66,46
730,688;66,48
730,921;66,5
731,154;66,51
731,387;66,57
731,621;66,62
731,854;66,64
732,087;66,7
732,32;66,71
732,553;66,73
732,787;66,77
733,02;66,82
733,253;66,88
733,486;66,9
733,719;66,95
733,952;66,99
734,185;67,02
734,418;67,06
734,651;67,09
734,884;67,11
735,117;67,16
735,35;67,2
735,583;67,25
735,816;67,3
736,049;67,36
736,281;67,37
736,514;67,42
736,747;67,46
736,98;67,47
737,213;67,53
737,445;67,56
737,678;67,58
737,911;67,61
738,144;67,62
738,376;67,66
738,609;67,68
738,842;67,72
739,074;67,75
739,307;67,77
739,539;67,79
739,772;67,82
740,004;67,85
740,237;67,88
740,469;67,89
740,702;67,91
740,934;67,92
741,167;67,97
741,399;67,97
741,632;68,03
741,864;68,07
742,096;68,09
742,329;68,13
742,561;68,2
742,793;68,24
743,026;68,29
743,258;68,31
743,49;68,37
743,723;68,42
743,955;68,46
744,187;68,51
744,419;68,55
744,651;68,6
744,883;68,65
745,115;68,7
745,348;68,72
745,58;68,78
745,812;68,82
746,044;68,86
746,276;68,92
746,508;68,92
746,74;68,98
746,972;69,03
747,204;69,07
747,436;69,08
747,667;69,12
747,899;69,14
748,131;69,19
748,363;69,19
748,595;69,2
748,827;69,24
749,058;69,24
749,29;69,28
749,522;69,32
749,754;69,32
749,985;69,35
750,217;69,39
750,449;69,43
750,68;69,45
750,912;69,48
751,144;69,52
751,375;69,54
751,607;69,57
751,838;69,6
752,07;69,61
752,301;69,65
752,533;69,68
752,764;69,73
752,996;69,76
753,227;69,78
753,459;69,81
753,69;69,84
753,921;69,9
754,153;69,92
754,384;69,98
754,615;70,04
754,847;70,07
755,078;70,1
755,309;70,1
755,54;70,1
755,772;70,1
756,003;70,13
756,234;70,16
756,465;70,18
756,696;70,2
756,927;70,24
757,159;70,26
757,39;70,29
757,621;70,32
757,852;70,33
758,083;70,38
758,314;70,42
758,545;70,45
758,776;70,46
759,007;70,5
759,238;70,49
759,469;70,51
759,699;70,54
759,93;70,57
760,161;70,63
760,392;70,68
760,623;70,73
760,854;70,75
761,084;70,81
761,315;70,84
761,546;70,89
761,776;70,9
762,007;70,95
762,238;70,96
762,468;70,98
762,699;71,03
762,93;71,07
763,16;71,09
763,391;71,12
763,621;71,15
763,852;71,17
764,083;71,2
764,313;71,22
764,543;71,22
764,774;71,27
765,004;71,27
765,235;71,3
765,465;71,34
765,696;71,37
765,926;71,39
766,156;71,4
766,387;71,44
766,617;71,48
766,847;71,52
767,077;71,57
767,308;71,61
767,538;71,63
767,768;71,64
767,998;71,69
768,228;71,71
768,459;71,77
768,689;71,79
768,919;71,85
769,149;71,88
769,379;71,92
769,609;71,93
769,839;71,98
770,069;72,04
770,299;72,06
770,529;72,09
770,759;72,13
770,989;72,17
771,219;72,18
771,449;72,2
771,678;72,24
771,908;72,26
772,138;72,28
772,368;72,33
772,598;72,37
772,827;72,37
773,057;72,43
773,287;72,48
773,517;72,54
773,746;72,58
773,976;72,64
774,206;72,69
774,435;72,74
774,665;72,78
774,894;72,8
775,124;72,84
775,354;72,88
775,583;72,9
775,813;72,91
776,042;72,95
776,272;73
776,501;72,99
776,73;73,01
776,96;73,04
777,189;73,05
777,419;73,07
777,648;73,11
777,877;73,09
778,107;73,09
778,336;73,13
778,565;73,13
778,794;73,12
779,024;73,13
779,253;73,12
779,482;73,1
779,711;73,13
779,94;73,11
780,17;73,07
780,399;73,09
780,628;73,13
780,857;73,16
781,086;73,15
781,315;73,16
781,544;73,19
781,773;73,21
782,002;73,25
782,231;73,26
782,46;73,27
782,689;73,29
782,918;73,28
783,147;73,26
783,375;73,29
783,604;73,3
783,833;73,33
784,062;73,36
784,291;73,4
784,519;73,41
784,748;73,47
784,977;73,54
785,206;73,57
785,434;73,59
785,663;73,61
785,892;73,67
786,12;73,72
786,349;73,75
786,577;73,78
786,806;73,8
787,034;73,83
787,263;73,85
787,492;73,91
787,72;73,92
787,948;73,97
788,177;73,96
788,405;73,99
788,634;74,04
788,862;74,05
789,09;74,07
789,319;74,09
789,547;74,13
789,775;74,13
790,004;74,14
790,232;74,15
790,46;74,14
790,688;74,18
790,917;74,19
791,145;74,21
791,373;74,22
791,601;74,21
791,829;74,19
792,057;74,24
792,286;74,24
792,514;74,28
792,742;74,29
792,97;74,31
793,198;74,31
793,426;74,27
793,654;74,3
793,882;74,3
794,109;74,29
794,337;74,29
794,565;74,31
794,793;74,33
795,021;74,34
795,249;74,42
795,477;74,39
795,704;74,42
795,932;74,42
796,16;74,46
796,388;74,5
796,615;74,54
796,843;74,58
797,071;74,6
797,298;74,63
797,526;74,66
797,754;74,7
797,981;74,73
798,209;74,76
798,436;74,77
798,664;74,84
798,891;74,89
799,119;74,93
799,346;74,95
799,574;74,95
799,801;74,97
800,029;74,94
800,256;74,96
800,483;74,97
800,711;74,98
800,938;74,99
801,165;75,01
801,393;75,03
801,62;74,99
801,847;74,99
802,074;74,96
802,302;74,98
802,529;75
802,756;75,03
802,983;75,1
803,21;75,13
803,437;75,09
803,665;75,11
803,892;75,08
804,119;75,12
804,346;75,14
804,573;75,17
804,8;75,18
805,027;75,18
805,254;75,21
805,481;75,2
805,708;75,23
805,934;75,22
806,161;75,25
806,388;75,28
806,615;75,32
806,842;75,33
807,069;75,33
807,295;75,33
807,522;75,34
807,749;75,3
807,976;75,29
808,202;75,31
808,429;75,31
808,656;75,31
808,882;75,3
809,109;75,32
809,335;75,31
809,562;75,34
809,789;75,37
810,015;75,4
810,242;75,46
810,468;75,44
810,695;75,45
810,921;75,42
811,147;75,45
811,374;75,49
811,6;75,55
811,827;75,56
812,053;75,58
812,279;75,57
812,506;75,6
812,732;75,63
812,958;75,66
813,185;75,69
813,411;75,73
813,637;75,71
813,863;75,72
814,089;75,77
814,315;75,8
814,542;75,81
814,768;75,8
814,994;75,81
815,22;75,81
815,446;75,87
815,672;75,89
815,898;75,91
816,124;75,9
816,35;75,88
816,576;75,89
816,802;75,95
817,028;76
817,254;76,03
817,48;76,04
817,705;76,06
817,931;76,08
818,157;76,1
818,383;76,15
818,609;76,18
818,834;76,16
819,06;76,17
819,286;76,15
819,512;76,16
819,737;76,14
819,963;76,16
820,189;76,17
820,414;76,21
820,64;76,18
820,865;76,2
821,091;76,24
821,316;76,24
821,542;76,21
821,767;76,18
821,993;76,2
822,218;76,17
822,444;76,2
822,669;76,23
822,895;76,25
823,12;76,26
823,345;76,26
823,571;76,26
823,796;76,3
824,021;76,38
824,247;76,38
824,472;76,39
824,697;76,43
824,922;76,43
825,147;76,4
825,373;76,44
825,598;76,43
825,823;76,39
826,048;76,42
826,273;76,41
826,498;76,45
826,723;76,42
826,948;76,46
827,173;76,42
827,398;76,37
827,623;76,33
827,848;76,33
828,073;76,36
828,298;76,41
828,523;76,35
828,748;76,29
828,973;76,35
829,197;76,38
829,422;76,36
829,647;76,37
829,872;76,45
830,097;76,44
830,321;76,47
830,546;76,52
830,771;76,54
830,995;76,57
831,22;76,57
831,445;76,59
831,669;76,59
831,894;76,6
832,118;76,64
832,343;76,67
832,567;76,69
832,792;76,69
833,016;76,68
833,241;76,72
833,465;76,75
833,69;76,73
833,914;76,69
834,139;76,73
834,363;76,67
834,587;76,63
834,812;76,67
835,036;76,64
835,26;76,62
835,485;76,57
835,709;76,57
835,933;76,57
836,157;76,6
836,381;76,6
836,606;76,63
836,83;76,63
837,054;76,63
837,278;76,66
837,502;76,65
837,726;76,65
837,95;76,6
838,174;76,58
838,398;76,55
838,622;76,58
838,846;76,58
839,07;76,61
839,294;76,63
839,518;76,6
839,742;76,62
839,966;76,65
840,189;76,7
840,413;76,68
840,637;76,69
840,861;76,66
841,085;76,65
841,308;76,66
841,532;76,64
841,756;76,67
841,979;76,62
842,203;76,63
842,427;76,6
842,65;76,64
842,874;76,71
843,098;76,75
843,321;76,74
843,545;76,81
843,768;76,82
843,992;76,79
844,215;76,76
844,439;76,81
844,662;76,81
844,886;76,83
845,109;76,86
845,332;76,85
845,556;76,84
845,779;76,89
846,002;76,86
846,226;76,84
846,449;76,83
846,672;76,9
846,895;76,92
847,119;76,92
847,342;76,89
847,565;76,92
847,788;76,91
848,011;76,93
848,234;76,94
848,457;76,94
848,681;76,98
848,904;77,05
849,127;77,02
849,35;77,03
849,573;77,05
849,796;77,06
850,019;77,06
850,241;77,08
850,464;77,11
850,687;77,1
850,91;77,15
851,133;77,13
851,356;77,12
851,579;77,14
851,801;77,14
852,024;77,16
852,247;77,09
852,47;77,07
852,692;77,04
852,915;77,01
853,138;76,98
853,36;76,99
853,583;76,94
853,806;76,94
854,028;76,9
854,251;76,85
854,473;76,87
854,696;76,87
854,918;76,91
855,141;76,89
855,363;76,97
855,586;76,96
855,808;76,99
856,031;76,98
856,253;76,96
856,475;77,01
856,698;76,99
856,92;76,96
857,142;77
857,365;77,02
857,587;76,97
857,809;77,04
858,031;77,03
858,253;77,03
858,476;77
858,698;77,06
858,92;77,09
859,142;77,07
859,364;77,06
859,586;77,07
859,808;77,05
860,03;76,99
860,252;77,02
860,474;77,04
860,696;77,05
860,918;77
861,14;76,97
861,362;77,04
861,584;77,09
861,806;77,1
862,028;77,1
862,25;77,19
862,471;77,2
862,693;77,21
862,915;77,19
863,137;77,24
863,358;77,21
863,58;77,21
863,802;77,22
864,024;77,19
864,245;77,12
864,467;77,11
864,688;77,17
864,91;77,16
865,132;77,12
865,353;77,08
865,575;77,18
865,796;77,22
866,018;77,14
866,239;77,16
866,461;77,17
866,682;77,12
866,903;77,07
867,125;77,02
867,346;77,02
867,567;77,03
867,789;77
868,01;77,01
868,231;77
868,453;76,96
868,674;76,99
868,895;77,02
869,116;77,04
869,337;76,98
869,559;76,97
869,78;76,96
870,001;76,97
870,222;76,92
870,443;76,91
870,664;76,97
870,885;76,94
871,106;76,95
871,327;76,99
871,548;76,96
871,769;76,97
871,99;76,96
872,211;76,99
872,432;76,99
872,653;76,95
872,874;77,01
873,094;77,09
873,315;77,13
873,536;77,09
873,757;77,03
873,978;77,06
874,198;77,04
874,419;77,04
874,64;77,01
874,86;76,97
875,081;77
875,302;76,99
875,522;76,99
875,743;77,01
875,963;77,02
876,184;76,97
876,404;76,92
876,625;76,86
876,845;76,92
877,066;76,93
877,286;77,02
877,507;76,97
877,727;76,93
877,947;76,88
878,168;76,96
878,388;77,02
878,609;76,97
878,829;76,95
879,049;76,95
879,269;76,98
879,49;76,91
879,71;76,84
879,93;76,82
880,15;76,8
880,37;76,75
880,59;76,74
880,811;76,79
881,031;76,84
881,251;76,93
881,471;76,85
881,691;76,86
881,911;76,81
882,131;76,8
882,351;76,75
882,571;76,74
882,791;76,66
883,011;76,61
883,23;76,66
883,45;76,68
883,67;76,65
883,89;76,66
884,11;76,75
884,33;76,75
884,549;76,78
884,769;76,86
884,989;76,87
885,209;76,78
885,428;76,81
885,648;76,77
885,868;76,77
886,087;76,86
886,307;76,84
886,526;76,79
886,746;76,82
886,965;76,86
887,185;76,9
887,404;76,93
887,624;76,98
887,843;76,96
888,063;77,04
888,282;77,12
888,502;77,1
888,721;77,1
888,94;77,16
889,16;77,18
889,379;77,05
889,598;77,06
889,818;77,16
890,037;77,14
890,256;77,18
890,475;77,11
890,694;77,06
890,914;77,11
891,133;77,2
891,352;77,19
891,571;77,22
891,79;77,22
892,009;77,24
892,228;77,2
892,447;77,22
892,666;77,14
892,885;77,08
893,104;77,15
893,323;77,22
893,542;77,12
893,761;77,08
893,98;77,15
894,199;77,15
894,417;77,14
894,636;77,17
894,855;77,14
895,074;77,18
895,293;77,16
895,511;77,16
895,73;77,12
895,949;77,08
896,167;77,05
896,386;77
896,605;77,04
896,823;77,14
897,042;77,13
897,26;77,12
897,479;77,2
897,697;77,12
897,916;77,07
898,134;77,12
898,353;77,14
898,571;77,18
898,79;77,17
899,008;77,19
899,227;77,13
899,445;77,14
899,663;77,14
899,882;77,15
900,1;77,08
900,318;77,03
900,536;77,09
900,755;77,15
900,973;77,16
901,191;77,08
901,409;77,11
901,627;77,11
901,846;77,15
902,064;77,12
902,282;77,1
902,5;77,07
902,718;77,11
902,936;77,11
903,154;77,04
903,372;77,12
903,59;77,12
903,808;77,13
904,026;77,19
904,244;77,19
904,462;77,26
904,679;77,37
904,897;77,43
905,115;77,42
905,333;77,35
905,551;77,41
905,768;77,44
905,986;77,32
906,204;77,27
906,422;77,32
906,639;77,28
906,857;77,32
907,074;77,31
907,292;77,23
907,51;77,28
907,727;77,29
907,945;77,23
908,162;77,27
908,38;77,24
908,597;77,23
908,815;77,31
909,032;77,31
909,25;77,2
909,467;77,22
909,684;77,27
909,902;77,27
910,119;77,3
910,337;77,28
910,554;77,29
910,771;77,33
910,988;77,33
911,206;77,36
911,423;77,38
911,64;77,41
911,857;77,53
912,074;77,48
912,291;77,41
912,509;77,42
912,726;77,36
912,943;77,44
913,16;77,3
913,377;77,27
913,594;77,18
913,811;77,19
914,028;77,2
914,245;77,15
914,462;77,15
914,679;77,13
914,896;77,24
915,112;77,34
915,329;77,32
915,546;77,27
915,763;77,27
915,98;77,22
916,196;77,17
916,413;77,11
916,63;77,12
916,847;77,14
917,063;77,11
917,28;77,08
917,497;77,17
917,713;77,25
917,93;77,19
918,146;77,15
918,363;77,17
918,579;77,09
918,796;77,13
919,012;77,1
919,229;77,03
919,445;76,91
919,662;76,81
919,878;76,85
920,095;76,82
920,311;76,81
920,527;76,88
920,744;76,98
920,96;76,98
921,176;77,01
921,392;77,04
921,609;77,09
921,825;77,12
922,041;77,08
922,257;77,15
922,473;77,21
922,69;77,29
922,906;77,25
923,122;77,3
923,338;77,26
923,554;77,26
923,77;77,27
923,986;77,34
924,202;77,4
924,418;77,41
924,634;77,5
924,85;77,49
925,066;77,48
925,282;77,36
925,497;77,4
925,713;77,45
925,929;77,5
926,145;77,52
926,361;77,49
926,576;77,54
926,792;77,52
927,008;77,51
927,224;77,5
927,439;77,56
927,655;77,49
927,871;77,52
928,086;77,54
928,302;77,63
928,517;77,65
928,733;77,63
928,948;77,63
929,164;77,6
929,379;77,64
929,595;77,67
929,81;77,79
930,026;77,78
930,241;77,77
930,456;77,74
930,672;77,72
930,887;77,72
931,102;77,64
931,318;77,57
931,533;77,49
931,748;77,46
931,964;77,45
932,179;77,44
932,394;77,48
932,609;77,47
932,824;77,32
933,039;77,22
933,255;77,26
933,47;77,28
933,685;77,2
933,9;77,13
934,115;77,13
934,33;77,04
934,545;76,99
934,76;76,91
934,975;76,88
935,19;76,87
935,404;76,92
935,619;76,88
935,834;77,01
936,049;77,1
936,264;77,11
936,479;77,11
936,693;77,21
936,908;77,23
937,123;77,48
937,338;77,6
937,552;77,69
937,767;77,64
937,982;77,59
938,196;77,79
938,411;78,02
938,625;77,92
938,84;77,94
939,055;77,93
939,269;78,11
939,484;78,23
939,698;78,37
939,912;78,41
940,127;78,66
940,341;78,65
940,556;78,76
940,77;78,8
940,984;78,81
941,199;78,8
941,413;78,85
941,627;78,59
941,842;78,62
942,056;78,89
942,27;79
942,484;78,93
942,699;79,14
942,913;78,94
943,127;78,99
943,341;79,16
943,555;79,56
943,769;79,46
943,983;79,56
944,197;79,19
944,411;79,22
944,625;79,15
944,839;78,99
945,053;78,88
945,267;78,93
945,481;79,12
945,695;79,47
945,909;79,21
946,123;79,22
946,336;79,18
946,55;78,98
946,764;79,2
946,978;79,26
947,192;79,12
947,405;79,31
947,619;79,67
947,833;79,77
948,046;79,74
948,26;79,64
948,474;79,2
948,687;79,28
948,901;79,35
949,114;79,32
949,328;79,41
949,541;79,7
949,755;79,77
949,968;79,48
950,182;79,43
950,395;79,6
950,609;79,52
950,822;79,78
951,035;79,61
951,249;79,55
951,462;79,6
951,675;79,37
951,889;79,08
952,102;78,96
952,315;78,91
952,528;78,88
952,741;79,08
952,955;79,47
953,168;79,59
953,381;79,82
953,594;79,66
953,807;79,59
954,02;79,45
954,233;79,43
954,446;79,75
954,659;79,62
954,872;79,54
955,085;79,5
955,298;79,27
955,511;79,51
955,724;79,37
955,937;79,43
956,15;79,57
956,362;79,59
956,575;79,56
956,788;79,54
957,001;79,46
957,214;79,51
957,426;79,7
957,639;79,75
957,852;79,68
958,064;79,76
958,277;79,82
958,49;79,9
958,702;79,93
958,915;79,69
959,127;79,73
959,34;79,61
959,552;79,82
959,765;79,94
959,977;80,16
960,19;80,18
960,402;80,08
960,615;80,04
960,827;79,94
961,039;80,07
961,252;80
961,464;79,56
961,676;79,35
961,889;79,14
962,101;78,94
962,313;78,65
962,525;78,65
962,738;78,48
962,95;78,59
963,162;78,82
963,374;78,8
963,586;78,79
963,798;78,97
964,01;78,82
964,222;78,86
964,434;78,43
964,646;78,41
964,858;78,4
965,07;78,42
965,282;78,46
965,494;78,27
965,706;78,58
965,918;78,85
966,13;79,08
966,342;79,2
966,553;79,22
966,765;79,21
966,977;79,15
967,189;79,54
967,401;79,48
967,612;79,21
967,824;79,36
968,036;79,52
968,247;79,47
968,459;79,5
968,67;79,26
968,882;79,24
969,094;79,29
969,305;79,34
969,517;79,49
969,728;79,78
969,94;79,79
970,151;79,75
970,362;79,84
970,574;79,76
970,785;79,84
970,997;79,85
971,208;80,12
971,419;80,06
971,631;79,88
971,842;79,78
972,053;79,85
972,264;79,89
972,476;79,63
972,687;79,6
972,898;79,52
973,109;79,88
973,32;80,05
973,531;80,06
973,742;80,16
973,954;80,12
974,165;80,1
974,376;80,06
974,587;79,83
974,798;79,9
975,009;80,2
975,22;79,92
975,43;80,27
975,641;80,25
975,852;80,51
976,063;80,53
976,274;80,6
976,485;80,35
976,695;80,41
976,906;80,38
977,117;80,46
977,328;80,65
977,538;80,27
977,749;80,4
977,96;80,43
978,17;80,55
978,381;80,58
978,592;80,76
978,802;80,97
979,013;81,04
979,223;80,95
979,434;80,77
979,644;80,93
979,855;80,86
980,065;80,84
980,276;80,79
980,486;80,99
980,696;80,92
980,907;81,3
981,117;81,19
981,327;81,56
981,538;81,53
981,748;81,56
981,958;81,75
982,169;81,66
982,379;81,97
982,589;81,85
982,799;81,88
983,009;81,57
983,219;81,68
983,43;81,71
983,64;82,11
983,85;82,17
984,06;82,35
984,27;82,33
984,48;82,39
984,69;82,63
984,9;82,42
985,11;82,34
985,32;82,26
985,529;82,18
985,739;82,03
985,949;82
986,159;81,75
986,369;81,64
986,579;81,52
986,788;81,26
986,998;81,39
987,208;80,96
987,417;81,04
987,627;80,94
987,837;80,9
988,046;80,62
988,256;80,72
988,466;80,03
988,675;79,88
988,885;79,9
989,094;79,52
989,304;79,45
989,513;79,82
989,723;80,1
989,932;80,39
990,142;80,53
990,351;80,6
990,56;80,96
990,77;80,76
990,979;80,92
991,188;80,81
991,398;80,81
991,607;81,14
991,816;81,18
992,025;80,88
992,235;81,07
992,444;81,09
992,653;80,84
992,862;81,57
993,071;81,41
993,28;81,02
993,489;81,51
993,698;81,85
993,908;81,72
994,117;81,38
994,326;81,41
994,534;81,4
994,743;81,31
994,952;81,39
995,161;81,81
995,37;82
995,579;82,31
995,788;82,38
995,997;82,43
996,205;82,15
996,414;82,41
996,623;82,23
996,832;82,52
997,04;82,19
997,249;81,94
997,458;82,16
997,666;82,89
997,875;82,28
998,084;82,36
998,292;82,39
998,501;82,38
998,709;81,97
998,918;81,82
999,126;82,03
999,335;82,02
999,543;82,09
999,752;82,06
999,96;81,86
1000,169;81,84
1000,377;81,58
1000,585;82,11
1000,794;82,41
1001,002;82,53
1001,21;82,57
1001,418;83,06
1001,627;82,89
1001,835;83,39
1002,043;83,26
1002,251;84,19
1002,459;84,1
1002,668;83,83
1002,876;84,01
1003,084;84,27
1003,292;83,94
1003,5;83,89
1003,708;84,02
1003,916;83,92
1004,124;83,86
1004,332;84,26
1004,54;84,46
1004,748;84,41
1004,956;83,69
1005,163;83,1
1005,371;83,08
1005,579;82,49
1005,787;82,1
1005,995;82,78
1006,202;82,47
1006,41;82,19
1006,618;81,25
1006,826;81,16
1007,033;81,22
1007,241;81,69
1007,449;81,65
1007,656;81,9
1007,864;82,44
1008,071;82,15
1008,279;82,1
1008,486;82,47
1008,694;81,69
1008,901;81,51
1009,109;82,12
1009,316;82,99
1009,524;83,55
1009,731;83,55
1009,938;83,21
1010,146;84,09
1010,353;83,82
1010,56;83,51
1010,768;83,05
1010,975;83,72
1011,182;84,14
1011,389;84,48
1011,597;83,5
1011,804;83,84
1012,011;83,9
1012,218;83,24
1012,425;83,12
1012,632;83,79
1012,839;83,03
1013,046;83,32
1013,253;83,36
1013,46;83,2
1013,667;82,83
1013,874;82,24
1014,081;82,64
1014,288;83,39
1014,495;82,76
1014,702;82,66
1014,909;82,8
1015,116;82,89
1015,323;83,39
1015,529;83,03
1015,736;82,36
1015,943;82,55
1016,15;82,57
1016,356;82,52
1016,563;82,62
1016,77;82,76
1016,976;82,63
1017,183;83,3
1017,389;83,36
1017,596;83,04
1017,803;83,38
1018,009;83,6
1018,216;83,91
1018,422;83,85
1018,629;83,8
1018,835;84,01
1019,041;83,74
1019,248;84,2
1019,454;85,06
1019,661;84,82
1019,867;84,8
1020,073;84,93
1020,279;85,54
1020,486;85,26
1020,692;85,34
1020,898;85,12
1021,104;85,28
1021,311;85,03
1021,517;84,6
1021,723;85,53
1021,929;86,02
1022,135;86,37
1022,341;86,38
1022,547;86,82
1022,753;86,74
1022,959;87,15
1023,165;86,34
1023,371;86
1023,577;85,89
1023,783;84,89
1023,989;84,14
1024,195;84,03
1024,401;84,79
1024,607;85,14
1024,812;85,62
1025,018;84,47
1025,224;85,07
1025,43;84,59
1025,635;85,64
1025,841;86,64
1026,047;86,38
1026,252;85,68
1026,458;85,6
1026,664;85,72
1026,869;85,79
1027,075;85,67
1027,28;85,96
1027,486;86,52
1027,691;87,69
1027,897;87,47
1028,102;88,35
1028,308;88,22
1028,513;88,96
1028,719;88,93
1028,924;87,89
1029,129;86,79
1029,335;88,08
1029,54;88,5
1029,745;88,91
1029,95;87,08
1030,156;86,43
1030,361;85,95
1030,566;87,22
1030,771;86,55
1030,976;86,56
1031,182;85,8
1031,387;86,15
1031,592;85,64
1031,797;86,54
1032,002;85,19
1032,207;85,6
1032,412;85,47
1032,617;85,37
1032,822;84,95
1033,027;85,42
1033,232;85,99
1033,437;86,86
1033,642;87,15
1033,846;85,81
1034,051;85,39
1034,256;86,27
1034,461;85,47
1034,666;85,8
1034,87;85,6
1035,075;86,04
1035,28;85,26
1035,484;85,63
1035,689;85,34
1035,894;85,42
1036,098;84,97
1036,303;86,23
1036,507;86,17
1036,712;86,86
1036,917;87,77
1037,121;87,38
1037,325;86,13
1037,53;86,25
1037,734;86,85
1037,939;87,51
1038,143;88,29
1038,348;89,08
1038,552;88,77
1038,756;89,54
1038,961;88,71
1039,165;88,42
1039,369;88,91
1039,573;89,73
1039,778;90,05
1039,982;91,54
1040,186;91,7
1040,39;92,69
1040,594;91,35
1040,798;90,55
1041,002;89,65
1041,206;89,56
1041,41;89,79
1041,614;90,07
1041,818;90,9
1042,022;89,49
1042,226;88,75
1042,43;87,42
1042,634;87,65
1042,838;88,28
1043,042;89,27
1043,246;89,45
1043,45;88,78
1043,653;87,51
1043,857;87,73
1044,061;87,6
1044,265;86,01
1044,468;84,83
1044,672;84,19
1044,876;86,24
1045,079;86,55
1045,283;85,62
1045,487;83,61
1045,69;84,23
1045,894;83,94
1046,097;83,16
1046,301;82,38
1046,504;81,78
1046,708;83,7
1046,911;84,16
1047,115;83,33
1047,318;82,25
1047,522;83,59
1047,725;83,59
1047,928;83,35
1048,132;83,8
1048,335;84,04
1048,538;85,02
1048,741;84,99
1048,945;85,05
1049,148;84,6
1049,351;86,07
1049,554;86,95
1049,757;88,13
1049,96;87,46
1050,163;88,52
1050,367;87,84
1050,57;91,6
1050,773;91,6
1050,976;89,53
1051,179;90,23
1051,382;91,98
1051,585;93,33
1051,787;91,26
1051,99;94,25
1052,193;94,44
1052,396;94,88
1052,599;95,25
1052,802;93,44
1053,005;93,78
1053,207;95,25
1053,41;93,54
1053,613;92,49
1053,815;93,07
1054,018;93,28
1054,221;93,33
1054,423;93,62
1054,626;94,53
1054,829;92,81
1055,031;93,77
1055,234;97,12
1055,436;94,96
1055,639;92,71
1055,841;91,46
1056,044;93,39
1056,246;88,79
